# INSERT INTO AK_POSITION (ID, LAT, LON)
# VALUES (1, 45.4750572, 9.1748737);
# INSERT INTO AK_POSITION (ID, LAT, LON)
# VALUES (2, 45.4748338, 9.1746082);
# INSERT INTO AK_POSITION (ID, LAT, LON)
# VALUES (3, 45.5748338, 9.1746082);

INSERT INTO kofify.AK_POSITION (ID, LAT, LON, CREATED_AT, UPDATED_AT)
VALUES (1, 45.4750572, 9.1748737, '2019-07-26 17:36:30.480000000', '2019-07-26 17:36:30.480000000');
INSERT INTO kofify.AK_POSITION (ID, LAT, LON, CREATED_AT, UPDATED_AT)
VALUES (2, 45.4748338, 9.1746082, '2019-07-26 17:36:30.481000000', '2019-07-26 17:36:30.481000000');
INSERT INTO kofify.AK_POSITION (ID, LAT, LON, CREATED_AT, UPDATED_AT)
VALUES (3, 45.5748338, 9.1746082, '2019-07-26 17:36:30.482000000', '2019-07-26 17:36:30.482000000');
INSERT INTO kofify.AK_POSITION (ID, LAT, LON, CREATED_AT, UPDATED_AT)
VALUES (4, 45.49160387992778, 9.123895088375654, '2019-07-26 19:36:46.368000000', '2019-07-26 19:36:46.368000000');
INSERT INTO kofify.AK_POSITION (ID, LAT, LON, CREATED_AT, UPDATED_AT)
VALUES (5, 45.5227435265248, 9.254657760917869, '2019-07-26 19:36:47.388000000', '2019-07-26 19:36:47.388000000');
INSERT INTO kofify.AK_POSITION (ID, LAT, LON, CREATED_AT, UPDATED_AT)
VALUES (6, 45.43790705657849, 9.267163115654201, '2019-07-26 19:36:48.304000000', '2019-07-26 19:36:48.304000000');
INSERT INTO kofify.AK_POSITION (ID, LAT, LON, CREATED_AT, UPDATED_AT)
VALUES (7, 45.4514822385278, 9.12894781440191, '2019-07-26 19:36:49.382000000', '2019-07-26 19:36:49.382000000');
INSERT INTO kofify.AK_POSITION (ID, LAT, LON, CREATED_AT, UPDATED_AT)
VALUES (8, 45.40756990432219, 9.154316849512206, '2019-07-26 19:36:50.333000000', '2019-07-26 19:36:50.333000000');
INSERT INTO kofify.AK_POSITION (ID, LAT, LON, CREATED_AT, UPDATED_AT)
VALUES (9, 45.550352895337795, 9.143455885342783, '2019-07-26 19:36:51.198000000', '2019-07-26 19:36:51.198000000');
INSERT INTO kofify.AK_POSITION (ID, LAT, LON, CREATED_AT, UPDATED_AT)
VALUES (10, 45.41745864586893, 9.234909039633322, '2019-07-26 19:36:52.108000000', '2019-07-26 19:36:52.108000000');
INSERT INTO kofify.AK_POSITION (ID, LAT, LON, CREATED_AT, UPDATED_AT)
VALUES (11, 45.47458921010358, 9.202326546143619, '2019-07-26 19:36:52.995000000', '2019-07-26 19:36:52.995000000');
INSERT INTO kofify.AK_POSITION (ID, LAT, LON, CREATED_AT, UPDATED_AT)
VALUES (12, 45.53360995473795, 9.198903582942199, '2019-07-26 19:36:53.940000000', '2019-07-26 19:36:53.940000000');
INSERT INTO kofify.AK_POSITION (ID, LAT, LON, CREATED_AT, UPDATED_AT)
VALUES (13, 45.54727968416057, 9.135692307980765, '2019-07-26 19:36:54.877000000', '2019-07-26 19:36:54.877000000');
INSERT INTO kofify.AK_POSITION (ID, LAT, LON, CREATED_AT, UPDATED_AT)
VALUES (14, 45.53416152341744, 9.167101114326233, '2019-07-26 19:36:55.720000000', '2019-07-26 19:36:55.720000000');
INSERT INTO kofify.AK_POSITION (ID, LAT, LON, CREATED_AT, UPDATED_AT)
VALUES (15, 45.55357927157245, 9.165276730346969, '2019-07-26 19:36:56.692000000', '2019-07-26 19:36:56.692000000');
INSERT INTO kofify.AK_POSITION (ID, LAT, LON, CREATED_AT, UPDATED_AT)
VALUES (16, 45.51939597606908, 9.175325742503697, '2019-07-26 19:36:57.569000000', '2019-07-26 19:36:57.569000000');
INSERT INTO kofify.AK_POSITION (ID, LAT, LON, CREATED_AT, UPDATED_AT)
VALUES (17, 45.438526287061684, 9.139893006407917, '2019-07-26 19:36:58.506000000', '2019-07-26 19:36:58.506000000');
INSERT INTO kofify.AK_POSITION (ID, LAT, LON, CREATED_AT, UPDATED_AT)
VALUES (18, 45.52736986868967, 9.141682256621717, '2019-07-26 19:36:59.377000000', '2019-07-26 19:36:59.377000000');
INSERT INTO kofify.AK_POSITION (ID, LAT, LON, CREATED_AT, UPDATED_AT)
VALUES (19, 45.45626374383603, 9.127781594396613, '2019-07-26 19:37:00.301000000', '2019-07-26 19:37:00.301000000');
INSERT INTO kofify.AK_POSITION (ID, LAT, LON, CREATED_AT, UPDATED_AT)
VALUES (20, 45.39243721755089, 9.166321538261236, '2019-07-26 19:37:01.212000000', '2019-07-26 19:37:01.212000000');
INSERT INTO kofify.AK_POSITION (ID, LAT, LON, CREATED_AT, UPDATED_AT)
VALUES (21, 45.537402978473104, 9.170672474897362, '2019-07-26 19:37:02.053000000', '2019-07-26 19:37:02.054000000');
INSERT INTO kofify.AK_POSITION (ID, LAT, LON, CREATED_AT, UPDATED_AT)
VALUES (22, 45.562821271403806, 9.195047206334683, '2019-07-26 19:37:02.934000000', '2019-07-26 19:37:02.934000000');
INSERT INTO kofify.AK_POSITION (ID, LAT, LON, CREATED_AT, UPDATED_AT)
VALUES (23, 45.42610915268094, 9.125745211563421, '2019-07-26 19:37:03.801000000', '2019-07-26 19:37:03.801000000');
INSERT INTO kofify.AK_POSITION (ID, LAT, LON, CREATED_AT, UPDATED_AT)
VALUES (24, 45.50086070298406, 9.204435353152935, '2019-07-26 19:37:04.637000000', '2019-07-26 19:37:04.637000000');
INSERT INTO kofify.AK_POSITION (ID, LAT, LON, CREATED_AT, UPDATED_AT)
VALUES (25, 45.49805488332205, 9.13418751535492, '2019-07-26 19:37:05.592000000', '2019-07-26 19:37:05.592000000');
INSERT INTO kofify.AK_POSITION (ID, LAT, LON, CREATED_AT, UPDATED_AT)
VALUES (26, 45.46643160624561, 9.13706200835746, '2019-07-26 19:37:06.652000000', '2019-07-26 19:37:06.652000000');
INSERT INTO kofify.AK_POSITION (ID, LAT, LON, CREATED_AT, UPDATED_AT)
VALUES (27, 45.4790907524186, 9.17609101197803, '2019-07-26 19:37:07.775000000', '2019-07-26 19:37:07.775000000');
INSERT INTO kofify.AK_POSITION (ID, LAT, LON, CREATED_AT, UPDATED_AT)
VALUES (28, 45.486634715949485, 9.262034413185729, '2019-07-26 19:37:09.752000000', '2019-07-26 19:37:09.752000000');
INSERT INTO kofify.AK_POSITION (ID, LAT, LON, CREATED_AT, UPDATED_AT)
VALUES (29, 45.4186399120134, 9.236549531117968, '2019-07-26 19:37:10.609000000', '2019-07-26 19:37:10.609000000');
INSERT INTO kofify.AK_POSITION (ID, LAT, LON, CREATED_AT, UPDATED_AT)
VALUES (30, 45.54751072020492, 9.20317812337115, '2019-07-26 19:37:11.482000000', '2019-07-26 19:37:11.482000000');
INSERT INTO kofify.AK_POSITION (ID, LAT, LON, CREATED_AT, UPDATED_AT)
VALUES (31, 45.47409596470022, 9.150232247429981, '2019-07-26 19:37:12.335000000', '2019-07-26 19:37:12.335000000');
INSERT INTO kofify.AK_POSITION (ID, LAT, LON, CREATED_AT, UPDATED_AT)
VALUES (32, 45.41963960090951, 9.169569031300012, '2019-07-26 19:37:13.159000000', '2019-07-26 19:37:13.159000000');
INSERT INTO kofify.AK_POSITION (ID, LAT, LON, CREATED_AT, UPDATED_AT)
VALUES (33, 45.518243554157976, 9.24491512334274, '2019-07-26 19:37:14.028000000', '2019-07-26 19:37:14.028000000');
INSERT INTO kofify.AK_POSITION (ID, LAT, LON, CREATED_AT, UPDATED_AT)
VALUES (34, 45.48159498050133, 9.221272150907192, '2019-07-26 19:37:14.908000000', '2019-07-26 19:37:14.908000000');
INSERT INTO kofify.AK_POSITION (ID, LAT, LON, CREATED_AT, UPDATED_AT)
VALUES (35, 45.55308000636201, 9.20786188851421, '2019-07-26 19:37:15.839000000', '2019-07-26 19:37:15.839000000');
INSERT INTO kofify.AK_POSITION (ID, LAT, LON, CREATED_AT, UPDATED_AT)
VALUES (36, 45.47844150798991, 9.183615222332174, '2019-07-26 19:37:16.692000000', '2019-07-26 19:37:16.692000000');
INSERT INTO kofify.AK_POSITION (ID, LAT, LON, CREATED_AT, UPDATED_AT)
VALUES (37, 45.53048487893, 9.173613215927709, '2019-07-26 19:37:17.523000000', '2019-07-26 19:37:17.523000000');
INSERT INTO kofify.AK_POSITION (ID, LAT, LON, CREATED_AT, UPDATED_AT)
VALUES (38, 45.393280355086056, 9.197216921098612, '2019-07-26 19:37:18.466000000', '2019-07-26 19:37:18.466000000');
INSERT INTO kofify.AK_POSITION (ID, LAT, LON, CREATED_AT, UPDATED_AT)
VALUES (39, 45.42054114081191, 9.17754553658441, '2019-07-26 19:37:19.342000000', '2019-07-26 19:37:19.342000000');
INSERT INTO kofify.AK_POSITION (ID, LAT, LON, CREATED_AT, UPDATED_AT)
VALUES (40, 45.53929401189911, 9.222033058911707, '2019-07-26 19:37:20.269000000', '2019-07-26 19:37:20.269000000');
INSERT INTO kofify.AK_POSITION (ID, LAT, LON, CREATED_AT, UPDATED_AT)
VALUES (41, 45.43324612200722, 9.111456456751805, '2019-07-26 19:37:21.210000000', '2019-07-26 19:37:21.210000000');
INSERT INTO kofify.AK_POSITION (ID, LAT, LON, CREATED_AT, UPDATED_AT)
VALUES (42, 45.52976897090483, 9.116081160425692, '2019-07-26 19:37:22.119000000', '2019-07-26 19:37:22.119000000');
INSERT INTO kofify.AK_POSITION (ID, LAT, LON, CREATED_AT, UPDATED_AT)
VALUES (43, 45.48483787185759, 9.203737293526116, '2019-07-26 19:37:23.041000000', '2019-07-26 19:37:23.041000000');
INSERT INTO kofify.AK_POSITION (ID, LAT, LON, CREATED_AT, UPDATED_AT)
VALUES (44, 45.48988956770183, 9.204585739454297, '2019-07-26 19:37:23.911000000', '2019-07-26 19:37:23.911000000');
INSERT INTO kofify.AK_POSITION (ID, LAT, LON, CREATED_AT, UPDATED_AT)
VALUES (45, 45.50441859214246, 9.206398177330705, '2019-07-26 19:37:24.792000000', '2019-07-26 19:37:24.792000000');
INSERT INTO kofify.AK_POSITION (ID, LAT, LON, CREATED_AT, UPDATED_AT)
VALUES (46, 45.42368554846637, 9.186025236698674, '2019-07-26 19:37:26.292000000', '2019-07-26 19:37:26.292000000');
INSERT INTO kofify.AK_POSITION (ID, LAT, LON, CREATED_AT, UPDATED_AT)
VALUES (47, 45.4529811346265, 9.235300449400045, '2019-07-26 19:37:27.382000000', '2019-07-26 19:37:27.382000000');
INSERT INTO kofify.AK_POSITION (ID, LAT, LON, CREATED_AT, UPDATED_AT)
VALUES (48, 45.50716392985657, 9.118770208051238, '2019-07-26 19:37:28.687000000', '2019-07-26 19:37:28.687000000');
INSERT INTO kofify.AK_POSITION (ID, LAT, LON, CREATED_AT, UPDATED_AT)
VALUES (49, 45.486009933690056, 9.204052269445773, '2019-07-26 19:37:31.323000000', '2019-07-26 19:37:31.323000000');
INSERT INTO kofify.AK_POSITION (ID, LAT, LON, CREATED_AT, UPDATED_AT)
VALUES (50, 45.501751813146164, 9.265382912442305, '2019-07-26 19:37:32.156000000', '2019-07-26 19:37:32.156000000');
INSERT INTO kofify.AK_POSITION (ID, LAT, LON, CREATED_AT, UPDATED_AT)
VALUES (51, 45.52709909361794, 9.142093025611537, '2019-07-26 19:37:32.953000000', '2019-07-26 19:37:32.953000000');
INSERT INTO kofify.AK_POSITION (ID, LAT, LON, CREATED_AT, UPDATED_AT)
VALUES (52, 45.47395219123664, 9.248784218003388, '2019-07-26 19:37:33.762000000', '2019-07-26 19:37:33.762000000');
INSERT INTO kofify.AK_POSITION (ID, LAT, LON, CREATED_AT, UPDATED_AT)
VALUES (53, 45.47300314385826, 9.258971540938912, '2019-07-26 19:37:34.645000000', '2019-07-26 19:37:34.645000000');
INSERT INTO kofify.AK_POSITION (ID, LAT, LON, CREATED_AT, UPDATED_AT)
VALUES (54, 45.49656875321143, 9.189168790763055, '2019-07-26 19:37:35.632000000', '2019-07-26 19:37:35.632000000');
INSERT INTO kofify.AK_POSITION (ID, LAT, LON, CREATED_AT, UPDATED_AT)
VALUES (55, 45.47701221534112, 9.099390005343068, '2019-07-26 19:37:36.475000000', '2019-07-26 19:37:36.475000000');
INSERT INTO kofify.AK_POSITION (ID, LAT, LON, CREATED_AT, UPDATED_AT)
VALUES (56, 45.4685698180763, 9.263797404178884, '2019-07-26 19:37:37.412000000', '2019-07-26 19:37:37.412000000');
INSERT INTO kofify.AK_POSITION (ID, LAT, LON, CREATED_AT, UPDATED_AT)
VALUES (57, 45.51753399649292, 9.204000042971117, '2019-07-26 19:37:38.381000000', '2019-07-26 19:37:38.381000000');
INSERT INTO kofify.AK_POSITION (ID, LAT, LON, CREATED_AT, UPDATED_AT)
VALUES (58, 45.484826431523274, 9.122104134046841, '2019-07-26 19:37:39.199000000', '2019-07-26 19:37:39.199000000');
INSERT INTO kofify.AK_POSITION (ID, LAT, LON, CREATED_AT, UPDATED_AT)
VALUES (59, 45.48752088584797, 9.229715059983576, '2019-07-26 19:37:40.004000000', '2019-07-26 19:37:40.004000000');
INSERT INTO kofify.AK_POSITION (ID, LAT, LON, CREATED_AT, UPDATED_AT)
VALUES (60, 45.450469816763736, 9.194931684012337, '2019-07-26 19:37:40.804000000', '2019-07-26 19:37:40.804000000');
INSERT INTO kofify.AK_POSITION (ID, LAT, LON, CREATED_AT, UPDATED_AT)
VALUES (61, 45.49952075735971, 9.13154790647523, '2019-07-26 19:37:41.626000000', '2019-07-26 19:37:41.626000000');
INSERT INTO kofify.AK_POSITION (ID, LAT, LON, CREATED_AT, UPDATED_AT)
VALUES (62, 45.49021913245719, 9.124606792917996, '2019-07-26 19:37:42.454000000', '2019-07-26 19:37:42.454000000');
INSERT INTO kofify.AK_POSITION (ID, LAT, LON, CREATED_AT, UPDATED_AT)
VALUES (63, 45.42599619868883, 9.128639621085584, '2019-07-26 19:37:43.320000000', '2019-07-26 19:37:43.320000000');
INSERT INTO kofify.AK_POSITION (ID, LAT, LON, CREATED_AT, UPDATED_AT)
VALUES (64, 45.42581651630755, 9.257867981126871, '2019-07-26 19:37:44.166000000', '2019-07-26 19:37:44.166000000');
INSERT INTO kofify.AK_POSITION (ID, LAT, LON, CREATED_AT, UPDATED_AT)
VALUES (65, 45.465615807852956, 9.251692680162858, '2019-07-26 19:37:45.011000000', '2019-07-26 19:37:45.011000000');
INSERT INTO kofify.AK_POSITION (ID, LAT, LON, CREATED_AT, UPDATED_AT)
VALUES (66, 45.530385292643075, 9.157709246736209, '2019-07-26 19:37:45.819000000', '2019-07-26 19:37:45.819000000');
INSERT INTO kofify.AK_POSITION (ID, LAT, LON, CREATED_AT, UPDATED_AT)
VALUES (67, 45.54316424777732, 9.192415280623528, '2019-07-26 19:37:46.681000000', '2019-07-26 19:37:46.681000000');
INSERT INTO kofify.AK_POSITION (ID, LAT, LON, CREATED_AT, UPDATED_AT)
VALUES (68, 45.51728241292162, 9.11674774502764, '2019-07-26 19:37:47.525000000', '2019-07-26 19:37:47.525000000');
INSERT INTO kofify.AK_POSITION (ID, LAT, LON, CREATED_AT, UPDATED_AT)
VALUES (69, 45.53400077099224, 9.210431099352244, '2019-07-26 19:37:48.350000000', '2019-07-26 19:37:48.350000000');
INSERT INTO kofify.AK_POSITION (ID, LAT, LON, CREATED_AT, UPDATED_AT)
VALUES (70, 45.43349964462343, 9.25257327691657, '2019-07-26 19:37:49.253000000', '2019-07-26 19:37:49.253000000');
INSERT INTO kofify.AK_POSITION (ID, LAT, LON, CREATED_AT, UPDATED_AT)
VALUES (71, 45.45426385240469, 9.181656626043702, '2019-07-26 19:37:50.123000000', '2019-07-26 19:37:50.123000000');
INSERT INTO kofify.AK_POSITION (ID, LAT, LON, CREATED_AT, UPDATED_AT)
VALUES (72, 45.518873158157824, 9.14401884718797, '2019-07-26 19:37:50.960000000', '2019-07-26 19:37:50.960000000');
INSERT INTO kofify.AK_POSITION (ID, LAT, LON, CREATED_AT, UPDATED_AT)
VALUES (73, 45.54857564727346, 9.191184829290867, '2019-07-26 19:37:51.826000000', '2019-07-26 19:37:51.826000000');
INSERT INTO kofify.AK_POSITION (ID, LAT, LON, CREATED_AT, UPDATED_AT)
VALUES (74, 45.422223358264226, 9.243143427429999, '2019-07-26 19:37:52.760000000', '2019-07-26 19:37:52.760000000');
INSERT INTO kofify.AK_POSITION (ID, LAT, LON, CREATED_AT, UPDATED_AT)
VALUES (75, 45.50862397591722, 9.175102063930249, '2019-07-26 19:37:53.770000000', '2019-07-26 19:37:53.770000000');
INSERT INTO kofify.AK_POSITION (ID, LAT, LON, CREATED_AT, UPDATED_AT)
VALUES (76, 45.49193989448731, 9.248891525014242, '2019-07-26 19:37:54.923000000', '2019-07-26 19:37:54.923000000');
INSERT INTO kofify.AK_POSITION (ID, LAT, LON, CREATED_AT, UPDATED_AT)
VALUES (77, 45.522564043595935, 9.139946323949701, '2019-07-26 19:37:56.088000000', '2019-07-26 19:37:56.088000000');
INSERT INTO kofify.AK_POSITION (ID, LAT, LON, CREATED_AT, UPDATED_AT)
VALUES (78, 45.39789219156574, 9.13897232218784, '2019-07-26 19:37:56.969000000', '2019-07-26 19:37:56.969000000');
INSERT INTO kofify.AK_POSITION (ID, LAT, LON, CREATED_AT, UPDATED_AT)
VALUES (79, 45.447709442177114, 9.115001972064405, '2019-07-26 19:37:57.819000000', '2019-07-26 19:37:57.819000000');
INSERT INTO kofify.AK_POSITION (ID, LAT, LON, CREATED_AT, UPDATED_AT)
VALUES (80, 45.51569313380211, 9.213119161382696, '2019-07-26 19:37:58.693000000', '2019-07-26 19:37:58.693000000');
INSERT INTO kofify.AK_POSITION (ID, LAT, LON, CREATED_AT, UPDATED_AT)
VALUES (81, 45.532898842227475, 9.184821613547072, '2019-07-26 19:37:59.560000000', '2019-07-26 19:37:59.560000000');
INSERT INTO kofify.AK_POSITION (ID, LAT, LON, CREATED_AT, UPDATED_AT)
VALUES (82, 45.49862022098861, 9.157744623366689, '2019-07-26 19:38:00.457000000', '2019-07-26 19:38:00.457000000');
INSERT INTO kofify.AK_POSITION (ID, LAT, LON, CREATED_AT, UPDATED_AT)
VALUES (83, 45.445097972877065, 9.113407500132526, '2019-07-26 19:38:01.334000000', '2019-07-26 19:38:01.334000000');
INSERT INTO kofify.AK_POSITION (ID, LAT, LON, CREATED_AT, UPDATED_AT)
VALUES (84, 45.51082896417719, 9.179784139082289, '2019-07-26 19:38:02.185000000', '2019-07-26 19:38:02.185000000');
INSERT INTO kofify.AK_POSITION (ID, LAT, LON, CREATED_AT, UPDATED_AT)
VALUES (85, 45.38392471168002, 9.172450811194858, '2019-07-26 19:38:02.988000000', '2019-07-26 19:38:02.988000000');
INSERT INTO kofify.AK_POSITION (ID, LAT, LON, CREATED_AT, UPDATED_AT)
VALUES (86, 45.4450968006204, 9.17782413391092, '2019-07-26 19:38:03.763000000', '2019-07-26 19:38:03.763000000');
INSERT INTO kofify.AK_POSITION (ID, LAT, LON, CREATED_AT, UPDATED_AT)
VALUES (87, 45.46665710158078, 9.239390163758484, '2019-07-26 19:38:04.581000000', '2019-07-26 19:38:04.581000000');
INSERT INTO kofify.AK_POSITION (ID, LAT, LON, CREATED_AT, UPDATED_AT)
VALUES (88, 45.48781190713287, 9.206320841051802, '2019-07-26 19:38:05.386000000', '2019-07-26 19:38:05.386000000');
INSERT INTO kofify.AK_POSITION (ID, LAT, LON, CREATED_AT, UPDATED_AT)
VALUES (89, 45.52107416692925, 9.212595994600072, '2019-07-26 19:38:06.198000000', '2019-07-26 19:38:06.198000000');
INSERT INTO kofify.AK_POSITION (ID, LAT, LON, CREATED_AT, UPDATED_AT)
VALUES (90, 45.42726604181188, 9.209207381149461, '2019-07-26 19:38:07.005000000', '2019-07-26 19:38:07.005000000');
INSERT INTO kofify.AK_POSITION (ID, LAT, LON, CREATED_AT, UPDATED_AT)
VALUES (91, 45.41500198650281, 9.236322238836747, '2019-07-26 19:38:07.852000000', '2019-07-26 19:38:07.852000000');
INSERT INTO kofify.AK_POSITION (ID, LAT, LON, CREATED_AT, UPDATED_AT)
VALUES (92, 45.54465543019988, 9.168616158764815, '2019-07-26 19:38:08.642000000', '2019-07-26 19:38:08.642000000');
INSERT INTO kofify.AK_POSITION (ID, LAT, LON, CREATED_AT, UPDATED_AT)
VALUES (93, 45.39344824919296, 9.188271123088978, '2019-07-26 19:38:09.441000000', '2019-07-26 19:38:09.441000000');
INSERT INTO kofify.AK_POSITION (ID, LAT, LON, CREATED_AT, UPDATED_AT)
VALUES (94, 45.529155044715615, 9.128647862612572, '2019-07-26 19:38:10.250000000', '2019-07-26 19:38:10.250000000');
INSERT INTO kofify.AK_POSITION (ID, LAT, LON, CREATED_AT, UPDATED_AT)
VALUES (95, 45.43246593029721, 9.180394083687638, '2019-07-26 19:38:11.379000000', '2019-07-26 19:38:11.379000000');
INSERT INTO kofify.AK_POSITION (ID, LAT, LON, CREATED_AT, UPDATED_AT)
VALUES (96, 45.478262919115906, 9.168669285854463, '2019-07-26 19:38:12.170000000', '2019-07-26 19:38:12.170000000');
INSERT INTO kofify.AK_POSITION (ID, LAT, LON, CREATED_AT, UPDATED_AT)
VALUES (97, 45.446679560641066, 9.26860970974524, '2019-07-26 19:38:12.949000000', '2019-07-26 19:38:12.949000000');
INSERT INTO kofify.AK_POSITION (ID, LAT, LON, CREATED_AT, UPDATED_AT)
VALUES (98, 45.450942590586, 9.113462774760327, '2019-07-26 19:38:13.725000000', '2019-07-26 19:38:13.725000000');
INSERT INTO kofify.AK_POSITION (ID, LAT, LON, CREATED_AT, UPDATED_AT)
VALUES (99, 45.527906948176216, 9.154691375666214, '2019-07-26 19:38:14.528000000', '2019-07-26 19:38:14.528000000');
INSERT INTO kofify.AK_POSITION (ID, LAT, LON, CREATED_AT, UPDATED_AT)
VALUES (100, 45.53402980427166, 9.13058424457898, '2019-07-26 19:38:15.334000000', '2019-07-26 19:38:15.334000000');
INSERT INTO kofify.AK_POSITION (ID, LAT, LON, CREATED_AT, UPDATED_AT)
VALUES (101, 45.5178227190473, 9.171602836981599, '2019-07-26 19:38:16.136000000', '2019-07-26 19:38:16.136000000');
INSERT INTO kofify.AK_POSITION (ID, LAT, LON, CREATED_AT, UPDATED_AT)
VALUES (102, 45.48992083748742, 9.173564807267269, '2019-07-26 19:38:16.910000000', '2019-07-26 19:38:16.910000000');
INSERT INTO kofify.AK_POSITION (ID, LAT, LON, CREATED_AT, UPDATED_AT)
VALUES (103, 45.506542596948556, 9.218015861530453, '2019-07-26 19:38:17.772000000', '2019-07-26 19:38:17.772000000');

#
# INSERT INTO AK_USER (ID, POSITION_ID, EMAIL, PASSWORD_HASH, FIRST_NAME, LAST_NAME, BIRTHDAY)
# VALUES (1, 1, 'email1@email.com', /*password*/'$2a$08$EfoMXblxEFhBxSCOxI/bju0G4oVwGgtCig6INKKOJbchvNw5XhoTW',
#         'FirstName 1', 'LastName 1', '2007-06-18');
# INSERT INTO AK_USER (ID, POSITION_ID, EMAIL, PASSWORD_HASH, FIRST_NAME, LAST_NAME, BIRTHDAY)
# VALUES (2, 2, 'email2@email.com', /*password*/'$2a$08$EfoMXblxEFhBxSCOxI/bju0G4oVwGgtCig6INKKOJbchvNw5XhoTW',
#         'FirstName 2', 'LastName 2', '2009-06-18');
# INSERT INTO AK_USER (ID, POSITION_ID, EMAIL, PASSWORD_HASH, FIRST_NAME, LAST_NAME, BIRTHDAY)
# VALUES (3, 3, 'email3@email.com', /*password*/'$2a$08$EfoMXblxEFhBxSCOxI/bju0G4oVwGgtCig6INKKOJbchvNw5XhoTW',
#         'FirstName 3', 'LastName 3', '2010-06-18');

INSERT INTO kofify.AK_USER (ID, FIRST_NAME, LAST_NAME, EMAIL, PASSWORD_HASH, IMG_URL, BIRTHDAY, BIO, GENDER, CREATED_AT,
                            UPDATED_AT, ACCOUNT_EXPIRED, ACCOUNT_LOCKED, CREDENTIALS_EXPIRED, ENABLED, POSITION_ID,
                            PUSH_ID, LAST_SEEN)
VALUES (1, 'FirstName 1', 'LastName 1', 'email1@email.com',
        '$2a$08$EfoMXblxEFhBxSCOxI/bju0G4oVwGgtCig6INKKOJbchvNw5XhoTW', null, '2007-06-18', null, null,
        '2019-07-26 17:36:30.482000000', '2019-07-26 17:36:30.482000000', false, false, false, true, 1, null,
        '2019-07-26 17:36:30.482000000');
INSERT INTO kofify.AK_USER (ID, FIRST_NAME, LAST_NAME, EMAIL, PASSWORD_HASH, IMG_URL, BIRTHDAY, BIO, GENDER, CREATED_AT,
                            UPDATED_AT, ACCOUNT_EXPIRED, ACCOUNT_LOCKED, CREDENTIALS_EXPIRED, ENABLED, POSITION_ID,
                            PUSH_ID, LAST_SEEN)
VALUES (2, 'FirstName 2', 'LastName 2', 'email2@email.com',
        '$2a$08$EfoMXblxEFhBxSCOxI/bju0G4oVwGgtCig6INKKOJbchvNw5XhoTW', null, '2009-06-18', null, null,
        '2019-07-26 17:36:30.483000000', '2019-07-26 17:36:30.483000000', false, false, false, true, 2, null,
        '2019-07-26 17:36:30.483000000');
INSERT INTO kofify.AK_USER (ID, FIRST_NAME, LAST_NAME, EMAIL, PASSWORD_HASH, IMG_URL, BIRTHDAY, BIO, GENDER, CREATED_AT,
                            UPDATED_AT, ACCOUNT_EXPIRED, ACCOUNT_LOCKED, CREDENTIALS_EXPIRED, ENABLED, POSITION_ID,
                            PUSH_ID, LAST_SEEN)
VALUES (3, 'FirstName 3', 'LastName 3', 'email3@email.com',
        '$2a$08$EfoMXblxEFhBxSCOxI/bju0G4oVwGgtCig6INKKOJbchvNw5XhoTW', null, '2010-06-18', null, null,
        '2019-07-26 17:36:30.484000000', '2019-07-26 17:36:30.484000000', false, false, false, true, 3, null,
        '2019-07-26 17:36:30.484000000');
INSERT INTO kofify.AK_USER (ID, FIRST_NAME, LAST_NAME, EMAIL, PASSWORD_HASH, IMG_URL, BIRTHDAY, BIO, GENDER, CREATED_AT,
                            UPDATED_AT, ACCOUNT_EXPIRED, ACCOUNT_LOCKED, CREDENTIALS_EXPIRED, ENABLED, POSITION_ID,
                            PUSH_ID, LAST_SEEN)
VALUES (4, 'Ilaria', 'Monti', 'ilaria.monti@email.com', '$2a$08$EfoMXblxEFhBxSCOxI/bju0G4oVwGgtCig6INKKOJbchvNw5XhoTW',
        'th_83105e98-8a29-4d99-848e-e443043b4ec5.jpg', '1989-10-31',
        'Tv guru. Introvert. Social media expert. Travel fan. Alcohol enthusiast. Twitter ninja.', 0,
        '2019-07-26 19:36:46.452000000', '2019-07-26 19:36:46.452000000', false, false, false, true, 4, null,
        '2019-07-26 19:36:46.435000000');
INSERT INTO kofify.AK_USER (ID, FIRST_NAME, LAST_NAME, EMAIL, PASSWORD_HASH, IMG_URL, BIRTHDAY, BIO, GENDER, CREATED_AT,
                            UPDATED_AT, ACCOUNT_EXPIRED, ACCOUNT_LOCKED, CREDENTIALS_EXPIRED, ENABLED, POSITION_ID,
                            PUSH_ID, LAST_SEEN)
VALUES (5, 'Jessica De', 'Luca', 'jessica de.luca@email.com',
        '$2a$08$EfoMXblxEFhBxSCOxI/bju0G4oVwGgtCig6INKKOJbchvNw5XhoTW', 'th_58cc76b7-22e1-49af-8523-ecc08378c88d.jpg',
        '1990-12-08',
        'General analyst. Music guru. Social mediaholic. Alcohol fan. Bacon geek. Pop culture lover. Explorer.', 0,
        '2019-07-26 19:36:47.394000000', '2019-07-26 19:36:47.394000000', false, false, false, true, 5, null,
        '2019-07-26 19:36:47.394000000');
INSERT INTO kofify.AK_USER (ID, FIRST_NAME, LAST_NAME, EMAIL, PASSWORD_HASH, IMG_URL, BIRTHDAY, BIO, GENDER, CREATED_AT,
                            UPDATED_AT, ACCOUNT_EXPIRED, ACCOUNT_LOCKED, CREDENTIALS_EXPIRED, ENABLED, POSITION_ID,
                            PUSH_ID, LAST_SEEN)
VALUES (6, 'Francesca', 'Barone', 'francesca.barone@email.com',
        '$2a$08$EfoMXblxEFhBxSCOxI/bju0G4oVwGgtCig6INKKOJbchvNw5XhoTW', 'th_10a9f943-eafb-42c3-88c9-9f6ce7afcbb9.jpg',
        '1992-04-20',
        'Bacon lover. Organizer. Unapologetic pop culture expert. Avid alcohol ninja. Travel enthusiast. Friendly gamer. Zombie junkie. Tv geek.',
        0, '2019-07-26 19:36:48.312000000', '2019-07-26 19:36:48.312000000', false, false, false, true, 6, null,
        '2019-07-26 19:36:48.310000000');
INSERT INTO kofify.AK_USER (ID, FIRST_NAME, LAST_NAME, EMAIL, PASSWORD_HASH, IMG_URL, BIRTHDAY, BIO, GENDER, CREATED_AT,
                            UPDATED_AT, ACCOUNT_EXPIRED, ACCOUNT_LOCKED, CREDENTIALS_EXPIRED, ENABLED, POSITION_ID,
                            PUSH_ID, LAST_SEEN)
VALUES (7, 'Giulia', 'Coppola', 'giulia.coppola@email.com',
        '$2a$08$EfoMXblxEFhBxSCOxI/bju0G4oVwGgtCig6INKKOJbchvNw5XhoTW', 'th_5db563d3-c055-4331-b6d2-e5085cd2e7f9.jpg',
        '1996-09-07',
        'Evil student. Lifelong introvert. Problem solver. Gamer. Food junkie. Freelance alcohol specialist. Incurable travel aficionado.',
        0, '2019-07-26 19:36:49.388000000', '2019-07-26 19:36:49.388000000', false, false, false, true, 7, null,
        '2019-07-26 19:36:49.386000000');
INSERT INTO kofify.AK_USER (ID, FIRST_NAME, LAST_NAME, EMAIL, PASSWORD_HASH, IMG_URL, BIRTHDAY, BIO, GENDER, CREATED_AT,
                            UPDATED_AT, ACCOUNT_EXPIRED, ACCOUNT_LOCKED, CREDENTIALS_EXPIRED, ENABLED, POSITION_ID,
                            PUSH_ID, LAST_SEEN)
VALUES (8, 'Nicole', 'Marino', 'nicole.marino@email.com',
        '$2a$08$EfoMXblxEFhBxSCOxI/bju0G4oVwGgtCig6INKKOJbchvNw5XhoTW', 'th_c871508e-ffb5-4649-9f3c-0c645c19b5b6.jpg',
        '1998-04-06',
        'Coffee ninja. Music junkie. Tv lover. Communicator. Devoted web scholar. Twitter fanatic. Entrepreneur.', 0,
        '2019-07-26 19:36:50.338000000', '2019-07-26 19:36:50.338000000', false, false, false, true, 8, null,
        '2019-07-26 19:36:50.337000000');
INSERT INTO kofify.AK_USER (ID, FIRST_NAME, LAST_NAME, EMAIL, PASSWORD_HASH, IMG_URL, BIRTHDAY, BIO, GENDER, CREATED_AT,
                            UPDATED_AT, ACCOUNT_EXPIRED, ACCOUNT_LOCKED, CREDENTIALS_EXPIRED, ENABLED, POSITION_ID,
                            PUSH_ID, LAST_SEEN)
VALUES (9, 'Valeria', 'Greco', 'valeria.greco@email.com',
        '$2a$08$EfoMXblxEFhBxSCOxI/bju0G4oVwGgtCig6INKKOJbchvNw5XhoTW', 'th_7e673b43-2229-481d-b05a-82e42e0767e5.jpg',
        '1996-12-15',
        'Analyst. Coffeeaholic. Creator. Unapologetic gamer. Web expert. Hipster-friendly travel fanatic. Organizer. Thinker.',
        0, '2019-07-26 19:36:51.208000000', '2019-07-26 19:36:51.208000000', false, false, false, true, 9, null,
        '2019-07-26 19:36:51.202000000');
INSERT INTO kofify.AK_USER (ID, FIRST_NAME, LAST_NAME, EMAIL, PASSWORD_HASH, IMG_URL, BIRTHDAY, BIO, GENDER, CREATED_AT,
                            UPDATED_AT, ACCOUNT_EXPIRED, ACCOUNT_LOCKED, CREDENTIALS_EXPIRED, ENABLED, POSITION_ID,
                            PUSH_ID, LAST_SEEN)
VALUES (10, 'Eleonora', 'Piras', 'eleonora.piras@email.com',
        '$2a$08$EfoMXblxEFhBxSCOxI/bju0G4oVwGgtCig6INKKOJbchvNw5XhoTW', 'th_8894b032-4b4b-490b-ace3-035716c59320.jpg',
        '1998-01-07',
        'Web practitioner. Hardcore problem solver. Troublemaker. Infuriatingly humble pop culture expert. Bacon maven. Amateur music scholar.',
        0, '2019-07-26 19:36:52.115000000', '2019-07-26 19:36:52.115000000', false, false, false, true, 10, null,
        '2019-07-26 19:36:52.112000000');
INSERT INTO kofify.AK_USER (ID, FIRST_NAME, LAST_NAME, EMAIL, PASSWORD_HASH, IMG_URL, BIRTHDAY, BIO, GENDER, CREATED_AT,
                            UPDATED_AT, ACCOUNT_EXPIRED, ACCOUNT_LOCKED, CREDENTIALS_EXPIRED, ENABLED, POSITION_ID,
                            PUSH_ID, LAST_SEEN)
VALUES (11, 'Cristina', 'Rinaldi', 'cristina.rinaldi@email.com',
        '$2a$08$EfoMXblxEFhBxSCOxI/bju0G4oVwGgtCig6INKKOJbchvNw5XhoTW', 'th_85708b2e-d33b-4a5b-8d3d-4ffd4510b70e.jpg',
        '1996-11-04',
        'Hipster-friendly writer. Certified organizer. Zombie practitioner. Tv trailblazer. Alcohol scholar.', 0,
        '2019-07-26 19:36:53.028000000', '2019-07-26 19:36:53.029000000', false, false, false, true, 11, null,
        '2019-07-26 19:36:53.027000000');
INSERT INTO kofify.AK_USER (ID, FIRST_NAME, LAST_NAME, EMAIL, PASSWORD_HASH, IMG_URL, BIRTHDAY, BIO, GENDER, CREATED_AT,
                            UPDATED_AT, ACCOUNT_EXPIRED, ACCOUNT_LOCKED, CREDENTIALS_EXPIRED, ENABLED, POSITION_ID,
                            PUSH_ID, LAST_SEEN)
VALUES (12, 'Giada', 'Milani', 'giada.milani@email.com', '$2a$08$EfoMXblxEFhBxSCOxI/bju0G4oVwGgtCig6INKKOJbchvNw5XhoTW',
        'th_66b5ef8b-2c19-49be-9ff6-4f47896d4770.jpg', '1994-08-30',
        'Coffee specialist. Subtly charming travel practitioner. Thinker. Communicator. Certified food ninja.', 0,
        '2019-07-26 19:36:53.944000000', '2019-07-26 19:36:53.944000000', false, false, false, true, 12, null,
        '2019-07-26 19:36:53.943000000');
INSERT INTO kofify.AK_USER (ID, FIRST_NAME, LAST_NAME, EMAIL, PASSWORD_HASH, IMG_URL, BIRTHDAY, BIO, GENDER, CREATED_AT,
                            UPDATED_AT, ACCOUNT_EXPIRED, ACCOUNT_LOCKED, CREDENTIALS_EXPIRED, ENABLED, POSITION_ID,
                            PUSH_ID, LAST_SEEN)
VALUES (13, 'Maria', 'Caruso', 'maria.caruso@email.com', '$2a$08$EfoMXblxEFhBxSCOxI/bju0G4oVwGgtCig6INKKOJbchvNw5XhoTW',
        'th_ae2ebed8-cc83-4f32-9d32-35b6ad12b32b.jpg', '1997-08-09',
        'Explorer. Alcohol junkie. Music nerd. Food specialist. Amateur web practitioner. Tv maven.', 0,
        '2019-07-26 19:36:54.882000000', '2019-07-26 19:36:54.882000000', false, false, false, true, 13, null,
        '2019-07-26 19:36:54.881000000');
INSERT INTO kofify.AK_USER (ID, FIRST_NAME, LAST_NAME, EMAIL, PASSWORD_HASH, IMG_URL, BIRTHDAY, BIO, GENDER, CREATED_AT,
                            UPDATED_AT, ACCOUNT_EXPIRED, ACCOUNT_LOCKED, CREDENTIALS_EXPIRED, ENABLED, POSITION_ID,
                            PUSH_ID, LAST_SEEN)
VALUES (14, 'Paola', 'Russo', 'paola.russo@email.com', '$2a$08$EfoMXblxEFhBxSCOxI/bju0G4oVwGgtCig6INKKOJbchvNw5XhoTW',
        'th_c076980f-9f53-4e70-aed2-3c73ca628b7d.jpg', '1998-02-08',
        'Twitter fanatic. Alcohol evangelist. Thinker. Introvert. Pop culture geek. Web ninja. Music junkie. Baconaholic. Writer.',
        0, '2019-07-26 19:36:55.724000000', '2019-07-26 19:36:55.724000000', false, false, false, true, 14, null,
        '2019-07-26 19:36:55.723000000');
INSERT INTO kofify.AK_USER (ID, FIRST_NAME, LAST_NAME, EMAIL, PASSWORD_HASH, IMG_URL, BIRTHDAY, BIO, GENDER, CREATED_AT,
                            UPDATED_AT, ACCOUNT_EXPIRED, ACCOUNT_LOCKED, CREDENTIALS_EXPIRED, ENABLED, POSITION_ID,
                            PUSH_ID, LAST_SEEN)
VALUES (15, 'Ilaria', 'Esposito', 'ilaria.esposito@email.com',
        '$2a$08$EfoMXblxEFhBxSCOxI/bju0G4oVwGgtCig6INKKOJbchvNw5XhoTW', 'th_788f13bb-d62e-4715-9433-23fab458af9a.jpg',
        '1989-10-19',
        'Total webaholic. Twitter maven. Certified food junkie. Alcohol fanatic. Music enthusiast. Pop culture specialist. Incurable organizer.',
        0, '2019-07-26 19:36:56.697000000', '2019-07-26 19:36:56.697000000', false, false, false, true, 15, null,
        '2019-07-26 19:36:56.696000000');
INSERT INTO kofify.AK_USER (ID, FIRST_NAME, LAST_NAME, EMAIL, PASSWORD_HASH, IMG_URL, BIRTHDAY, BIO, GENDER, CREATED_AT,
                            UPDATED_AT, ACCOUNT_EXPIRED, ACCOUNT_LOCKED, CREDENTIALS_EXPIRED, ENABLED, POSITION_ID,
                            PUSH_ID, LAST_SEEN)
VALUES (16, 'Erica', 'Ferrari', 'erica.ferrari@email.com',
        '$2a$08$EfoMXblxEFhBxSCOxI/bju0G4oVwGgtCig6INKKOJbchvNw5XhoTW', 'th_b18add39-d86e-4776-8f8a-89b5f6e4b7e9.jpg',
        '1989-05-30', 'Entrepreneur. Beer geek. Coffee fan. Infuriatingly humble creator. General twitter nerd. Gamer.',
        0, '2019-07-26 19:36:57.574000000', '2019-07-26 19:36:57.574000000', false, false, false, true, 16, null,
        '2019-07-26 19:36:57.573000000');
INSERT INTO kofify.AK_USER (ID, FIRST_NAME, LAST_NAME, EMAIL, PASSWORD_HASH, IMG_URL, BIRTHDAY, BIO, GENDER, CREATED_AT,
                            UPDATED_AT, ACCOUNT_EXPIRED, ACCOUNT_LOCKED, CREDENTIALS_EXPIRED, ENABLED, POSITION_ID,
                            PUSH_ID, LAST_SEEN)
VALUES (17, 'Caterina', 'Esposito', 'caterina.esposito@email.com',
        '$2a$08$EfoMXblxEFhBxSCOxI/bju0G4oVwGgtCig6INKKOJbchvNw5XhoTW', 'th_5a2b7e65-9c27-4181-a977-d606eb11b56a.jpg',
        '1994-07-08', 'Alcohol fan. Proud internet guru. Creator. Analyst. Thinker. Pop culture fanatic. Writer.', 0,
        '2019-07-26 19:36:58.511000000', '2019-07-26 19:36:58.511000000', false, false, false, true, 17, null,
        '2019-07-26 19:36:58.510000000');
INSERT INTO kofify.AK_USER (ID, FIRST_NAME, LAST_NAME, EMAIL, PASSWORD_HASH, IMG_URL, BIRTHDAY, BIO, GENDER, CREATED_AT,
                            UPDATED_AT, ACCOUNT_EXPIRED, ACCOUNT_LOCKED, CREDENTIALS_EXPIRED, ENABLED, POSITION_ID,
                            PUSH_ID, LAST_SEEN)
VALUES (18, 'Chiara', 'Gallo', 'chiara.gallo@email.com', '$2a$08$EfoMXblxEFhBxSCOxI/bju0G4oVwGgtCig6INKKOJbchvNw5XhoTW',
        'th_62e63f92-30d5-445f-a119-baec821e6c36.jpg', '1989-11-05',
        'Falls down a lot. Writer. Student. Music scholar. Explorer. Friendly internet fanatic. Analyst. Devoted creator. Twitter fan.',
        0, '2019-07-26 19:36:59.409000000', '2019-07-26 19:36:59.409000000', false, false, false, true, 18, null,
        '2019-07-26 19:36:59.408000000');
INSERT INTO kofify.AK_USER (ID, FIRST_NAME, LAST_NAME, EMAIL, PASSWORD_HASH, IMG_URL, BIRTHDAY, BIO, GENDER, CREATED_AT,
                            UPDATED_AT, ACCOUNT_EXPIRED, ACCOUNT_LOCKED, CREDENTIALS_EXPIRED, ENABLED, POSITION_ID,
                            PUSH_ID, LAST_SEEN)
VALUES (19, 'Erika', 'Sanna', 'erika.sanna@email.com', '$2a$08$EfoMXblxEFhBxSCOxI/bju0G4oVwGgtCig6INKKOJbchvNw5XhoTW',
        'th_e9af5e2d-6e6e-4a4a-b81d-420ee8ec9b8c.jpg', '1990-10-16',
        'Falls down a lot. Pop culture buff. Friendly beer ninja. Social media trailblazer. Twitter expert.', 0,
        '2019-07-26 19:37:00.313000000', '2019-07-26 19:37:00.313000000', false, false, false, true, 19, null,
        '2019-07-26 19:37:00.307000000');
INSERT INTO kofify.AK_USER (ID, FIRST_NAME, LAST_NAME, EMAIL, PASSWORD_HASH, IMG_URL, BIRTHDAY, BIO, GENDER, CREATED_AT,
                            UPDATED_AT, ACCOUNT_EXPIRED, ACCOUNT_LOCKED, CREDENTIALS_EXPIRED, ENABLED, POSITION_ID,
                            PUSH_ID, LAST_SEEN)
VALUES (20, 'Martina De', 'Luca', 'martina de.luca@email.com',
        '$2a$08$EfoMXblxEFhBxSCOxI/bju0G4oVwGgtCig6INKKOJbchvNw5XhoTW', 'th_b934af00-5c1e-4585-abca-f192a1c17e72.jpg',
        '1993-11-20',
        'Avid pop cultureaholic. Student. Bacon fan. Music buff. Tv fanatic. Alcohol junkie. Beer advocate. Twitter maven. Wannabe zombie practitioner.',
        0, '2019-07-26 19:37:01.217000000', '2019-07-26 19:37:01.217000000', false, false, false, true, 20, null,
        '2019-07-26 19:37:01.216000000');
INSERT INTO kofify.AK_USER (ID, FIRST_NAME, LAST_NAME, EMAIL, PASSWORD_HASH, IMG_URL, BIRTHDAY, BIO, GENDER, CREATED_AT,
                            UPDATED_AT, ACCOUNT_EXPIRED, ACCOUNT_LOCKED, CREDENTIALS_EXPIRED, ENABLED, POSITION_ID,
                            PUSH_ID, LAST_SEEN)
VALUES (21, 'Ilaria', 'Parisi', 'ilaria.parisi@email.com',
        '$2a$08$EfoMXblxEFhBxSCOxI/bju0G4oVwGgtCig6INKKOJbchvNw5XhoTW', 'th_775bd6c1-0587-4b3c-b021-fc9089fe4158.jpg',
        '1999-06-12',
        'Alcohol fanatic. Hardcore internet scholar. Incurable thinker. Prone to fits of apathy. Web maven.', 0,
        '2019-07-26 19:37:02.058000000', '2019-07-26 19:37:02.058000000', false, false, false, true, 21, null,
        '2019-07-26 19:37:02.057000000');
INSERT INTO kofify.AK_USER (ID, FIRST_NAME, LAST_NAME, EMAIL, PASSWORD_HASH, IMG_URL, BIRTHDAY, BIO, GENDER, CREATED_AT,
                            UPDATED_AT, ACCOUNT_EXPIRED, ACCOUNT_LOCKED, CREDENTIALS_EXPIRED, ENABLED, POSITION_ID,
                            PUSH_ID, LAST_SEEN)
VALUES (22, 'Nicole', 'Conti', 'nicole.conti@email.com', '$2a$08$EfoMXblxEFhBxSCOxI/bju0G4oVwGgtCig6INKKOJbchvNw5XhoTW',
        'th_7d5f0ccf-bfcd-4a6e-8d2a-2e193673d55a.jpg', '1990-11-13',
        'Coffee maven. Infuriatingly humble bacon specialist. Food geek. Hardcore internet aficionado.', 0,
        '2019-07-26 19:37:02.938000000', '2019-07-26 19:37:02.938000000', false, false, false, true, 22, null,
        '2019-07-26 19:37:02.938000000');
INSERT INTO kofify.AK_USER (ID, FIRST_NAME, LAST_NAME, EMAIL, PASSWORD_HASH, IMG_URL, BIRTHDAY, BIO, GENDER, CREATED_AT,
                            UPDATED_AT, ACCOUNT_EXPIRED, ACCOUNT_LOCKED, CREDENTIALS_EXPIRED, ENABLED, POSITION_ID,
                            PUSH_ID, LAST_SEEN)
VALUES (23, 'Jessica', 'Leone', 'jessica.leone@email.com',
        '$2a$08$EfoMXblxEFhBxSCOxI/bju0G4oVwGgtCig6INKKOJbchvNw5XhoTW', 'th_2a561fcf-df3a-4c2f-9c42-a1ec246c6178.jpg',
        '1989-10-29', 'Reader. General tv expert. Music advocate. Entrepreneur. Lifelong gamer. Twitter guru.', 0,
        '2019-07-26 19:37:03.806000000', '2019-07-26 19:37:03.806000000', false, false, false, true, 23, null,
        '2019-07-26 19:37:03.805000000');
INSERT INTO kofify.AK_USER (ID, FIRST_NAME, LAST_NAME, EMAIL, PASSWORD_HASH, IMG_URL, BIRTHDAY, BIO, GENDER, CREATED_AT,
                            UPDATED_AT, ACCOUNT_EXPIRED, ACCOUNT_LOCKED, CREDENTIALS_EXPIRED, ENABLED, POSITION_ID,
                            PUSH_ID, LAST_SEEN)
VALUES (24, 'Valentina', 'Fiore', 'valentina.fiore@email.com',
        '$2a$08$EfoMXblxEFhBxSCOxI/bju0G4oVwGgtCig6INKKOJbchvNw5XhoTW', 'th_2a681a33-8c62-4856-83a9-1cc5f7968056.jpg',
        '1991-03-01', 'Award-winning pop culture enthusiast. Travel aficionado. Thinker. Writer. Twitter expert.', 0,
        '2019-07-26 19:37:04.642000000', '2019-07-26 19:37:04.642000000', false, false, false, true, 24, null,
        '2019-07-26 19:37:04.642000000');
INSERT INTO kofify.AK_USER (ID, FIRST_NAME, LAST_NAME, EMAIL, PASSWORD_HASH, IMG_URL, BIRTHDAY, BIO, GENDER, CREATED_AT,
                            UPDATED_AT, ACCOUNT_EXPIRED, ACCOUNT_LOCKED, CREDENTIALS_EXPIRED, ENABLED, POSITION_ID,
                            PUSH_ID, LAST_SEEN)
VALUES (25, 'Alessia', 'Messina', 'alessia.messina@email.com',
        '$2a$08$EfoMXblxEFhBxSCOxI/bju0G4oVwGgtCig6INKKOJbchvNw5XhoTW', 'th_a813f505-c9cc-4e6c-b2a4-85a4ee7cbe2d.jpg',
        '1995-12-10', 'Social media specialist. Pop culture aficionado. Analyst. Problem solver. Internet advocate.', 0,
        '2019-07-26 19:37:05.597000000', '2019-07-26 19:37:05.597000000', false, false, false, true, 25, null,
        '2019-07-26 19:37:05.596000000');
INSERT INTO kofify.AK_USER (ID, FIRST_NAME, LAST_NAME, EMAIL, PASSWORD_HASH, IMG_URL, BIRTHDAY, BIO, GENDER, CREATED_AT,
                            UPDATED_AT, ACCOUNT_EXPIRED, ACCOUNT_LOCKED, CREDENTIALS_EXPIRED, ENABLED, POSITION_ID,
                            PUSH_ID, LAST_SEEN)
VALUES (26, 'Michela', 'Amato', 'michela.amato@email.com',
        '$2a$08$EfoMXblxEFhBxSCOxI/bju0G4oVwGgtCig6INKKOJbchvNw5XhoTW', 'th_45d528aa-ac9f-42b2-b1f3-b38e4613b4a2.jpg',
        '1991-10-01',
        'Extreme tv fanatic. Wannabe zombie expert. Proud music aficionado. Incurable social media scholar.', 0,
        '2019-07-26 19:37:06.656000000', '2019-07-26 19:37:06.656000000', false, false, false, true, 26, null,
        '2019-07-26 19:37:06.655000000');
INSERT INTO kofify.AK_USER (ID, FIRST_NAME, LAST_NAME, EMAIL, PASSWORD_HASH, IMG_URL, BIRTHDAY, BIO, GENDER, CREATED_AT,
                            UPDATED_AT, ACCOUNT_EXPIRED, ACCOUNT_LOCKED, CREDENTIALS_EXPIRED, ENABLED, POSITION_ID,
                            PUSH_ID, LAST_SEEN)
VALUES (27, 'Chiara', 'Bellini', 'chiara.bellini@email.com',
        '$2a$08$EfoMXblxEFhBxSCOxI/bju0G4oVwGgtCig6INKKOJbchvNw5XhoTW', 'th_292ba292-61eb-4145-b60d-09de1db6bfb4.jpg',
        '1999-08-06',
        'Entrepreneur. Student. Wannabe bacon enthusiast. Award-winning tvaholic. Creator. Twitter lover.', 0,
        '2019-07-26 19:37:07.779000000', '2019-07-26 19:37:07.779000000', false, false, false, true, 27, null,
        '2019-07-26 19:37:07.779000000');
INSERT INTO kofify.AK_USER (ID, FIRST_NAME, LAST_NAME, EMAIL, PASSWORD_HASH, IMG_URL, BIRTHDAY, BIO, GENDER, CREATED_AT,
                            UPDATED_AT, ACCOUNT_EXPIRED, ACCOUNT_LOCKED, CREDENTIALS_EXPIRED, ENABLED, POSITION_ID,
                            PUSH_ID, LAST_SEEN)
VALUES (28, 'Michela', 'Martino', 'michela.martino@email.com',
        '$2a$08$EfoMXblxEFhBxSCOxI/bju0G4oVwGgtCig6INKKOJbchvNw5XhoTW', 'th_c004ea7b-81e9-499f-a651-01927be3ec60.jpg',
        '1992-12-09',
        'Writer. Tv nerd. Problem solver. Pop culture enthusiast. Internet scholar. Evil music fanatic. Alcohol maven.',
        0, '2019-07-26 19:37:09.756000000', '2019-07-26 19:37:09.756000000', false, false, false, true, 28, null,
        '2019-07-26 19:37:09.755000000');
INSERT INTO kofify.AK_USER (ID, FIRST_NAME, LAST_NAME, EMAIL, PASSWORD_HASH, IMG_URL, BIRTHDAY, BIO, GENDER, CREATED_AT,
                            UPDATED_AT, ACCOUNT_EXPIRED, ACCOUNT_LOCKED, CREDENTIALS_EXPIRED, ENABLED, POSITION_ID,
                            PUSH_ID, LAST_SEEN)
VALUES (29, 'Alessandra', 'Giannini', 'alessandra.giannini@email.com',
        '$2a$08$EfoMXblxEFhBxSCOxI/bju0G4oVwGgtCig6INKKOJbchvNw5XhoTW', 'th_4ff53492-cd04-4c51-9138-4166281f2b54.jpg',
        '1996-03-11',
        'Entrepreneur. Music scholar. Bacon practitioner. Internet enthusiast. Analyst. Introvert. Student.', 0,
        '2019-07-26 19:37:10.612000000', '2019-07-26 19:37:10.612000000', false, false, false, true, 29, null,
        '2019-07-26 19:37:10.612000000');
INSERT INTO kofify.AK_USER (ID, FIRST_NAME, LAST_NAME, EMAIL, PASSWORD_HASH, IMG_URL, BIRTHDAY, BIO, GENDER, CREATED_AT,
                            UPDATED_AT, ACCOUNT_EXPIRED, ACCOUNT_LOCKED, CREDENTIALS_EXPIRED, ENABLED, POSITION_ID,
                            PUSH_ID, LAST_SEEN)
VALUES (30, 'Lisa', 'Sartori', 'lisa.sartori@email.com', '$2a$08$EfoMXblxEFhBxSCOxI/bju0G4oVwGgtCig6INKKOJbchvNw5XhoTW',
        'th_5b790bc7-079f-44fc-b874-56cd8afc4d18.jpg', '1999-02-10',
        'Music buff. Alcohol junkie. Devoted travel specialist. Pop culture fanatic. Passionate reader. Extreme web fan.',
        0, '2019-07-26 19:37:11.486000000', '2019-07-26 19:37:11.486000000', false, false, false, true, 30, null,
        '2019-07-26 19:37:11.485000000');
INSERT INTO kofify.AK_USER (ID, FIRST_NAME, LAST_NAME, EMAIL, PASSWORD_HASH, IMG_URL, BIRTHDAY, BIO, GENDER, CREATED_AT,
                            UPDATED_AT, ACCOUNT_EXPIRED, ACCOUNT_LOCKED, CREDENTIALS_EXPIRED, ENABLED, POSITION_ID,
                            PUSH_ID, LAST_SEEN)
VALUES (31, 'Valentina', 'Salvi', 'valentina.salvi@email.com',
        '$2a$08$EfoMXblxEFhBxSCOxI/bju0G4oVwGgtCig6INKKOJbchvNw5XhoTW', 'th_19c1a48e-17a2-46b0-a337-c71745d2a0f9.jpg',
        '1991-09-01',
        'Professional beer guru. Thinker. Troublemaker. Zombie lover. Pop culture fan. Travel aficionado.', 0,
        '2019-07-26 19:37:12.339000000', '2019-07-26 19:37:12.339000000', false, false, false, true, 31, null,
        '2019-07-26 19:37:12.338000000');
INSERT INTO kofify.AK_USER (ID, FIRST_NAME, LAST_NAME, EMAIL, PASSWORD_HASH, IMG_URL, BIRTHDAY, BIO, GENDER, CREATED_AT,
                            UPDATED_AT, ACCOUNT_EXPIRED, ACCOUNT_LOCKED, CREDENTIALS_EXPIRED, ENABLED, POSITION_ID,
                            PUSH_ID, LAST_SEEN)
VALUES (32, 'Roberta', 'Fabbri', 'roberta.fabbri@email.com',
        '$2a$08$EfoMXblxEFhBxSCOxI/bju0G4oVwGgtCig6INKKOJbchvNw5XhoTW', 'th_9123c900-aba0-47f7-8a42-189a6afbd533.jpg',
        '1997-10-12', 'Devoted coffee specialist. Entrepreneur. Zombie guru. Internet geek. Music trailblazer.', 0,
        '2019-07-26 19:37:13.163000000', '2019-07-26 19:37:13.163000000', false, false, false, true, 32, null,
        '2019-07-26 19:37:13.162000000');
INSERT INTO kofify.AK_USER (ID, FIRST_NAME, LAST_NAME, EMAIL, PASSWORD_HASH, IMG_URL, BIRTHDAY, BIO, GENDER, CREATED_AT,
                            UPDATED_AT, ACCOUNT_EXPIRED, ACCOUNT_LOCKED, CREDENTIALS_EXPIRED, ENABLED, POSITION_ID,
                            PUSH_ID, LAST_SEEN)
VALUES (33, 'Ilaria', 'Pagano', 'ilaria.pagano@email.com',
        '$2a$08$EfoMXblxEFhBxSCOxI/bju0G4oVwGgtCig6INKKOJbchvNw5XhoTW', 'th_40b3ad4b-2f2e-499d-b2e0-434b77091a2d.jpg',
        '1990-04-21',
        'Food maven. Entrepreneur. Organizer. Coffee aficionado. Alcohol fanatic. Tv trailblazer. Future teen idol. Creator.',
        0, '2019-07-26 19:37:14.032000000', '2019-07-26 19:37:14.032000000', false, false, false, true, 33, null,
        '2019-07-26 19:37:14.031000000');
INSERT INTO kofify.AK_USER (ID, FIRST_NAME, LAST_NAME, EMAIL, PASSWORD_HASH, IMG_URL, BIRTHDAY, BIO, GENDER, CREATED_AT,
                            UPDATED_AT, ACCOUNT_EXPIRED, ACCOUNT_LOCKED, CREDENTIALS_EXPIRED, ENABLED, POSITION_ID,
                            PUSH_ID, LAST_SEEN)
VALUES (34, 'Nicole', 'Palazzo', 'nicole.palazzo@email.com',
        '$2a$08$EfoMXblxEFhBxSCOxI/bju0G4oVwGgtCig6INKKOJbchvNw5XhoTW', 'th_5849d78f-41f8-4f97-80f0-47c0849c7c97.jpg',
        '1992-10-25',
        'Social media maven. Beeraholic. Music fanatic. Proud alcohol fan. Twitter practitioner. Problem solver. Creator.',
        0, '2019-07-26 19:37:14.912000000', '2019-07-26 19:37:14.912000000', false, false, false, true, 34, null,
        '2019-07-26 19:37:14.911000000');
INSERT INTO kofify.AK_USER (ID, FIRST_NAME, LAST_NAME, EMAIL, PASSWORD_HASH, IMG_URL, BIRTHDAY, BIO, GENDER, CREATED_AT,
                            UPDATED_AT, ACCOUNT_EXPIRED, ACCOUNT_LOCKED, CREDENTIALS_EXPIRED, ENABLED, POSITION_ID,
                            PUSH_ID, LAST_SEEN)
VALUES (35, 'Caterina', 'Testa', 'caterina.testa@email.com',
        '$2a$08$EfoMXblxEFhBxSCOxI/bju0G4oVwGgtCig6INKKOJbchvNw5XhoTW', 'th_d7f1a2da-33c9-4ccb-8db6-d66026c6056d.jpg',
        '1994-03-21',
        'Beer nerd. Proud coffee advocate. Problem solver. Pop culture geek. Lifelong creator. Bacon guru. Award-winning entrepreneur.',
        0, '2019-07-26 19:37:15.843000000', '2019-07-26 19:37:15.843000000', false, false, false, true, 35, null,
        '2019-07-26 19:37:15.842000000');
INSERT INTO kofify.AK_USER (ID, FIRST_NAME, LAST_NAME, EMAIL, PASSWORD_HASH, IMG_URL, BIRTHDAY, BIO, GENDER, CREATED_AT,
                            UPDATED_AT, ACCOUNT_EXPIRED, ACCOUNT_LOCKED, CREDENTIALS_EXPIRED, ENABLED, POSITION_ID,
                            PUSH_ID, LAST_SEEN)
VALUES (36, 'Monica', 'Fiore', 'monica.fiore@email.com', '$2a$08$EfoMXblxEFhBxSCOxI/bju0G4oVwGgtCig6INKKOJbchvNw5XhoTW',
        'th_e35ed960-ec4b-4a99-93e8-2daf35f8a32c.jpg', '1994-02-24',
        'Freelance organizer. Internet evangelist. Proud thinker. Coffee practitioner. Problem solver. Pop culture geek.',
        0, '2019-07-26 19:37:16.696000000', '2019-07-26 19:37:16.696000000', false, false, false, true, 36, null,
        '2019-07-26 19:37:16.696000000');
INSERT INTO kofify.AK_USER (ID, FIRST_NAME, LAST_NAME, EMAIL, PASSWORD_HASH, IMG_URL, BIRTHDAY, BIO, GENDER, CREATED_AT,
                            UPDATED_AT, ACCOUNT_EXPIRED, ACCOUNT_LOCKED, CREDENTIALS_EXPIRED, ENABLED, POSITION_ID,
                            PUSH_ID, LAST_SEEN)
VALUES (37, 'Michela', 'Rizzo', 'michela.rizzo@email.com',
        '$2a$08$EfoMXblxEFhBxSCOxI/bju0G4oVwGgtCig6INKKOJbchvNw5XhoTW', 'th_709504b5-8ded-4147-8af0-0f2ba121eec7.jpg',
        '1991-09-19',
        'Writer. Internet nerd. Evil alcohol scholar. Organizer. Coffee expert. Analyst. Proud food advocate.', 0,
        '2019-07-26 19:37:17.529000000', '2019-07-26 19:37:17.529000000', false, false, false, true, 37, null,
        '2019-07-26 19:37:17.528000000');
INSERT INTO kofify.AK_USER (ID, FIRST_NAME, LAST_NAME, EMAIL, PASSWORD_HASH, IMG_URL, BIRTHDAY, BIO, GENDER, CREATED_AT,
                            UPDATED_AT, ACCOUNT_EXPIRED, ACCOUNT_LOCKED, CREDENTIALS_EXPIRED, ENABLED, POSITION_ID,
                            PUSH_ID, LAST_SEEN)
VALUES (38, 'Erika', 'Bernardi', 'erika.bernardi@email.com',
        '$2a$08$EfoMXblxEFhBxSCOxI/bju0G4oVwGgtCig6INKKOJbchvNw5XhoTW', 'th_db8d7a4e-d78a-48fe-a03b-11fa044a28ed.jpg',
        '1989-02-12', 'Social media fanatic. Hipster-friendly writer. Proud coffee maven. Total pop culture ninja.', 0,
        '2019-07-26 19:37:18.470000000', '2019-07-26 19:37:18.470000000', false, false, false, true, 38, null,
        '2019-07-26 19:37:18.469000000');
INSERT INTO kofify.AK_USER (ID, FIRST_NAME, LAST_NAME, EMAIL, PASSWORD_HASH, IMG_URL, BIRTHDAY, BIO, GENDER, CREATED_AT,
                            UPDATED_AT, ACCOUNT_EXPIRED, ACCOUNT_LOCKED, CREDENTIALS_EXPIRED, ENABLED, POSITION_ID,
                            PUSH_ID, LAST_SEEN)
VALUES (39, 'Roberta', 'Ferretti', 'roberta.ferretti@email.com',
        '$2a$08$EfoMXblxEFhBxSCOxI/bju0G4oVwGgtCig6INKKOJbchvNw5XhoTW', 'th_c61064f8-ab9c-4dff-889f-88d8df0f1220.jpg',
        '1994-09-10', 'Bacon fanatic. Tv junkie. Wannabe problem solver. Award-winning food evangelist.', 0,
        '2019-07-26 19:37:19.345000000', '2019-07-26 19:37:19.345000000', false, false, false, true, 39, null,
        '2019-07-26 19:37:19.345000000');
INSERT INTO kofify.AK_USER (ID, FIRST_NAME, LAST_NAME, EMAIL, PASSWORD_HASH, IMG_URL, BIRTHDAY, BIO, GENDER, CREATED_AT,
                            UPDATED_AT, ACCOUNT_EXPIRED, ACCOUNT_LOCKED, CREDENTIALS_EXPIRED, ENABLED, POSITION_ID,
                            PUSH_ID, LAST_SEEN)
VALUES (40, 'Francesca', 'Marchetti', 'francesca.marchetti@email.com',
        '$2a$08$EfoMXblxEFhBxSCOxI/bju0G4oVwGgtCig6INKKOJbchvNw5XhoTW', 'th_57af94c8-3d45-49c4-8f35-a8ef9685c12d.jpg',
        '1997-05-07', 'Coffee maven. Travel lover. Tv ninja. Evil thinker. Extreme bacon expert.', 0,
        '2019-07-26 19:37:20.273000000', '2019-07-26 19:37:20.273000000', false, false, false, true, 40, null,
        '2019-07-26 19:37:20.272000000');
INSERT INTO kofify.AK_USER (ID, FIRST_NAME, LAST_NAME, EMAIL, PASSWORD_HASH, IMG_URL, BIRTHDAY, BIO, GENDER, CREATED_AT,
                            UPDATED_AT, ACCOUNT_EXPIRED, ACCOUNT_LOCKED, CREDENTIALS_EXPIRED, ENABLED, POSITION_ID,
                            PUSH_ID, LAST_SEEN)
VALUES (41, 'Angela', 'Fontana', 'angela.fontana@email.com',
        '$2a$08$EfoMXblxEFhBxSCOxI/bju0G4oVwGgtCig6INKKOJbchvNw5XhoTW', 'th_0e1f3a8c-a7c4-4863-ae96-ec89c6df47f5.jpg',
        '1998-02-06',
        'Bacon evangelist. Zombie fanatic. Internet advocate. Alcohol trailblazer. Total web practitioner.', 0,
        '2019-07-26 19:37:21.214000000', '2019-07-26 19:37:21.214000000', false, false, false, true, 41, null,
        '2019-07-26 19:37:21.213000000');
INSERT INTO kofify.AK_USER (ID, FIRST_NAME, LAST_NAME, EMAIL, PASSWORD_HASH, IMG_URL, BIRTHDAY, BIO, GENDER, CREATED_AT,
                            UPDATED_AT, ACCOUNT_EXPIRED, ACCOUNT_LOCKED, CREDENTIALS_EXPIRED, ENABLED, POSITION_ID,
                            PUSH_ID, LAST_SEEN)
VALUES (42, 'Valentina', 'Giuliani', 'valentina.giuliani@email.com',
        '$2a$08$EfoMXblxEFhBxSCOxI/bju0G4oVwGgtCig6INKKOJbchvNw5XhoTW', 'th_cad719c9-5e92-4c0f-b087-f597b3ef7149.jpg',
        '1997-01-11',
        'Zombie practitioner. Organizer. Proud social media fanatic. Award-winning creator. Twitter guru.', 0,
        '2019-07-26 19:37:22.123000000', '2019-07-26 19:37:22.123000000', false, false, false, true, 42, null,
        '2019-07-26 19:37:22.122000000');
INSERT INTO kofify.AK_USER (ID, FIRST_NAME, LAST_NAME, EMAIL, PASSWORD_HASH, IMG_URL, BIRTHDAY, BIO, GENDER, CREATED_AT,
                            UPDATED_AT, ACCOUNT_EXPIRED, ACCOUNT_LOCKED, CREDENTIALS_EXPIRED, ENABLED, POSITION_ID,
                            PUSH_ID, LAST_SEEN)
VALUES (43, 'Vanessa', 'Giannini', 'vanessa.giannini@email.com',
        '$2a$08$EfoMXblxEFhBxSCOxI/bju0G4oVwGgtCig6INKKOJbchvNw5XhoTW', 'th_139fe53a-0947-4f54-a279-22b8bd6063bb.jpg',
        '1991-12-01',
        'Lifelong writer. Zombie lover. Baconaholic. Internet guru. Social media practitioner. Avid twitter expert.', 0,
        '2019-07-26 19:37:23.045000000', '2019-07-26 19:37:23.045000000', false, false, false, true, 43, null,
        '2019-07-26 19:37:23.044000000');
INSERT INTO kofify.AK_USER (ID, FIRST_NAME, LAST_NAME, EMAIL, PASSWORD_HASH, IMG_URL, BIRTHDAY, BIO, GENDER, CREATED_AT,
                            UPDATED_AT, ACCOUNT_EXPIRED, ACCOUNT_LOCKED, CREDENTIALS_EXPIRED, ENABLED, POSITION_ID,
                            PUSH_ID, LAST_SEEN)
VALUES (44, 'Giorgia', 'Carbone', 'giorgia.carbone@email.com',
        '$2a$08$EfoMXblxEFhBxSCOxI/bju0G4oVwGgtCig6INKKOJbchvNw5XhoTW', 'th_48a67e8f-faab-4c8a-8372-6ec26a3530ce.jpg',
        '1990-02-19',
        'Writer. Evil communicator. Bacon fanatic. Infuriatingly humble twitter specialist. Social media lover.', 0,
        '2019-07-26 19:37:23.915000000', '2019-07-26 19:37:23.915000000', false, false, false, true, 44, null,
        '2019-07-26 19:37:23.914000000');
INSERT INTO kofify.AK_USER (ID, FIRST_NAME, LAST_NAME, EMAIL, PASSWORD_HASH, IMG_URL, BIRTHDAY, BIO, GENDER, CREATED_AT,
                            UPDATED_AT, ACCOUNT_EXPIRED, ACCOUNT_LOCKED, CREDENTIALS_EXPIRED, ENABLED, POSITION_ID,
                            PUSH_ID, LAST_SEEN)
VALUES (45, 'Greta', 'Sala', 'greta.sala@email.com', '$2a$08$EfoMXblxEFhBxSCOxI/bju0G4oVwGgtCig6INKKOJbchvNw5XhoTW',
        'th_8c8ea25c-737d-40f9-959f-c4f20cfdad91.jpg', '1997-05-16',
        'Wannabe music enthusiast. Incurable tvaholic. Thinker. Alcohol evangelist. Coffee specialist.', 0,
        '2019-07-26 19:37:24.795000000', '2019-07-26 19:37:24.795000000', false, false, false, true, 45, null,
        '2019-07-26 19:37:24.795000000');
INSERT INTO kofify.AK_USER (ID, FIRST_NAME, LAST_NAME, EMAIL, PASSWORD_HASH, IMG_URL, BIRTHDAY, BIO, GENDER, CREATED_AT,
                            UPDATED_AT, ACCOUNT_EXPIRED, ACCOUNT_LOCKED, CREDENTIALS_EXPIRED, ENABLED, POSITION_ID,
                            PUSH_ID, LAST_SEEN)
VALUES (46, 'Valeria', 'Palmieri', 'valeria.palmieri@email.com',
        '$2a$08$EfoMXblxEFhBxSCOxI/bju0G4oVwGgtCig6INKKOJbchvNw5XhoTW', 'th_ed43a885-ca09-42df-9833-384798863b91.jpg',
        '1993-10-29', 'Beer enthusiast. Entrepreneur. Bacon expert. Gamer. Web geek. Music maven. Travel specialist.',
        0, '2019-07-26 19:37:26.296000000', '2019-07-26 19:37:26.296000000', false, false, false, true, 46, null,
        '2019-07-26 19:37:26.295000000');
INSERT INTO kofify.AK_USER (ID, FIRST_NAME, LAST_NAME, EMAIL, PASSWORD_HASH, IMG_URL, BIRTHDAY, BIO, GENDER, CREATED_AT,
                            UPDATED_AT, ACCOUNT_EXPIRED, ACCOUNT_LOCKED, CREDENTIALS_EXPIRED, ENABLED, POSITION_ID,
                            PUSH_ID, LAST_SEEN)
VALUES (47, 'Irene', 'Adami', 'irene.adami@email.com', '$2a$08$EfoMXblxEFhBxSCOxI/bju0G4oVwGgtCig6INKKOJbchvNw5XhoTW',
        'th_b7c2e804-6b65-43bf-82ea-82cf3953dd6d.jpg', '1999-06-03',
        'Writer. Infuriatingly humble tv enthusiast. Explorer. General analyst. Troublemaker. Web maven. Travel specialist.',
        0, '2019-07-26 19:37:27.385000000', '2019-07-26 19:37:27.385000000', false, false, false, true, 47, null,
        '2019-07-26 19:37:27.385000000');
INSERT INTO kofify.AK_USER (ID, FIRST_NAME, LAST_NAME, EMAIL, PASSWORD_HASH, IMG_URL, BIRTHDAY, BIO, GENDER, CREATED_AT,
                            UPDATED_AT, ACCOUNT_EXPIRED, ACCOUNT_LOCKED, CREDENTIALS_EXPIRED, ENABLED, POSITION_ID,
                            PUSH_ID, LAST_SEEN)
VALUES (48, 'Sofia', 'Ferrari', 'sofia.ferrari@email.com',
        '$2a$08$EfoMXblxEFhBxSCOxI/bju0G4oVwGgtCig6INKKOJbchvNw5XhoTW', 'th_08a3d188-18e8-4716-ba04-d186e707d020.jpg',
        '1998-10-07',
        'Lifelong internet ninja. Typical twitter trailblazer. Proud travel buff. Freelance bacon advocate.', 0,
        '2019-07-26 19:37:28.692000000', '2019-07-26 19:37:28.692000000', false, false, false, true, 48, null,
        '2019-07-26 19:37:28.691000000');
INSERT INTO kofify.AK_USER (ID, FIRST_NAME, LAST_NAME, EMAIL, PASSWORD_HASH, IMG_URL, BIRTHDAY, BIO, GENDER, CREATED_AT,
                            UPDATED_AT, ACCOUNT_EXPIRED, ACCOUNT_LOCKED, CREDENTIALS_EXPIRED, ENABLED, POSITION_ID,
                            PUSH_ID, LAST_SEEN)
VALUES (49, 'Alice', 'Testa', 'alice.testa@email.com', '$2a$08$EfoMXblxEFhBxSCOxI/bju0G4oVwGgtCig6INKKOJbchvNw5XhoTW',
        'th_32b2985d-7233-4d61-bb84-3920f4ff5ae5.jpg', '1989-01-24',
        'General problem solver. Bacon fanatic. Lifelong writer. Web evangelist. Beer ninja. Alcohol guru.', 0,
        '2019-07-26 19:37:31.327000000', '2019-07-26 19:37:31.327000000', false, false, false, true, 49, null,
        '2019-07-26 19:37:31.326000000');
INSERT INTO kofify.AK_USER (ID, FIRST_NAME, LAST_NAME, EMAIL, PASSWORD_HASH, IMG_URL, BIRTHDAY, BIO, GENDER, CREATED_AT,
                            UPDATED_AT, ACCOUNT_EXPIRED, ACCOUNT_LOCKED, CREDENTIALS_EXPIRED, ENABLED, POSITION_ID,
                            PUSH_ID, LAST_SEEN)
VALUES (50, 'Laura', 'Giannini', 'laura.giannini@email.com',
        '$2a$08$EfoMXblxEFhBxSCOxI/bju0G4oVwGgtCig6INKKOJbchvNw5XhoTW', 'th_c97e9ba5-937c-41f0-b03a-18bf7bc156f8.jpg',
        '1992-10-06', 'Social media fanatic. Avid writer. Music evangelist. Web geek. Food advocate. Zombie maven.', 0,
        '2019-07-26 19:37:32.160000000', '2019-07-26 19:37:32.160000000', false, false, false, true, 50, null,
        '2019-07-26 19:37:32.159000000');
INSERT INTO kofify.AK_USER (ID, FIRST_NAME, LAST_NAME, EMAIL, PASSWORD_HASH, IMG_URL, BIRTHDAY, BIO, GENDER, CREATED_AT,
                            UPDATED_AT, ACCOUNT_EXPIRED, ACCOUNT_LOCKED, CREDENTIALS_EXPIRED, ENABLED, POSITION_ID,
                            PUSH_ID, LAST_SEEN)
VALUES (51, 'Giada', 'Piras', 'giada.piras@email.com', '$2a$08$EfoMXblxEFhBxSCOxI/bju0G4oVwGgtCig6INKKOJbchvNw5XhoTW',
        'th_28e91472-64fa-4dd8-a113-cedcee9a8745.jpg', '1997-09-15',
        'Proud travel geek. Award-winning web fan. Organizer. Twitter guru. Professional writer. Beer lover.', 0,
        '2019-07-26 19:37:32.957000000', '2019-07-26 19:37:32.957000000', false, false, false, true, 51, null,
        '2019-07-26 19:37:32.956000000');
INSERT INTO kofify.AK_USER (ID, FIRST_NAME, LAST_NAME, EMAIL, PASSWORD_HASH, IMG_URL, BIRTHDAY, BIO, GENDER, CREATED_AT,
                            UPDATED_AT, ACCOUNT_EXPIRED, ACCOUNT_LOCKED, CREDENTIALS_EXPIRED, ENABLED, POSITION_ID,
                            PUSH_ID, LAST_SEEN)
VALUES (52, 'Gaia', 'Vitali', 'gaia.vitali@email.com', '$2a$08$EfoMXblxEFhBxSCOxI/bju0G4oVwGgtCig6INKKOJbchvNw5XhoTW',
        'th_72663beb-95a1-445f-a25b-f341bab2adab.jpg', '1992-10-16',
        'Alcohol practitioner. Problem solver. Internet geek. Beer aficionado. Travel advocate. Passionate zombieaholic. Twitter fanatic.',
        0, '2019-07-26 19:37:33.765000000', '2019-07-26 19:37:33.765000000', false, false, false, true, 52, null,
        '2019-07-26 19:37:33.765000000');
INSERT INTO kofify.AK_USER (ID, FIRST_NAME, LAST_NAME, EMAIL, PASSWORD_HASH, IMG_URL, BIRTHDAY, BIO, GENDER, CREATED_AT,
                            UPDATED_AT, ACCOUNT_EXPIRED, ACCOUNT_LOCKED, CREDENTIALS_EXPIRED, ENABLED, POSITION_ID,
                            PUSH_ID, LAST_SEEN)
VALUES (53, 'Chiara', 'Montanari', 'chiara.montanari@email.com',
        '$2a$08$EfoMXblxEFhBxSCOxI/bju0G4oVwGgtCig6INKKOJbchvNw5XhoTW', 'th_0e2a05b8-591e-4633-bb44-074eafec2f62.jpg',
        '1989-12-10',
        'Bacon buff. Problem solver. Passionate music fanatic. Infuriatingly humble tv trailblazer. Freelance alcohol scholar.',
        0, '2019-07-26 19:37:34.649000000', '2019-07-26 19:37:34.649000000', false, false, false, true, 53, null,
        '2019-07-26 19:37:34.649000000');
INSERT INTO kofify.AK_USER (ID, FIRST_NAME, LAST_NAME, EMAIL, PASSWORD_HASH, IMG_URL, BIRTHDAY, BIO, GENDER, CREATED_AT,
                            UPDATED_AT, ACCOUNT_EXPIRED, ACCOUNT_LOCKED, CREDENTIALS_EXPIRED, ENABLED, POSITION_ID,
                            PUSH_ID, LAST_SEEN)
VALUES (54, 'Valentina', 'Cattaneo', 'valentina.cattaneo@email.com',
        '$2a$08$EfoMXblxEFhBxSCOxI/bju0G4oVwGgtCig6INKKOJbchvNw5XhoTW', 'th_de15dfcb-3338-4e8d-9888-b428d4055ea9.jpg',
        '1993-06-13',
        'Amateur internet maven. Hardcore tv junkie. Social media evangelist. Twitter enthusiast. Typical pop culture fanatic.',
        0, '2019-07-26 19:37:35.636000000', '2019-07-26 19:37:35.636000000', false, false, false, true, 54, null,
        '2019-07-26 19:37:35.635000000');
INSERT INTO kofify.AK_USER (ID, FIRST_NAME, LAST_NAME, EMAIL, PASSWORD_HASH, IMG_URL, BIRTHDAY, BIO, GENDER, CREATED_AT,
                            UPDATED_AT, ACCOUNT_EXPIRED, ACCOUNT_LOCKED, CREDENTIALS_EXPIRED, ENABLED, POSITION_ID,
                            PUSH_ID, LAST_SEEN)
VALUES (55, 'Stefania', 'Cattaneo', 'stefania.cattaneo@email.com',
        '$2a$08$EfoMXblxEFhBxSCOxI/bju0G4oVwGgtCig6INKKOJbchvNw5XhoTW', 'th_0d319934-314e-482e-af00-992dc544166c.jpg',
        '1993-03-27', 'Prone to fits of apathy. Analyst. Pop culture geek. Reader. Bacon buff. Organizer. Coffee fan.',
        0, '2019-07-26 19:37:36.479000000', '2019-07-26 19:37:36.479000000', false, false, false, true, 55, null,
        '2019-07-26 19:37:36.478000000');
INSERT INTO kofify.AK_USER (ID, FIRST_NAME, LAST_NAME, EMAIL, PASSWORD_HASH, IMG_URL, BIRTHDAY, BIO, GENDER, CREATED_AT,
                            UPDATED_AT, ACCOUNT_EXPIRED, ACCOUNT_LOCKED, CREDENTIALS_EXPIRED, ENABLED, POSITION_ID,
                            PUSH_ID, LAST_SEEN)
VALUES (56, 'Erica', 'Vitali', 'erica.vitali@email.com', '$2a$08$EfoMXblxEFhBxSCOxI/bju0G4oVwGgtCig6INKKOJbchvNw5XhoTW',
        'th_8019941a-1947-4296-88da-f180d3faa0e7.jpg', '1994-02-14',
        'Internet guru. Hardcore student. Travel trailblazer. Devoted twitter practitioner. Analyst. Food fan.', 0,
        '2019-07-26 19:37:37.416000000', '2019-07-26 19:37:37.416000000', false, false, false, true, 56, null,
        '2019-07-26 19:37:37.415000000');
INSERT INTO kofify.AK_USER (ID, FIRST_NAME, LAST_NAME, EMAIL, PASSWORD_HASH, IMG_URL, BIRTHDAY, BIO, GENDER, CREATED_AT,
                            UPDATED_AT, ACCOUNT_EXPIRED, ACCOUNT_LOCKED, CREDENTIALS_EXPIRED, ENABLED, POSITION_ID,
                            PUSH_ID, LAST_SEEN)
VALUES (57, 'Valentina', 'Ferrari', 'valentina.ferrari@email.com',
        '$2a$08$EfoMXblxEFhBxSCOxI/bju0G4oVwGgtCig6INKKOJbchvNw5XhoTW', 'th_5321a0b0-3c10-443b-a1a9-61ba7a6da1bc.jpg',
        '1996-06-20', 'Unable to type with boxing gloves on. Award-winning zombie scholar. Alcohol guru.', 0,
        '2019-07-26 19:37:38.385000000', '2019-07-26 19:37:38.385000000', false, false, false, true, 57, null,
        '2019-07-26 19:37:38.384000000');
INSERT INTO kofify.AK_USER (ID, FIRST_NAME, LAST_NAME, EMAIL, PASSWORD_HASH, IMG_URL, BIRTHDAY, BIO, GENDER, CREATED_AT,
                            UPDATED_AT, ACCOUNT_EXPIRED, ACCOUNT_LOCKED, CREDENTIALS_EXPIRED, ENABLED, POSITION_ID,
                            PUSH_ID, LAST_SEEN)
VALUES (58, 'Valentina', 'Santoro', 'valentina.santoro@email.com',
        '$2a$08$EfoMXblxEFhBxSCOxI/bju0G4oVwGgtCig6INKKOJbchvNw5XhoTW', 'th_f9460665-8144-43db-bb0b-7f90e5aead98.jpg',
        '1990-10-01',
        'Organizer. Introvert. Communicator. Food maven. Award-winning problem solver. Web specialist. Gamer.', 0,
        '2019-07-26 19:37:39.203000000', '2019-07-26 19:37:39.203000000', false, false, false, true, 58, null,
        '2019-07-26 19:37:39.203000000');
INSERT INTO kofify.AK_USER (ID, FIRST_NAME, LAST_NAME, EMAIL, PASSWORD_HASH, IMG_URL, BIRTHDAY, BIO, GENDER, CREATED_AT,
                            UPDATED_AT, ACCOUNT_EXPIRED, ACCOUNT_LOCKED, CREDENTIALS_EXPIRED, ENABLED, POSITION_ID,
                            PUSH_ID, LAST_SEEN)
VALUES (59, 'Anna', 'Mariani', 'anna.mariani@email.com', '$2a$08$EfoMXblxEFhBxSCOxI/bju0G4oVwGgtCig6INKKOJbchvNw5XhoTW',
        'th_975ee4b5-b983-4160-aed5-ecb5e405c221.jpg', '1993-10-02',
        'Hardcore troublemaker. Organizer. Zombie enthusiast. Thinker. Problem solver. Proud introvert.', 0,
        '2019-07-26 19:37:40.009000000', '2019-07-26 19:37:40.009000000', false, false, false, true, 59, null,
        '2019-07-26 19:37:40.008000000');
INSERT INTO kofify.AK_USER (ID, FIRST_NAME, LAST_NAME, EMAIL, PASSWORD_HASH, IMG_URL, BIRTHDAY, BIO, GENDER, CREATED_AT,
                            UPDATED_AT, ACCOUNT_EXPIRED, ACCOUNT_LOCKED, CREDENTIALS_EXPIRED, ENABLED, POSITION_ID,
                            PUSH_ID, LAST_SEEN)
VALUES (60, 'Gaia', 'Colombo', 'gaia.colombo@email.com', '$2a$08$EfoMXblxEFhBxSCOxI/bju0G4oVwGgtCig6INKKOJbchvNw5XhoTW',
        'th_e0b9f7eb-4a76-4672-a334-0d24ea881068.jpg', '1990-08-17',
        'Tv buff. Hardcore twitter nerd. Introvert. Certified organizer. Food guru. Bacon junkie.', 0,
        '2019-07-26 19:37:40.807000000', '2019-07-26 19:37:40.807000000', false, false, false, true, 60, null,
        '2019-07-26 19:37:40.806000000');
INSERT INTO kofify.AK_USER (ID, FIRST_NAME, LAST_NAME, EMAIL, PASSWORD_HASH, IMG_URL, BIRTHDAY, BIO, GENDER, CREATED_AT,
                            UPDATED_AT, ACCOUNT_EXPIRED, ACCOUNT_LOCKED, CREDENTIALS_EXPIRED, ENABLED, POSITION_ID,
                            PUSH_ID, LAST_SEEN)
VALUES (61, 'Nicole', 'Barbieri', 'nicole.barbieri@email.com',
        '$2a$08$EfoMXblxEFhBxSCOxI/bju0G4oVwGgtCig6INKKOJbchvNw5XhoTW', 'th_d7c92199-fc35-442e-8586-917ef00be4ea.jpg',
        '1997-07-04', 'Tv advocate. Devoted entrepreneur. Evil beer specialist. Zombie evangelist. Writer.', 0,
        '2019-07-26 19:37:41.629000000', '2019-07-26 19:37:41.629000000', false, false, false, true, 61, null,
        '2019-07-26 19:37:41.629000000');
INSERT INTO kofify.AK_USER (ID, FIRST_NAME, LAST_NAME, EMAIL, PASSWORD_HASH, IMG_URL, BIRTHDAY, BIO, GENDER, CREATED_AT,
                            UPDATED_AT, ACCOUNT_EXPIRED, ACCOUNT_LOCKED, CREDENTIALS_EXPIRED, ENABLED, POSITION_ID,
                            PUSH_ID, LAST_SEEN)
VALUES (62, 'Veronica', 'Rizzi', 'veronica.rizzi@email.com',
        '$2a$08$EfoMXblxEFhBxSCOxI/bju0G4oVwGgtCig6INKKOJbchvNw5XhoTW', 'th_8e2a8f76-8c5c-4b31-a90b-968a1b4ec403.jpg',
        '1999-12-14', 'Travel ninja. Hardcore alcohol geek. Web fanatic. Passionate internet enthusiast.', 0,
        '2019-07-26 19:37:42.457000000', '2019-07-26 19:37:42.457000000', false, false, false, true, 62, null,
        '2019-07-26 19:37:42.457000000');
INSERT INTO kofify.AK_USER (ID, FIRST_NAME, LAST_NAME, EMAIL, PASSWORD_HASH, IMG_URL, BIRTHDAY, BIO, GENDER, CREATED_AT,
                            UPDATED_AT, ACCOUNT_EXPIRED, ACCOUNT_LOCKED, CREDENTIALS_EXPIRED, ENABLED, POSITION_ID,
                            PUSH_ID, LAST_SEEN)
VALUES (63, 'Erica', 'Vitale', 'erica.vitale@email.com', '$2a$08$EfoMXblxEFhBxSCOxI/bju0G4oVwGgtCig6INKKOJbchvNw5XhoTW',
        'th_a2289cd5-f2f2-44f1-80f9-86834819ddca.jpg', '1992-07-26',
        'Internet junkie. Total pop culture buff. Social media fanatic. Passionate alcoholaholic. Tv aficionado. Communicator. Zombie lover.',
        0, '2019-07-26 19:37:43.323000000', '2019-07-26 19:37:43.323000000', false, false, false, true, 63, null,
        '2019-07-26 19:37:43.323000000');
INSERT INTO kofify.AK_USER (ID, FIRST_NAME, LAST_NAME, EMAIL, PASSWORD_HASH, IMG_URL, BIRTHDAY, BIO, GENDER, CREATED_AT,
                            UPDATED_AT, ACCOUNT_EXPIRED, ACCOUNT_LOCKED, CREDENTIALS_EXPIRED, ENABLED, POSITION_ID,
                            PUSH_ID, LAST_SEEN)
VALUES (64, '', 'a', 'sofja.nikitina@email.com',
        '$2a$08$EfoMXblxEFhBxSCOxI/bju0G4oVwGgtCig6INKKOJbchvNw5XhoTW', 'th_4e64bc89-8e82-4411-a8e3-173d2dbc8e44.jpg',
        '1991-07-15',
        'Writer. Zombie fan. Troublemaker. Certified explorer. Alcohol advocate. Friendly thinker. Beer maven. Food junkie.',
        0, '2019-07-26 19:37:44.169000000', '2019-07-26 19:37:44.169000000', false, false, false, true, 64, null,
        '2019-07-26 19:37:44.169000000');
INSERT INTO kofify.AK_USER (ID, FIRST_NAME, LAST_NAME, EMAIL, PASSWORD_HASH, IMG_URL, BIRTHDAY, BIO, GENDER, CREATED_AT,
                            UPDATED_AT, ACCOUNT_EXPIRED, ACCOUNT_LOCKED, CREDENTIALS_EXPIRED, ENABLED, POSITION_ID,
                            PUSH_ID, LAST_SEEN)
VALUES (65, '', 'a', 'aleksandra.ermakova@email.com',
        '$2a$08$EfoMXblxEFhBxSCOxI/bju0G4oVwGgtCig6INKKOJbchvNw5XhoTW', 'th_de3b4865-b3d7-4bfc-bbaa-08eed3396d05.jpg',
        '1994-06-13', 'Problem solver. Pop culture fanatic. Tv buff. Travel lover. Thinker. General student.', 0,
        '2019-07-26 19:37:45.015000000', '2019-07-26 19:37:45.015000000', false, false, false, true, 65, null,
        '2019-07-26 19:37:45.015000000');
INSERT INTO kofify.AK_USER (ID, FIRST_NAME, LAST_NAME, EMAIL, PASSWORD_HASH, IMG_URL, BIRTHDAY, BIO, GENDER, CREATED_AT,
                            UPDATED_AT, ACCOUNT_EXPIRED, ACCOUNT_LOCKED, CREDENTIALS_EXPIRED, ENABLED, POSITION_ID,
                            PUSH_ID, LAST_SEEN)
VALUES (66, '', 'a', 'marina.burkavtsova@email.com',
        '$2a$08$EfoMXblxEFhBxSCOxI/bju0G4oVwGgtCig6INKKOJbchvNw5XhoTW', 'th_4e3406e1-7d74-4d4b-8d52-b0a23e9a4763.jpg',
        '1996-12-30', 'Tv lover. Coffee nerd. Hipster-friendly web geek. Social media fanatic. Beer practitioner.', 0,
        '2019-07-26 19:37:45.822000000', '2019-07-26 19:37:45.822000000', false, false, false, true, 66, null,
        '2019-07-26 19:37:45.822000000');
INSERT INTO kofify.AK_USER (ID, FIRST_NAME, LAST_NAME, EMAIL, PASSWORD_HASH, IMG_URL, BIRTHDAY, BIO, GENDER, CREATED_AT,
                            UPDATED_AT, ACCOUNT_EXPIRED, ACCOUNT_LOCKED, CREDENTIALS_EXPIRED, ENABLED, POSITION_ID,
                            PUSH_ID, LAST_SEEN)
VALUES (67, '', 'a', 'alina.zimina@email.com', '$2a$08$EfoMXblxEFhBxSCOxI/bju0G4oVwGgtCig6INKKOJbchvNw5XhoTW',
        'th_8d91a646-2863-4d7e-bfc3-4dc17ecb8999.jpg', '1999-09-13',
        'Proud tv ninja. Travel fanatic. Infuriatingly humble entrepreneur. Thinker. Zombie enthusiast. Hipster-friendly music junkie. Internet fan.',
        0, '2019-07-26 19:37:46.684000000', '2019-07-26 19:37:46.684000000', false, false, false, true, 67, null,
        '2019-07-26 19:37:46.684000000');
INSERT INTO kofify.AK_USER (ID, FIRST_NAME, LAST_NAME, EMAIL, PASSWORD_HASH, IMG_URL, BIRTHDAY, BIO, GENDER, CREATED_AT,
                            UPDATED_AT, ACCOUNT_EXPIRED, ACCOUNT_LOCKED, CREDENTIALS_EXPIRED, ENABLED, POSITION_ID,
                            PUSH_ID, LAST_SEEN)
VALUES (68, '', 'a', 'inessa.zaytseva@email.com',
        '$2a$08$EfoMXblxEFhBxSCOxI/bju0G4oVwGgtCig6INKKOJbchvNw5XhoTW', 'th_2196168f-2334-4e34-96fa-9d3750be2f64.jpg',
        '1992-11-17',
        'Friend of animals everywhere. Troublemaker. Proud travel maven. Evil twitter fan. Introvert. Internet fanatic.',
        0, '2019-07-26 19:37:47.530000000', '2019-07-26 19:37:47.530000000', false, false, false, true, 68, null,
        '2019-07-26 19:37:47.529000000');
INSERT INTO kofify.AK_USER (ID, FIRST_NAME, LAST_NAME, EMAIL, PASSWORD_HASH, IMG_URL, BIRTHDAY, BIO, GENDER, CREATED_AT,
                            UPDATED_AT, ACCOUNT_EXPIRED, ACCOUNT_LOCKED, CREDENTIALS_EXPIRED, ENABLED, POSITION_ID,
                            PUSH_ID, LAST_SEEN)
VALUES (69, '', 'a', 'zhanna.jushkova@email.com',
        '$2a$08$EfoMXblxEFhBxSCOxI/bju0G4oVwGgtCig6INKKOJbchvNw5XhoTW', 'th_cbe0be09-3931-450a-8eb1-e21ab91fa22a.jpg',
        '1993-06-20',
        'Coffee geek. Amateur zombie fan. Thinker. Pop culture evangelist. Web lover. Unapologetic bacon practitioner. Hipster-friendly organizer.',
        0, '2019-07-26 19:37:48.354000000', '2019-07-26 19:37:48.354000000', false, false, false, true, 69, null,
        '2019-07-26 19:37:48.353000000');
INSERT INTO kofify.AK_USER (ID, FIRST_NAME, LAST_NAME, EMAIL, PASSWORD_HASH, IMG_URL, BIRTHDAY, BIO, GENDER, CREATED_AT,
                            UPDATED_AT, ACCOUNT_EXPIRED, ACCOUNT_LOCKED, CREDENTIALS_EXPIRED, ENABLED, POSITION_ID,
                            PUSH_ID, LAST_SEEN)
VALUES (70, '', 'a', 'valerija.avdeeva@email.com',
        '$2a$08$EfoMXblxEFhBxSCOxI/bju0G4oVwGgtCig6INKKOJbchvNw5XhoTW', 'th_e1779904-57c0-420c-9374-7480d45fa99e.jpg',
        '1997-07-12',
        'Unapologetic bacon specialist. Internet evangelist. Pop culture aficionado. Avid twitter expert. Food scholar. Troublemaker.',
        0, '2019-07-26 19:37:49.257000000', '2019-07-26 19:37:49.257000000', false, false, false, true, 70, null,
        '2019-07-26 19:37:49.257000000');
INSERT INTO kofify.AK_USER (ID, FIRST_NAME, LAST_NAME, EMAIL, PASSWORD_HASH, IMG_URL, BIRTHDAY, BIO, GENDER, CREATED_AT,
                            UPDATED_AT, ACCOUNT_EXPIRED, ACCOUNT_LOCKED, CREDENTIALS_EXPIRED, ENABLED, POSITION_ID,
                            PUSH_ID, LAST_SEEN)
VALUES (71, '', 'a', 'oksana.fedorova@email.com',
        '$2a$08$EfoMXblxEFhBxSCOxI/bju0G4oVwGgtCig6INKKOJbchvNw5XhoTW', 'th_48175559-8f1b-4a99-b427-263688d32352.jpg',
        '1997-04-22',
        'Typical pop culture buff. Analyst. Beeraholic. Freelance bacon junkie. Problem solver. Internet aficionado. Gamer.',
        0, '2019-07-26 19:37:50.127000000', '2019-07-26 19:37:50.127000000', false, false, false, true, 71, null,
        '2019-07-26 19:37:50.126000000');
INSERT INTO kofify.AK_USER (ID, FIRST_NAME, LAST_NAME, EMAIL, PASSWORD_HASH, IMG_URL, BIRTHDAY, BIO, GENDER, CREATED_AT,
                            UPDATED_AT, ACCOUNT_EXPIRED, ACCOUNT_LOCKED, CREDENTIALS_EXPIRED, ENABLED, POSITION_ID,
                            PUSH_ID, LAST_SEEN)
VALUES (72, '', 'a', 'aleksandra.orlova@email.com',
        '$2a$08$EfoMXblxEFhBxSCOxI/bju0G4oVwGgtCig6INKKOJbchvNw5XhoTW', 'th_90c32d10-abe3-4592-86e6-04b2c0a41156.jpg',
        '1999-03-19',
        'Prone to fits of apathy. Explorer. Total social media fanatic. Bacon scholar. Coffee expert. Alcohol evangelist. Travel trailblazer.',
        0, '2019-07-26 19:37:50.963000000', '2019-07-26 19:37:50.963000000', false, false, false, true, 72, null,
        '2019-07-26 19:37:50.963000000');
INSERT INTO kofify.AK_USER (ID, FIRST_NAME, LAST_NAME, EMAIL, PASSWORD_HASH, IMG_URL, BIRTHDAY, BIO, GENDER, CREATED_AT,
                            UPDATED_AT, ACCOUNT_EXPIRED, ACCOUNT_LOCKED, CREDENTIALS_EXPIRED, ENABLED, POSITION_ID,
                            PUSH_ID, LAST_SEEN)
VALUES (73, '', '', 'sofja.kats@email.com', '$2a$08$EfoMXblxEFhBxSCOxI/bju0G4oVwGgtCig6INKKOJbchvNw5XhoTW',
        'th_2512c4ce-198c-4269-8143-d737aae13f76.jpg', '1993-08-23',
        'Extreme zombie nerd. Beeraholic. Friendly tv scholar. Freelance food ninja. Twitter specialist. Passionate bacon guru.',
        0, '2019-07-26 19:37:51.829000000', '2019-07-26 19:37:51.829000000', false, false, false, true, 73, null,
        '2019-07-26 19:37:51.829000000');
INSERT INTO kofify.AK_USER (ID, FIRST_NAME, LAST_NAME, EMAIL, PASSWORD_HASH, IMG_URL, BIRTHDAY, BIO, GENDER, CREATED_AT,
                            UPDATED_AT, ACCOUNT_EXPIRED, ACCOUNT_LOCKED, CREDENTIALS_EXPIRED, ENABLED, POSITION_ID,
                            PUSH_ID, LAST_SEEN)
VALUES (74, '', 'a', 'snezhana.uglova@email.com',
        '$2a$08$EfoMXblxEFhBxSCOxI/bju0G4oVwGgtCig6INKKOJbchvNw5XhoTW', 'th_b100174f-d07c-40fe-81b2-607d2d47f175.jpg',
        '1989-12-04', 'Beer geek. Subtly charming web aficionado. Reader. Professional tv fanatic. Social media lover.',
        0, '2019-07-26 19:37:52.764000000', '2019-07-26 19:37:52.764000000', false, false, false, true, 74, null,
        '2019-07-26 19:37:52.764000000');
INSERT INTO kofify.AK_USER (ID, FIRST_NAME, LAST_NAME, EMAIL, PASSWORD_HASH, IMG_URL, BIRTHDAY, BIO, GENDER, CREATED_AT,
                            UPDATED_AT, ACCOUNT_EXPIRED, ACCOUNT_LOCKED, CREDENTIALS_EXPIRED, ENABLED, POSITION_ID,
                            PUSH_ID, LAST_SEEN)
VALUES (75, '', 'a', 'alina.tsareva@email.com',
        '$2a$08$EfoMXblxEFhBxSCOxI/bju0G4oVwGgtCig6INKKOJbchvNw5XhoTW', 'th_4a787a16-e6c3-44ff-916b-8126f40dd870.jpg',
        '1991-09-14',
        'Student. Troublemaker. Communicator. Bacon scholar. Organizer. Problem solver. Creator. Zombie enthusiast. Certified analyst.',
        0, '2019-07-26 19:37:53.774000000', '2019-07-26 19:37:53.774000000', false, false, false, true, 75, null,
        '2019-07-26 19:37:53.773000000');
INSERT INTO kofify.AK_USER (ID, FIRST_NAME, LAST_NAME, EMAIL, PASSWORD_HASH, IMG_URL, BIRTHDAY, BIO, GENDER, CREATED_AT,
                            UPDATED_AT, ACCOUNT_EXPIRED, ACCOUNT_LOCKED, CREDENTIALS_EXPIRED, ENABLED, POSITION_ID,
                            PUSH_ID, LAST_SEEN)
VALUES (76, '', 'a', 'elizaveta.schegoleva@email.com',
        '$2a$08$EfoMXblxEFhBxSCOxI/bju0G4oVwGgtCig6INKKOJbchvNw5XhoTW', 'th_93e57a58-60da-4624-ba1f-6af758967a3f.jpg',
        '1989-11-01', 'Organizer. Bacon maven. Lifelong food evangelist. Troublemaker. Certified zombie lover.', 0,
        '2019-07-26 19:37:54.927000000', '2019-07-26 19:37:54.927000000', false, false, false, true, 76, null,
        '2019-07-26 19:37:54.926000000');
INSERT INTO kofify.AK_USER (ID, FIRST_NAME, LAST_NAME, EMAIL, PASSWORD_HASH, IMG_URL, BIRTHDAY, BIO, GENDER, CREATED_AT,
                            UPDATED_AT, ACCOUNT_EXPIRED, ACCOUNT_LOCKED, CREDENTIALS_EXPIRED, ENABLED, POSITION_ID,
                            PUSH_ID, LAST_SEEN)
VALUES (77, '', 'a', 'arina.abramova@email.com',
        '$2a$08$EfoMXblxEFhBxSCOxI/bju0G4oVwGgtCig6INKKOJbchvNw5XhoTW', 'th_4b163cfa-0e38-4dea-9945-ebfcb326f24d.jpg',
        '1991-02-10',
        'Hardcore music evangelist. Wannabe troublemaker. Twitter guru. Travel expert. Freelance tv maven.', 0,
        '2019-07-26 19:37:56.092000000', '2019-07-26 19:37:56.092000000', false, false, false, true, 77, null,
        '2019-07-26 19:37:56.091000000');
INSERT INTO kofify.AK_USER (ID, FIRST_NAME, LAST_NAME, EMAIL, PASSWORD_HASH, IMG_URL, BIRTHDAY, BIO, GENDER, CREATED_AT,
                            UPDATED_AT, ACCOUNT_EXPIRED, ACCOUNT_LOCKED, CREDENTIALS_EXPIRED, ENABLED, POSITION_ID,
                            PUSH_ID, LAST_SEEN)
VALUES (78, '', 'a', 'zina.jakovleva@email.com',
        '$2a$08$EfoMXblxEFhBxSCOxI/bju0G4oVwGgtCig6INKKOJbchvNw5XhoTW', 'th_1032ca91-6fb5-41e5-803a-3d1158f72454.jpg',
        '1990-07-07', 'Beer nerd. Student. Pop culture junkie. Typical food practitioner. Social media aficionado.', 0,
        '2019-07-26 19:37:56.972000000', '2019-07-26 19:37:56.972000000', false, false, false, true, 78, null,
        '2019-07-26 19:37:56.972000000');
INSERT INTO kofify.AK_USER (ID, FIRST_NAME, LAST_NAME, EMAIL, PASSWORD_HASH, IMG_URL, BIRTHDAY, BIO, GENDER, CREATED_AT,
                            UPDATED_AT, ACCOUNT_EXPIRED, ACCOUNT_LOCKED, CREDENTIALS_EXPIRED, ENABLED, POSITION_ID,
                            PUSH_ID, LAST_SEEN)
VALUES (79, '', 'a', 'elza.popova@email.com', '$2a$08$EfoMXblxEFhBxSCOxI/bju0G4oVwGgtCig6INKKOJbchvNw5XhoTW',
        'th_a4619bae-52cf-4a8f-89b0-e7d8db92bbb0.jpg', '1990-06-07',
        'Proud social media enthusiast. Web expert. Troublemaker. Avid travel fan.', 0, '2019-07-26 19:37:57.823000000',
        '2019-07-26 19:37:57.823000000', false, false, false, true, 79, null, '2019-07-26 19:37:57.822000000');
INSERT INTO kofify.AK_USER (ID, FIRST_NAME, LAST_NAME, EMAIL, PASSWORD_HASH, IMG_URL, BIRTHDAY, BIO, GENDER, CREATED_AT,
                            UPDATED_AT, ACCOUNT_EXPIRED, ACCOUNT_LOCKED, CREDENTIALS_EXPIRED, ENABLED, POSITION_ID,
                            PUSH_ID, LAST_SEEN)
VALUES (80, '', 'a', 'kristina.tsareva@email.com',
        '$2a$08$EfoMXblxEFhBxSCOxI/bju0G4oVwGgtCig6INKKOJbchvNw5XhoTW', 'th_010c87b6-f725-470f-ab65-8c83735cfd2b.jpg',
        '1998-12-27',
        'Student. Web ninja. Bacon geek. Zombie junkie. Avid gamer. Twitter fanatic. Music trailblazer. Pop culture guru. Travel nerd. Amateur tv enthusiast.',
        0, '2019-07-26 19:37:58.697000000', '2019-07-26 19:37:58.697000000', false, false, false, true, 80, null,
        '2019-07-26 19:37:58.696000000');
INSERT INTO kofify.AK_USER (ID, FIRST_NAME, LAST_NAME, EMAIL, PASSWORD_HASH, IMG_URL, BIRTHDAY, BIO, GENDER, CREATED_AT,
                            UPDATED_AT, ACCOUNT_EXPIRED, ACCOUNT_LOCKED, CREDENTIALS_EXPIRED, ENABLED, POSITION_ID,
                            PUSH_ID, LAST_SEEN)
VALUES (81, '', 'a', 'sofja.ermolina@email.com',
        '$2a$08$EfoMXblxEFhBxSCOxI/bju0G4oVwGgtCig6INKKOJbchvNw5XhoTW', 'th_d74bd2e2-1904-49a0-9578-aa5945e9d194.jpg',
        '1997-11-27',
        'Entrepreneur. Music guru. Bacon enthusiast. Zombie trailblazer. Coffee buff. Internet fanatic. Gamer. Travel fan.',
        0, '2019-07-26 19:37:59.564000000', '2019-07-26 19:37:59.564000000', false, false, false, true, 81, null,
        '2019-07-26 19:37:59.563000000');
INSERT INTO kofify.AK_USER (ID, FIRST_NAME, LAST_NAME, EMAIL, PASSWORD_HASH, IMG_URL, BIRTHDAY, BIO, GENDER, CREATED_AT,
                            UPDATED_AT, ACCOUNT_EXPIRED, ACCOUNT_LOCKED, CREDENTIALS_EXPIRED, ENABLED, POSITION_ID,
                            PUSH_ID, LAST_SEEN)
VALUES (82, '', 'a', 'tamara.lavrenteva@email.com',
        '$2a$08$EfoMXblxEFhBxSCOxI/bju0G4oVwGgtCig6INKKOJbchvNw5XhoTW', 'th_cd5fd16d-b3c7-40d2-8fd3-3e8430dd6013.jpg',
        '1990-03-12', 'General travel expert. Analyst. Beer junkie. Tv lover. Music evangelist. Avid introvert.', 0,
        '2019-07-26 19:38:00.461000000', '2019-07-26 19:38:00.461000000', false, false, false, true, 82, null,
        '2019-07-26 19:38:00.460000000');
INSERT INTO kofify.AK_USER (ID, FIRST_NAME, LAST_NAME, EMAIL, PASSWORD_HASH, IMG_URL, BIRTHDAY, BIO, GENDER, CREATED_AT,
                            UPDATED_AT, ACCOUNT_EXPIRED, ACCOUNT_LOCKED, CREDENTIALS_EXPIRED, ENABLED, POSITION_ID,
                            PUSH_ID, LAST_SEEN)
VALUES (83, '', 'a', 'galina.dmitrieva@email.com',
        '$2a$08$EfoMXblxEFhBxSCOxI/bju0G4oVwGgtCig6INKKOJbchvNw5XhoTW', 'th_8fd049fd-2843-4240-93c3-eb871391312b.jpg',
        '1999-07-14', 'Internet specialist. Hipster-friendly twitter junkie. Social media fan. Proud music evangelist.',
        0, '2019-07-26 19:38:01.338000000', '2019-07-26 19:38:01.338000000', false, false, false, true, 83, null,
        '2019-07-26 19:38:01.337000000');
INSERT INTO kofify.AK_USER (ID, FIRST_NAME, LAST_NAME, EMAIL, PASSWORD_HASH, IMG_URL, BIRTHDAY, BIO, GENDER, CREATED_AT,
                            UPDATED_AT, ACCOUNT_EXPIRED, ACCOUNT_LOCKED, CREDENTIALS_EXPIRED, ENABLED, POSITION_ID,
                            PUSH_ID, LAST_SEEN)
VALUES (84, 'Aimee', 'Marshall', 'aimee.marshall@email.com',
        '$2a$08$EfoMXblxEFhBxSCOxI/bju0G4oVwGgtCig6INKKOJbchvNw5XhoTW', 'th_078c4c36-a3c3-4103-934f-6e3e36bdbb8e.jpg',
        '1994-11-14',
        'Professional bacon lover. Total food nerd. Beer geek. Social media scholar. Student. General gamer.', 0,
        '2019-07-26 19:38:02.189000000', '2019-07-26 19:38:02.189000000', false, false, false, true, 84, null,
        '2019-07-26 19:38:02.188000000');
INSERT INTO kofify.AK_USER (ID, FIRST_NAME, LAST_NAME, EMAIL, PASSWORD_HASH, IMG_URL, BIRTHDAY, BIO, GENDER, CREATED_AT,
                            UPDATED_AT, ACCOUNT_EXPIRED, ACCOUNT_LOCKED, CREDENTIALS_EXPIRED, ENABLED, POSITION_ID,
                            PUSH_ID, LAST_SEEN)
VALUES (85, 'Mia', 'Fox', 'mia.fox@email.com', '$2a$08$EfoMXblxEFhBxSCOxI/bju0G4oVwGgtCig6INKKOJbchvNw5XhoTW',
        'th_29e3355e-f09c-445a-9d79-215aa8052dc8.jpg', '1993-09-01',
        'Travel advocate. Reader. Organizer. Tv enthusiast. Alcohol aficionado. Writer. Student.', 0,
        '2019-07-26 19:38:02.991000000', '2019-07-26 19:38:02.991000000', false, false, false, true, 85, null,
        '2019-07-26 19:38:02.991000000');
INSERT INTO kofify.AK_USER (ID, FIRST_NAME, LAST_NAME, EMAIL, PASSWORD_HASH, IMG_URL, BIRTHDAY, BIO, GENDER, CREATED_AT,
                            UPDATED_AT, ACCOUNT_EXPIRED, ACCOUNT_LOCKED, CREDENTIALS_EXPIRED, ENABLED, POSITION_ID,
                            PUSH_ID, LAST_SEEN)
VALUES (86, 'Molly', 'Morgan', 'molly.morgan@email.com', '$2a$08$EfoMXblxEFhBxSCOxI/bju0G4oVwGgtCig6INKKOJbchvNw5XhoTW',
        'th_17bebeba-f924-4b5d-bf7c-03d57c306759.jpg', '1992-04-27',
        'Internet advocate. Social media maven. Bacon lover. Entrepreneur. Pop culture fanatic.', 0,
        '2019-07-26 19:38:03.766000000', '2019-07-26 19:38:03.766000000', false, false, false, true, 86, null,
        '2019-07-26 19:38:03.766000000');
INSERT INTO kofify.AK_USER (ID, FIRST_NAME, LAST_NAME, EMAIL, PASSWORD_HASH, IMG_URL, BIRTHDAY, BIO, GENDER, CREATED_AT,
                            UPDATED_AT, ACCOUNT_EXPIRED, ACCOUNT_LOCKED, CREDENTIALS_EXPIRED, ENABLED, POSITION_ID,
                            PUSH_ID, LAST_SEEN)
VALUES (87, 'Kiera', 'Price', 'kiera.price@email.com', '$2a$08$EfoMXblxEFhBxSCOxI/bju0G4oVwGgtCig6INKKOJbchvNw5XhoTW',
        'th_c30ffd69-9829-4659-99b4-cd53544b5831.jpg', '1992-10-12',
        'Zombie enthusiast. Troublemaker. Travel ninja. Proud beer advocate. Unable to type with boxing gloves on. Lifelong creator.',
        0, '2019-07-26 19:38:04.585000000', '2019-07-26 19:38:04.585000000', false, false, false, true, 87, null,
        '2019-07-26 19:38:04.584000000');
INSERT INTO kofify.AK_USER (ID, FIRST_NAME, LAST_NAME, EMAIL, PASSWORD_HASH, IMG_URL, BIRTHDAY, BIO, GENDER, CREATED_AT,
                            UPDATED_AT, ACCOUNT_EXPIRED, ACCOUNT_LOCKED, CREDENTIALS_EXPIRED, ENABLED, POSITION_ID,
                            PUSH_ID, LAST_SEEN)
VALUES (88, 'Millie', 'Evans', 'millie.evans@email.com', '$2a$08$EfoMXblxEFhBxSCOxI/bju0G4oVwGgtCig6INKKOJbchvNw5XhoTW',
        'th_25a6f108-78fc-4480-b83c-fa238af26faa.jpg', '1996-11-09',
        'Alcohol lover. Internet nerd. Twitter evangelist. Incurable explorer. Creator. Food ninja. Bacon guru. Friendly music maven. Coffee aficionado. Student.',
        0, '2019-07-26 19:38:05.389000000', '2019-07-26 19:38:05.389000000', false, false, false, true, 88, null,
        '2019-07-26 19:38:05.389000000');
INSERT INTO kofify.AK_USER (ID, FIRST_NAME, LAST_NAME, EMAIL, PASSWORD_HASH, IMG_URL, BIRTHDAY, BIO, GENDER, CREATED_AT,
                            UPDATED_AT, ACCOUNT_EXPIRED, ACCOUNT_LOCKED, CREDENTIALS_EXPIRED, ENABLED, POSITION_ID,
                            PUSH_ID, LAST_SEEN)
VALUES (89, 'Faith', 'Thomas', 'faith.thomas@email.com', '$2a$08$EfoMXblxEFhBxSCOxI/bju0G4oVwGgtCig6INKKOJbchvNw5XhoTW',
        'th_a82546dd-0b92-47a8-8379-d9d4358e01db.jpg', '1994-05-13',
        'Devoted beer guru. Introvert. Web practitioner. Tv aficionado. Freelance coffee fanatic.', 0,
        '2019-07-26 19:38:06.202000000', '2019-07-26 19:38:06.202000000', false, false, false, true, 89, null,
        '2019-07-26 19:38:06.201000000');
INSERT INTO kofify.AK_USER (ID, FIRST_NAME, LAST_NAME, EMAIL, PASSWORD_HASH, IMG_URL, BIRTHDAY, BIO, GENDER, CREATED_AT,
                            UPDATED_AT, ACCOUNT_EXPIRED, ACCOUNT_LOCKED, CREDENTIALS_EXPIRED, ENABLED, POSITION_ID,
                            PUSH_ID, LAST_SEEN)
VALUES (90, 'Amy', 'Allen', 'amy.allen@email.com', '$2a$08$EfoMXblxEFhBxSCOxI/bju0G4oVwGgtCig6INKKOJbchvNw5XhoTW',
        'th_54eb83d1-25f1-4002-8d00-e5b9baa33e71.jpg', '1994-06-17',
        'Subtly charming thinker. Explorer. Zombie practitioner. Pop culture lover. Gamer. Web scholar.', 0,
        '2019-07-26 19:38:07.009000000', '2019-07-26 19:38:07.009000000', false, false, false, true, 90, null,
        '2019-07-26 19:38:07.008000000');
INSERT INTO kofify.AK_USER (ID, FIRST_NAME, LAST_NAME, EMAIL, PASSWORD_HASH, IMG_URL, BIRTHDAY, BIO, GENDER, CREATED_AT,
                            UPDATED_AT, ACCOUNT_EXPIRED, ACCOUNT_LOCKED, CREDENTIALS_EXPIRED, ENABLED, POSITION_ID,
                            PUSH_ID, LAST_SEEN)
VALUES (91, 'Amber', 'Thomas', 'amber.thomas@email.com', '$2a$08$EfoMXblxEFhBxSCOxI/bju0G4oVwGgtCig6INKKOJbchvNw5XhoTW',
        'th_b5f7bcfd-19fd-4997-9e78-3118c2bda861.jpg', '1993-07-01',
        'Tv maven. Proud alcohol enthusiast. Internet specialist. Problem solver. Bacon guru.', 0,
        '2019-07-26 19:38:07.856000000', '2019-07-26 19:38:07.856000000', false, false, false, true, 91, null,
        '2019-07-26 19:38:07.855000000');
INSERT INTO kofify.AK_USER (ID, FIRST_NAME, LAST_NAME, EMAIL, PASSWORD_HASH, IMG_URL, BIRTHDAY, BIO, GENDER, CREATED_AT,
                            UPDATED_AT, ACCOUNT_EXPIRED, ACCOUNT_LOCKED, CREDENTIALS_EXPIRED, ENABLED, POSITION_ID,
                            PUSH_ID, LAST_SEEN)
VALUES (92, 'Alexandra', 'Davis', 'alexandra.davis@email.com',
        '$2a$08$EfoMXblxEFhBxSCOxI/bju0G4oVwGgtCig6INKKOJbchvNw5XhoTW', 'th_c78e0969-b55d-407e-969a-c7818a0e781c.jpg',
        '1996-09-01',
        'Food advocate. Student. Social media lover. Zombie expert. Internet fan. Certified problem solver. Coffee aficionado. Music scholar.',
        0, '2019-07-26 19:38:08.646000000', '2019-07-26 19:38:08.646000000', false, false, false, true, 92, null,
        '2019-07-26 19:38:08.646000000');
INSERT INTO kofify.AK_USER (ID, FIRST_NAME, LAST_NAME, EMAIL, PASSWORD_HASH, IMG_URL, BIRTHDAY, BIO, GENDER, CREATED_AT,
                            UPDATED_AT, ACCOUNT_EXPIRED, ACCOUNT_LOCKED, CREDENTIALS_EXPIRED, ENABLED, POSITION_ID,
                            PUSH_ID, LAST_SEEN)
VALUES (93, 'Alicia', 'Saunders', 'alicia.saunders@email.com',
        '$2a$08$EfoMXblxEFhBxSCOxI/bju0G4oVwGgtCig6INKKOJbchvNw5XhoTW', 'th_9e0861bd-bceb-4c12-8da8-fa0eb6f0adbe.jpg',
        '1996-10-22', 'Subtly charming writer. Typical travel specialist. Organizer. Pop culture ninja.', 0,
        '2019-07-26 19:38:09.444000000', '2019-07-26 19:38:09.444000000', false, false, false, true, 93, null,
        '2019-07-26 19:38:09.444000000');
INSERT INTO kofify.AK_USER (ID, FIRST_NAME, LAST_NAME, EMAIL, PASSWORD_HASH, IMG_URL, BIRTHDAY, BIO, GENDER, CREATED_AT,
                            UPDATED_AT, ACCOUNT_EXPIRED, ACCOUNT_LOCKED, CREDENTIALS_EXPIRED, ENABLED, POSITION_ID,
                            PUSH_ID, LAST_SEEN)
VALUES (94, 'Poppy', 'Knight', 'poppy.knight@email.com', '$2a$08$EfoMXblxEFhBxSCOxI/bju0G4oVwGgtCig6INKKOJbchvNw5XhoTW',
        'th_ac027e0a-220a-46b1-af7d-ed8d58d5db64.jpg', '1996-02-26',
        'Web fan. Social media trailblazer. Amateur zombie lover. Music aficionado. Beer advocate. Certified twitter scholar. Tv geek. Coffee specialist. Alcohol junkie.',
        0, '2019-07-26 19:38:10.254000000', '2019-07-26 19:38:10.254000000', false, false, false, true, 94, null,
        '2019-07-26 19:38:10.253000000');
INSERT INTO kofify.AK_USER (ID, FIRST_NAME, LAST_NAME, EMAIL, PASSWORD_HASH, IMG_URL, BIRTHDAY, BIO, GENDER, CREATED_AT,
                            UPDATED_AT, ACCOUNT_EXPIRED, ACCOUNT_LOCKED, CREDENTIALS_EXPIRED, ENABLED, POSITION_ID,
                            PUSH_ID, LAST_SEEN)
VALUES (95, 'Amber', 'Wright', 'amber.wright@email.com', '$2a$08$EfoMXblxEFhBxSCOxI/bju0G4oVwGgtCig6INKKOJbchvNw5XhoTW',
        'th_b3b92d72-d9db-4e19-838c-a8bec9f79b45.jpg', '1999-06-16',
        'Tv nerd. Devoted music trailblazer. Amateur thinker. Unable to type with boxing gloves on.', 0,
        '2019-07-26 19:38:11.383000000', '2019-07-26 19:38:11.383000000', false, false, false, true, 95, null,
        '2019-07-26 19:38:11.382000000');
INSERT INTO kofify.AK_USER (ID, FIRST_NAME, LAST_NAME, EMAIL, PASSWORD_HASH, IMG_URL, BIRTHDAY, BIO, GENDER, CREATED_AT,
                            UPDATED_AT, ACCOUNT_EXPIRED, ACCOUNT_LOCKED, CREDENTIALS_EXPIRED, ENABLED, POSITION_ID,
                            PUSH_ID, LAST_SEEN)
VALUES (96, 'Scarlett', 'Griffiths', 'scarlett.griffiths@email.com',
        '$2a$08$EfoMXblxEFhBxSCOxI/bju0G4oVwGgtCig6INKKOJbchvNw5XhoTW', 'th_8df8ce0f-afce-44fd-aa9a-533f46a9f6a9.jpg',
        '1995-12-17',
        'Zombie nerd. Gamer. Twitter geek. Evil thinker. Hardcore bacon expert. Beer fanatic. Pop culture junkie. Music lover.',
        0, '2019-07-26 19:38:12.173000000', '2019-07-26 19:38:12.173000000', false, false, false, true, 96, null,
        '2019-07-26 19:38:12.173000000');
INSERT INTO kofify.AK_USER (ID, FIRST_NAME, LAST_NAME, EMAIL, PASSWORD_HASH, IMG_URL, BIRTHDAY, BIO, GENDER, CREATED_AT,
                            UPDATED_AT, ACCOUNT_EXPIRED, ACCOUNT_LOCKED, CREDENTIALS_EXPIRED, ENABLED, POSITION_ID,
                            PUSH_ID, LAST_SEEN)
VALUES (97, 'Lilly', 'Anderson', 'lilly.anderson@email.com',
        '$2a$08$EfoMXblxEFhBxSCOxI/bju0G4oVwGgtCig6INKKOJbchvNw5XhoTW', 'th_7c5271ad-ddee-43e6-b34d-12c18579594a.jpg',
        '1999-01-16',
        'Web nerd. Coffee scholar. Bacon trailblazer. Infuriatingly humble writer. Gamer. Tv practitioner.', 0,
        '2019-07-26 19:38:12.953000000', '2019-07-26 19:38:12.953000000', false, false, false, true, 97, null,
        '2019-07-26 19:38:12.952000000');
INSERT INTO kofify.AK_USER (ID, FIRST_NAME, LAST_NAME, EMAIL, PASSWORD_HASH, IMG_URL, BIRTHDAY, BIO, GENDER, CREATED_AT,
                            UPDATED_AT, ACCOUNT_EXPIRED, ACCOUNT_LOCKED, CREDENTIALS_EXPIRED, ENABLED, POSITION_ID,
                            PUSH_ID, LAST_SEEN)
VALUES (98, 'Isobel', 'Richardson', 'isobel.richardson@email.com',
        '$2a$08$EfoMXblxEFhBxSCOxI/bju0G4oVwGgtCig6INKKOJbchvNw5XhoTW', 'th_778103a4-35d3-40ce-9170-ea1f90f35064.jpg',
        '1991-03-18',
        'Award-winning food geek. Tv fanatic. Travel expert. Proud beer trailblazer. Organizer. Bacon enthusiast. Communicator. Internet aficionado.',
        0, '2019-07-26 19:38:13.729000000', '2019-07-26 19:38:13.729000000', false, false, false, true, 98, null,
        '2019-07-26 19:38:13.728000000');
INSERT INTO kofify.AK_USER (ID, FIRST_NAME, LAST_NAME, EMAIL, PASSWORD_HASH, IMG_URL, BIRTHDAY, BIO, GENDER, CREATED_AT,
                            UPDATED_AT, ACCOUNT_EXPIRED, ACCOUNT_LOCKED, CREDENTIALS_EXPIRED, ENABLED, POSITION_ID,
                            PUSH_ID, LAST_SEEN)
VALUES (99, 'Emily', 'Cox', 'emily.cox@email.com', '$2a$08$EfoMXblxEFhBxSCOxI/bju0G4oVwGgtCig6INKKOJbchvNw5XhoTW',
        'th_1272ad7f-aa84-4faa-adae-303511f7f1a9.jpg', '1993-10-11',
        'Unable to type with boxing gloves on. Beer expert. Troublemaker. Freelance introvert. Web advocate.', 0,
        '2019-07-26 19:38:14.532000000', '2019-07-26 19:38:14.532000000', false, false, false, true, 99, null,
        '2019-07-26 19:38:14.531000000');
INSERT INTO kofify.AK_USER (ID, FIRST_NAME, LAST_NAME, EMAIL, PASSWORD_HASH, IMG_URL, BIRTHDAY, BIO, GENDER, CREATED_AT,
                            UPDATED_AT, ACCOUNT_EXPIRED, ACCOUNT_LOCKED, CREDENTIALS_EXPIRED, ENABLED, POSITION_ID,
                            PUSH_ID, LAST_SEEN)
VALUES (100, 'Eloise', 'Thomson', 'eloise.thomson@email.com',
        '$2a$08$EfoMXblxEFhBxSCOxI/bju0G4oVwGgtCig6INKKOJbchvNw5XhoTW', 'th_c3bbca8c-6b0a-490c-b6ae-ea1a472d2e55.jpg',
        '1998-04-01',
        'Food guru. Subtly charming troublemaker. Writer. Infuriatingly humble reader. General internet geek. Zombie ninja.',
        0, '2019-07-26 19:38:15.338000000', '2019-07-26 19:38:15.338000000', false, false, false, true, 100, null,
        '2019-07-26 19:38:15.337000000');
INSERT INTO kofify.AK_USER (ID, FIRST_NAME, LAST_NAME, EMAIL, PASSWORD_HASH, IMG_URL, BIRTHDAY, BIO, GENDER, CREATED_AT,
                            UPDATED_AT, ACCOUNT_EXPIRED, ACCOUNT_LOCKED, CREDENTIALS_EXPIRED, ENABLED, POSITION_ID,
                            PUSH_ID, LAST_SEEN)
VALUES (101, 'Alexandra', 'Richardson', 'alexandra.richardson@email.com',
        '$2a$08$EfoMXblxEFhBxSCOxI/bju0G4oVwGgtCig6INKKOJbchvNw5XhoTW', 'th_5ec3ad36-3e5d-4874-b3f2-c99e9ac5afea.jpg',
        '1996-08-15',
        'Music fanatic. Student. Pop culture expert. Bacon enthusiast. Food geek. Tv guru. Devoted creator.', 0,
        '2019-07-26 19:38:16.140000000', '2019-07-26 19:38:16.140000000', false, false, false, true, 101, null,
        '2019-07-26 19:38:16.139000000');
INSERT INTO kofify.AK_USER (ID, FIRST_NAME, LAST_NAME, EMAIL, PASSWORD_HASH, IMG_URL, BIRTHDAY, BIO, GENDER, CREATED_AT,
                            UPDATED_AT, ACCOUNT_EXPIRED, ACCOUNT_LOCKED, CREDENTIALS_EXPIRED, ENABLED, POSITION_ID,
                            PUSH_ID, LAST_SEEN)
VALUES (102, 'Evie', 'Lloyd', 'evie.lloyd@email.com', '$2a$08$EfoMXblxEFhBxSCOxI/bju0G4oVwGgtCig6INKKOJbchvNw5XhoTW',
        'th_2cb477fe-c6a3-4577-a4e7-e45cdc55bd32.jpg', '1992-07-13',
        'Student. Gamer. General travel specialist. Food aficionado. Award-winning organizer. Evil analyst.', 0,
        '2019-07-26 19:38:16.914000000', '2019-07-26 19:38:16.914000000', false, false, false, true, 102, null,
        '2019-07-26 19:38:16.913000000');
INSERT INTO kofify.AK_USER (ID, FIRST_NAME, LAST_NAME, EMAIL, PASSWORD_HASH, IMG_URL, BIRTHDAY, BIO, GENDER, CREATED_AT,
                            UPDATED_AT, ACCOUNT_EXPIRED, ACCOUNT_LOCKED, CREDENTIALS_EXPIRED, ENABLED, POSITION_ID,
                            PUSH_ID, LAST_SEEN)
VALUES (103, 'Alice', 'King', 'alice.king@email.com', '$2a$08$EfoMXblxEFhBxSCOxI/bju0G4oVwGgtCig6INKKOJbchvNw5XhoTW',
        'th_1a1e6817-ddad-4440-a789-421226015eea.jpg', '1993-04-20',
        'Food geek. Infuriatingly humble pop culture fanatic. Certified music ninja. Communicator. Organizer. Web buff.',
        0, '2019-07-26 19:38:17.775000000', '2019-07-26 19:38:17.775000000', false, false, false, true, 103, null,
        '2019-07-26 19:38:17.774000000');


INSERT INTO AK_AUTHORITY(ID, NAME)
VALUES (1, 'USER');
INSERT INTO AK_AUTHORITY(ID, NAME)
VALUES (2, 'ADMIN');

# INSERT INTO AK_USER_AUTHORITY(ID, USER_ID, AUTHORITY_ID)
# VALUES (1, 1, 1);
# INSERT INTO AK_USER_AUTHORITY(ID, USER_ID, AUTHORITY_ID)
# VALUES (2, 1, 2);
# INSERT INTO AK_USER_AUTHORITY(ID, USER_ID, AUTHORITY_ID)
# VALUES (3, 2, 1);

INSERT INTO kofify.AK_USER_AUTHORITY (ID, USER_ID, AUTHORITY_ID) VALUES (1, 1, 1);
INSERT INTO kofify.AK_USER_AUTHORITY (ID, USER_ID, AUTHORITY_ID) VALUES (2, 1, 2);
INSERT INTO kofify.AK_USER_AUTHORITY (ID, USER_ID, AUTHORITY_ID) VALUES (3, 2, 1);
INSERT INTO kofify.AK_USER_AUTHORITY (ID, USER_ID, AUTHORITY_ID) VALUES (4, 4, 1);
INSERT INTO kofify.AK_USER_AUTHORITY (ID, USER_ID, AUTHORITY_ID) VALUES (5, 5, 1);
INSERT INTO kofify.AK_USER_AUTHORITY (ID, USER_ID, AUTHORITY_ID) VALUES (6, 6, 1);
INSERT INTO kofify.AK_USER_AUTHORITY (ID, USER_ID, AUTHORITY_ID) VALUES (7, 7, 1);
INSERT INTO kofify.AK_USER_AUTHORITY (ID, USER_ID, AUTHORITY_ID) VALUES (8, 8, 1);
INSERT INTO kofify.AK_USER_AUTHORITY (ID, USER_ID, AUTHORITY_ID) VALUES (9, 9, 1);
INSERT INTO kofify.AK_USER_AUTHORITY (ID, USER_ID, AUTHORITY_ID) VALUES (10, 10, 1);
INSERT INTO kofify.AK_USER_AUTHORITY (ID, USER_ID, AUTHORITY_ID) VALUES (11, 11, 1);
INSERT INTO kofify.AK_USER_AUTHORITY (ID, USER_ID, AUTHORITY_ID) VALUES (12, 12, 1);
INSERT INTO kofify.AK_USER_AUTHORITY (ID, USER_ID, AUTHORITY_ID) VALUES (13, 13, 1);
INSERT INTO kofify.AK_USER_AUTHORITY (ID, USER_ID, AUTHORITY_ID) VALUES (14, 14, 1);
INSERT INTO kofify.AK_USER_AUTHORITY (ID, USER_ID, AUTHORITY_ID) VALUES (15, 15, 1);
INSERT INTO kofify.AK_USER_AUTHORITY (ID, USER_ID, AUTHORITY_ID) VALUES (16, 16, 1);
INSERT INTO kofify.AK_USER_AUTHORITY (ID, USER_ID, AUTHORITY_ID) VALUES (17, 17, 1);
INSERT INTO kofify.AK_USER_AUTHORITY (ID, USER_ID, AUTHORITY_ID) VALUES (18, 18, 1);
INSERT INTO kofify.AK_USER_AUTHORITY (ID, USER_ID, AUTHORITY_ID) VALUES (19, 19, 1);
INSERT INTO kofify.AK_USER_AUTHORITY (ID, USER_ID, AUTHORITY_ID) VALUES (20, 20, 1);
INSERT INTO kofify.AK_USER_AUTHORITY (ID, USER_ID, AUTHORITY_ID) VALUES (21, 21, 1);
INSERT INTO kofify.AK_USER_AUTHORITY (ID, USER_ID, AUTHORITY_ID) VALUES (22, 22, 1);
INSERT INTO kofify.AK_USER_AUTHORITY (ID, USER_ID, AUTHORITY_ID) VALUES (23, 23, 1);
INSERT INTO kofify.AK_USER_AUTHORITY (ID, USER_ID, AUTHORITY_ID) VALUES (24, 24, 1);
INSERT INTO kofify.AK_USER_AUTHORITY (ID, USER_ID, AUTHORITY_ID) VALUES (25, 25, 1);
INSERT INTO kofify.AK_USER_AUTHORITY (ID, USER_ID, AUTHORITY_ID) VALUES (26, 26, 1);
INSERT INTO kofify.AK_USER_AUTHORITY (ID, USER_ID, AUTHORITY_ID) VALUES (27, 27, 1);
INSERT INTO kofify.AK_USER_AUTHORITY (ID, USER_ID, AUTHORITY_ID) VALUES (28, 28, 1);
INSERT INTO kofify.AK_USER_AUTHORITY (ID, USER_ID, AUTHORITY_ID) VALUES (29, 29, 1);
INSERT INTO kofify.AK_USER_AUTHORITY (ID, USER_ID, AUTHORITY_ID) VALUES (30, 30, 1);
INSERT INTO kofify.AK_USER_AUTHORITY (ID, USER_ID, AUTHORITY_ID) VALUES (31, 31, 1);
INSERT INTO kofify.AK_USER_AUTHORITY (ID, USER_ID, AUTHORITY_ID) VALUES (32, 32, 1);
INSERT INTO kofify.AK_USER_AUTHORITY (ID, USER_ID, AUTHORITY_ID) VALUES (33, 33, 1);
INSERT INTO kofify.AK_USER_AUTHORITY (ID, USER_ID, AUTHORITY_ID) VALUES (34, 34, 1);
INSERT INTO kofify.AK_USER_AUTHORITY (ID, USER_ID, AUTHORITY_ID) VALUES (35, 35, 1);
INSERT INTO kofify.AK_USER_AUTHORITY (ID, USER_ID, AUTHORITY_ID) VALUES (36, 36, 1);
INSERT INTO kofify.AK_USER_AUTHORITY (ID, USER_ID, AUTHORITY_ID) VALUES (37, 37, 1);
INSERT INTO kofify.AK_USER_AUTHORITY (ID, USER_ID, AUTHORITY_ID) VALUES (38, 38, 1);
INSERT INTO kofify.AK_USER_AUTHORITY (ID, USER_ID, AUTHORITY_ID) VALUES (39, 39, 1);
INSERT INTO kofify.AK_USER_AUTHORITY (ID, USER_ID, AUTHORITY_ID) VALUES (40, 40, 1);
INSERT INTO kofify.AK_USER_AUTHORITY (ID, USER_ID, AUTHORITY_ID) VALUES (41, 41, 1);
INSERT INTO kofify.AK_USER_AUTHORITY (ID, USER_ID, AUTHORITY_ID) VALUES (42, 42, 1);
INSERT INTO kofify.AK_USER_AUTHORITY (ID, USER_ID, AUTHORITY_ID) VALUES (43, 43, 1);
INSERT INTO kofify.AK_USER_AUTHORITY (ID, USER_ID, AUTHORITY_ID) VALUES (44, 44, 1);
INSERT INTO kofify.AK_USER_AUTHORITY (ID, USER_ID, AUTHORITY_ID) VALUES (45, 45, 1);
INSERT INTO kofify.AK_USER_AUTHORITY (ID, USER_ID, AUTHORITY_ID) VALUES (46, 46, 1);
INSERT INTO kofify.AK_USER_AUTHORITY (ID, USER_ID, AUTHORITY_ID) VALUES (47, 47, 1);
INSERT INTO kofify.AK_USER_AUTHORITY (ID, USER_ID, AUTHORITY_ID) VALUES (48, 48, 1);
INSERT INTO kofify.AK_USER_AUTHORITY (ID, USER_ID, AUTHORITY_ID) VALUES (49, 49, 1);
INSERT INTO kofify.AK_USER_AUTHORITY (ID, USER_ID, AUTHORITY_ID) VALUES (50, 50, 1);
INSERT INTO kofify.AK_USER_AUTHORITY (ID, USER_ID, AUTHORITY_ID) VALUES (51, 51, 1);
INSERT INTO kofify.AK_USER_AUTHORITY (ID, USER_ID, AUTHORITY_ID) VALUES (52, 52, 1);
INSERT INTO kofify.AK_USER_AUTHORITY (ID, USER_ID, AUTHORITY_ID) VALUES (53, 53, 1);
INSERT INTO kofify.AK_USER_AUTHORITY (ID, USER_ID, AUTHORITY_ID) VALUES (54, 54, 1);
INSERT INTO kofify.AK_USER_AUTHORITY (ID, USER_ID, AUTHORITY_ID) VALUES (55, 55, 1);
INSERT INTO kofify.AK_USER_AUTHORITY (ID, USER_ID, AUTHORITY_ID) VALUES (56, 56, 1);
INSERT INTO kofify.AK_USER_AUTHORITY (ID, USER_ID, AUTHORITY_ID) VALUES (57, 57, 1);
INSERT INTO kofify.AK_USER_AUTHORITY (ID, USER_ID, AUTHORITY_ID) VALUES (58, 58, 1);
INSERT INTO kofify.AK_USER_AUTHORITY (ID, USER_ID, AUTHORITY_ID) VALUES (59, 59, 1);
INSERT INTO kofify.AK_USER_AUTHORITY (ID, USER_ID, AUTHORITY_ID) VALUES (60, 60, 1);
INSERT INTO kofify.AK_USER_AUTHORITY (ID, USER_ID, AUTHORITY_ID) VALUES (61, 61, 1);
INSERT INTO kofify.AK_USER_AUTHORITY (ID, USER_ID, AUTHORITY_ID) VALUES (62, 62, 1);
INSERT INTO kofify.AK_USER_AUTHORITY (ID, USER_ID, AUTHORITY_ID) VALUES (63, 63, 1);
INSERT INTO kofify.AK_USER_AUTHORITY (ID, USER_ID, AUTHORITY_ID)
VALUES (64, 64, 1);
INSERT INTO kofify.AK_USER_AUTHORITY (ID, USER_ID, AUTHORITY_ID)
VALUES (65, 65, 1);
INSERT INTO kofify.AK_USER_AUTHORITY (ID, USER_ID, AUTHORITY_ID)
VALUES (66, 66, 1);
INSERT INTO kofify.AK_USER_AUTHORITY (ID, USER_ID, AUTHORITY_ID)
VALUES (67, 67, 1);
INSERT INTO kofify.AK_USER_AUTHORITY (ID, USER_ID, AUTHORITY_ID)
VALUES (68, 68, 1);
INSERT INTO kofify.AK_USER_AUTHORITY (ID, USER_ID, AUTHORITY_ID)
VALUES (69, 69, 1);
INSERT INTO kofify.AK_USER_AUTHORITY (ID, USER_ID, AUTHORITY_ID)
VALUES (70, 70, 1);
INSERT INTO kofify.AK_USER_AUTHORITY (ID, USER_ID, AUTHORITY_ID)
VALUES (71, 71, 1);
INSERT INTO kofify.AK_USER_AUTHORITY (ID, USER_ID, AUTHORITY_ID)
VALUES (72, 72, 1);
INSERT INTO kofify.AK_USER_AUTHORITY (ID, USER_ID, AUTHORITY_ID)
VALUES (73, 73, 1);
INSERT INTO kofify.AK_USER_AUTHORITY (ID, USER_ID, AUTHORITY_ID)
VALUES (74, 74, 1);
INSERT INTO kofify.AK_USER_AUTHORITY (ID, USER_ID, AUTHORITY_ID)
VALUES (75, 75, 1);
INSERT INTO kofify.AK_USER_AUTHORITY (ID, USER_ID, AUTHORITY_ID)
VALUES (76, 76, 1);
INSERT INTO kofify.AK_USER_AUTHORITY (ID, USER_ID, AUTHORITY_ID)
VALUES (77, 77, 1);
INSERT INTO kofify.AK_USER_AUTHORITY (ID, USER_ID, AUTHORITY_ID)
VALUES (78, 78, 1);
INSERT INTO kofify.AK_USER_AUTHORITY (ID, USER_ID, AUTHORITY_ID)
VALUES (79, 79, 1);
INSERT INTO kofify.AK_USER_AUTHORITY (ID, USER_ID, AUTHORITY_ID)
VALUES (80, 80, 1);
INSERT INTO kofify.AK_USER_AUTHORITY (ID, USER_ID, AUTHORITY_ID)
VALUES (81, 81, 1);
INSERT INTO kofify.AK_USER_AUTHORITY (ID, USER_ID, AUTHORITY_ID)
VALUES (82, 82, 1);
INSERT INTO kofify.AK_USER_AUTHORITY (ID, USER_ID, AUTHORITY_ID)
VALUES (83, 83, 1);
INSERT INTO kofify.AK_USER_AUTHORITY (ID, USER_ID, AUTHORITY_ID)
VALUES (84, 84, 1);
INSERT INTO kofify.AK_USER_AUTHORITY (ID, USER_ID, AUTHORITY_ID)
VALUES (85, 85, 1);
INSERT INTO kofify.AK_USER_AUTHORITY (ID, USER_ID, AUTHORITY_ID)
VALUES (86, 86, 1);
INSERT INTO kofify.AK_USER_AUTHORITY (ID, USER_ID, AUTHORITY_ID)
VALUES (87, 87, 1);
INSERT INTO kofify.AK_USER_AUTHORITY (ID, USER_ID, AUTHORITY_ID)
VALUES (88, 88, 1);
INSERT INTO kofify.AK_USER_AUTHORITY (ID, USER_ID, AUTHORITY_ID)
VALUES (89, 89, 1);
INSERT INTO kofify.AK_USER_AUTHORITY (ID, USER_ID, AUTHORITY_ID)
VALUES (90, 90, 1);
INSERT INTO kofify.AK_USER_AUTHORITY (ID, USER_ID, AUTHORITY_ID)
VALUES (91, 91, 1);
INSERT INTO kofify.AK_USER_AUTHORITY (ID, USER_ID, AUTHORITY_ID)
VALUES (92, 92, 1);
INSERT INTO kofify.AK_USER_AUTHORITY (ID, USER_ID, AUTHORITY_ID)
VALUES (93, 93, 1);
INSERT INTO kofify.AK_USER_AUTHORITY (ID, USER_ID, AUTHORITY_ID)
VALUES (94, 94, 1);
INSERT INTO kofify.AK_USER_AUTHORITY (ID, USER_ID, AUTHORITY_ID)
VALUES (95, 95, 1);
INSERT INTO kofify.AK_USER_AUTHORITY (ID, USER_ID, AUTHORITY_ID)
VALUES (96, 96, 1);
INSERT INTO kofify.AK_USER_AUTHORITY (ID, USER_ID, AUTHORITY_ID)
VALUES (97, 97, 1);
INSERT INTO kofify.AK_USER_AUTHORITY (ID, USER_ID, AUTHORITY_ID)
VALUES (98, 98, 1);
INSERT INTO kofify.AK_USER_AUTHORITY (ID, USER_ID, AUTHORITY_ID)
VALUES (99, 99, 1);
INSERT INTO kofify.AK_USER_AUTHORITY (ID, USER_ID, AUTHORITY_ID)
VALUES (100, 100, 1);
INSERT INTO kofify.AK_USER_AUTHORITY (ID, USER_ID, AUTHORITY_ID)
VALUES (101, 101, 1);
INSERT INTO kofify.AK_USER_AUTHORITY (ID, USER_ID, AUTHORITY_ID)
VALUES (102, 102, 1);
INSERT INTO kofify.AK_USER_AUTHORITY (ID, USER_ID, AUTHORITY_ID)
VALUES (103, 103, 1);

# INSERT INTO AK_USER_IMAGE (ID, USER_ID, POSITION)
# VALUES (1, 1, 1);
# INSERT INTO AK_USER_IMAGE (ID, USER_ID, POSITION)
# VALUES (2, 1, 2);

INSERT INTO kofify.AK_USER_IMAGE (ID, USER_ID, IMAGE_NAME, POSITION)
VALUES (1, 1, null, 1);
INSERT INTO kofify.AK_USER_IMAGE (ID, USER_ID, IMAGE_NAME, POSITION)
VALUES (2, 1, null, 2);
INSERT INTO kofify.AK_USER_IMAGE (ID, USER_ID, IMAGE_NAME, POSITION)
VALUES (3, 4, '83105e98-8a29-4d99-848e-e443043b4ec5.jpg', 1);
INSERT INTO kofify.AK_USER_IMAGE (ID, USER_ID, IMAGE_NAME, POSITION)
VALUES (4, 5, '58cc76b7-22e1-49af-8523-ecc08378c88d.jpg', 1);
INSERT INTO kofify.AK_USER_IMAGE (ID, USER_ID, IMAGE_NAME, POSITION)
VALUES (5, 6, '10a9f943-eafb-42c3-88c9-9f6ce7afcbb9.jpg', 1);
INSERT INTO kofify.AK_USER_IMAGE (ID, USER_ID, IMAGE_NAME, POSITION)
VALUES (6, 7, '5db563d3-c055-4331-b6d2-e5085cd2e7f9.jpg', 1);
INSERT INTO kofify.AK_USER_IMAGE (ID, USER_ID, IMAGE_NAME, POSITION)
VALUES (7, 8, 'c871508e-ffb5-4649-9f3c-0c645c19b5b6.jpg', 1);
INSERT INTO kofify.AK_USER_IMAGE (ID, USER_ID, IMAGE_NAME, POSITION)
VALUES (8, 9, '7e673b43-2229-481d-b05a-82e42e0767e5.jpg', 1);
INSERT INTO kofify.AK_USER_IMAGE (ID, USER_ID, IMAGE_NAME, POSITION)
VALUES (9, 10, '8894b032-4b4b-490b-ace3-035716c59320.jpg', 1);
INSERT INTO kofify.AK_USER_IMAGE (ID, USER_ID, IMAGE_NAME, POSITION)
VALUES (10, 11, '85708b2e-d33b-4a5b-8d3d-4ffd4510b70e.jpg', 1);
INSERT INTO kofify.AK_USER_IMAGE (ID, USER_ID, IMAGE_NAME, POSITION)
VALUES (11, 12, '66b5ef8b-2c19-49be-9ff6-4f47896d4770.jpg', 1);
INSERT INTO kofify.AK_USER_IMAGE (ID, USER_ID, IMAGE_NAME, POSITION)
VALUES (12, 13, 'ae2ebed8-cc83-4f32-9d32-35b6ad12b32b.jpg', 1);
INSERT INTO kofify.AK_USER_IMAGE (ID, USER_ID, IMAGE_NAME, POSITION)
VALUES (13, 14, 'c076980f-9f53-4e70-aed2-3c73ca628b7d.jpg', 1);
INSERT INTO kofify.AK_USER_IMAGE (ID, USER_ID, IMAGE_NAME, POSITION)
VALUES (14, 15, '788f13bb-d62e-4715-9433-23fab458af9a.jpg', 1);
INSERT INTO kofify.AK_USER_IMAGE (ID, USER_ID, IMAGE_NAME, POSITION)
VALUES (15, 16, 'b18add39-d86e-4776-8f8a-89b5f6e4b7e9.jpg', 1);
INSERT INTO kofify.AK_USER_IMAGE (ID, USER_ID, IMAGE_NAME, POSITION)
VALUES (16, 17, '5a2b7e65-9c27-4181-a977-d606eb11b56a.jpg', 1);
INSERT INTO kofify.AK_USER_IMAGE (ID, USER_ID, IMAGE_NAME, POSITION)
VALUES (17, 18, '62e63f92-30d5-445f-a119-baec821e6c36.jpg', 1);
INSERT INTO kofify.AK_USER_IMAGE (ID, USER_ID, IMAGE_NAME, POSITION)
VALUES (18, 19, 'e9af5e2d-6e6e-4a4a-b81d-420ee8ec9b8c.jpg', 1);
INSERT INTO kofify.AK_USER_IMAGE (ID, USER_ID, IMAGE_NAME, POSITION)
VALUES (19, 20, 'b934af00-5c1e-4585-abca-f192a1c17e72.jpg', 1);
INSERT INTO kofify.AK_USER_IMAGE (ID, USER_ID, IMAGE_NAME, POSITION)
VALUES (20, 21, '775bd6c1-0587-4b3c-b021-fc9089fe4158.jpg', 1);
INSERT INTO kofify.AK_USER_IMAGE (ID, USER_ID, IMAGE_NAME, POSITION)
VALUES (21, 22, '7d5f0ccf-bfcd-4a6e-8d2a-2e193673d55a.jpg', 1);
INSERT INTO kofify.AK_USER_IMAGE (ID, USER_ID, IMAGE_NAME, POSITION)
VALUES (22, 23, '2a561fcf-df3a-4c2f-9c42-a1ec246c6178.jpg', 1);
INSERT INTO kofify.AK_USER_IMAGE (ID, USER_ID, IMAGE_NAME, POSITION)
VALUES (23, 24, '2a681a33-8c62-4856-83a9-1cc5f7968056.jpg', 1);
INSERT INTO kofify.AK_USER_IMAGE (ID, USER_ID, IMAGE_NAME, POSITION)
VALUES (24, 25, 'a813f505-c9cc-4e6c-b2a4-85a4ee7cbe2d.jpg', 1);
INSERT INTO kofify.AK_USER_IMAGE (ID, USER_ID, IMAGE_NAME, POSITION)
VALUES (25, 26, '45d528aa-ac9f-42b2-b1f3-b38e4613b4a2.jpg', 1);
INSERT INTO kofify.AK_USER_IMAGE (ID, USER_ID, IMAGE_NAME, POSITION)
VALUES (26, 27, '292ba292-61eb-4145-b60d-09de1db6bfb4.jpg', 1);
INSERT INTO kofify.AK_USER_IMAGE (ID, USER_ID, IMAGE_NAME, POSITION)
VALUES (27, 28, 'c004ea7b-81e9-499f-a651-01927be3ec60.jpg', 1);
INSERT INTO kofify.AK_USER_IMAGE (ID, USER_ID, IMAGE_NAME, POSITION)
VALUES (28, 29, '4ff53492-cd04-4c51-9138-4166281f2b54.jpg', 1);
INSERT INTO kofify.AK_USER_IMAGE (ID, USER_ID, IMAGE_NAME, POSITION)
VALUES (29, 30, '5b790bc7-079f-44fc-b874-56cd8afc4d18.jpg', 1);
INSERT INTO kofify.AK_USER_IMAGE (ID, USER_ID, IMAGE_NAME, POSITION)
VALUES (30, 31, '19c1a48e-17a2-46b0-a337-c71745d2a0f9.jpg', 1);
INSERT INTO kofify.AK_USER_IMAGE (ID, USER_ID, IMAGE_NAME, POSITION)
VALUES (31, 32, '9123c900-aba0-47f7-8a42-189a6afbd533.jpg', 1);
INSERT INTO kofify.AK_USER_IMAGE (ID, USER_ID, IMAGE_NAME, POSITION)
VALUES (32, 33, '40b3ad4b-2f2e-499d-b2e0-434b77091a2d.jpg', 1);
INSERT INTO kofify.AK_USER_IMAGE (ID, USER_ID, IMAGE_NAME, POSITION)
VALUES (33, 34, '5849d78f-41f8-4f97-80f0-47c0849c7c97.jpg', 1);
INSERT INTO kofify.AK_USER_IMAGE (ID, USER_ID, IMAGE_NAME, POSITION)
VALUES (34, 35, 'd7f1a2da-33c9-4ccb-8db6-d66026c6056d.jpg', 1);
INSERT INTO kofify.AK_USER_IMAGE (ID, USER_ID, IMAGE_NAME, POSITION)
VALUES (35, 36, 'e35ed960-ec4b-4a99-93e8-2daf35f8a32c.jpg', 1);
INSERT INTO kofify.AK_USER_IMAGE (ID, USER_ID, IMAGE_NAME, POSITION)
VALUES (36, 37, '709504b5-8ded-4147-8af0-0f2ba121eec7.jpg', 1);
INSERT INTO kofify.AK_USER_IMAGE (ID, USER_ID, IMAGE_NAME, POSITION)
VALUES (37, 38, 'db8d7a4e-d78a-48fe-a03b-11fa044a28ed.jpg', 1);
INSERT INTO kofify.AK_USER_IMAGE (ID, USER_ID, IMAGE_NAME, POSITION)
VALUES (38, 39, 'c61064f8-ab9c-4dff-889f-88d8df0f1220.jpg', 1);
INSERT INTO kofify.AK_USER_IMAGE (ID, USER_ID, IMAGE_NAME, POSITION)
VALUES (39, 40, '57af94c8-3d45-49c4-8f35-a8ef9685c12d.jpg', 1);
INSERT INTO kofify.AK_USER_IMAGE (ID, USER_ID, IMAGE_NAME, POSITION)
VALUES (40, 41, '0e1f3a8c-a7c4-4863-ae96-ec89c6df47f5.jpg', 1);
INSERT INTO kofify.AK_USER_IMAGE (ID, USER_ID, IMAGE_NAME, POSITION)
VALUES (41, 42, 'cad719c9-5e92-4c0f-b087-f597b3ef7149.jpg', 1);
INSERT INTO kofify.AK_USER_IMAGE (ID, USER_ID, IMAGE_NAME, POSITION)
VALUES (42, 43, '139fe53a-0947-4f54-a279-22b8bd6063bb.jpg', 1);
INSERT INTO kofify.AK_USER_IMAGE (ID, USER_ID, IMAGE_NAME, POSITION)
VALUES (43, 44, '48a67e8f-faab-4c8a-8372-6ec26a3530ce.jpg', 1);
INSERT INTO kofify.AK_USER_IMAGE (ID, USER_ID, IMAGE_NAME, POSITION)
VALUES (44, 45, '8c8ea25c-737d-40f9-959f-c4f20cfdad91.jpg', 1);
INSERT INTO kofify.AK_USER_IMAGE (ID, USER_ID, IMAGE_NAME, POSITION)
VALUES (45, 46, 'ed43a885-ca09-42df-9833-384798863b91.jpg', 1);
INSERT INTO kofify.AK_USER_IMAGE (ID, USER_ID, IMAGE_NAME, POSITION)
VALUES (46, 47, 'b7c2e804-6b65-43bf-82ea-82cf3953dd6d.jpg', 1);
INSERT INTO kofify.AK_USER_IMAGE (ID, USER_ID, IMAGE_NAME, POSITION)
VALUES (47, 48, '08a3d188-18e8-4716-ba04-d186e707d020.jpg', 1);
INSERT INTO kofify.AK_USER_IMAGE (ID, USER_ID, IMAGE_NAME, POSITION)
VALUES (48, 49, '32b2985d-7233-4d61-bb84-3920f4ff5ae5.jpg', 1);
INSERT INTO kofify.AK_USER_IMAGE (ID, USER_ID, IMAGE_NAME, POSITION)
VALUES (49, 50, 'c97e9ba5-937c-41f0-b03a-18bf7bc156f8.jpg', 1);
INSERT INTO kofify.AK_USER_IMAGE (ID, USER_ID, IMAGE_NAME, POSITION)
VALUES (50, 51, '28e91472-64fa-4dd8-a113-cedcee9a8745.jpg', 1);
INSERT INTO kofify.AK_USER_IMAGE (ID, USER_ID, IMAGE_NAME, POSITION)
VALUES (51, 52, '72663beb-95a1-445f-a25b-f341bab2adab.jpg', 1);
INSERT INTO kofify.AK_USER_IMAGE (ID, USER_ID, IMAGE_NAME, POSITION)
VALUES (52, 53, '0e2a05b8-591e-4633-bb44-074eafec2f62.jpg', 1);
INSERT INTO kofify.AK_USER_IMAGE (ID, USER_ID, IMAGE_NAME, POSITION)
VALUES (53, 54, 'de15dfcb-3338-4e8d-9888-b428d4055ea9.jpg', 1);
INSERT INTO kofify.AK_USER_IMAGE (ID, USER_ID, IMAGE_NAME, POSITION)
VALUES (54, 55, '0d319934-314e-482e-af00-992dc544166c.jpg', 1);
INSERT INTO kofify.AK_USER_IMAGE (ID, USER_ID, IMAGE_NAME, POSITION)
VALUES (55, 56, '8019941a-1947-4296-88da-f180d3faa0e7.jpg', 1);
INSERT INTO kofify.AK_USER_IMAGE (ID, USER_ID, IMAGE_NAME, POSITION)
VALUES (56, 57, '5321a0b0-3c10-443b-a1a9-61ba7a6da1bc.jpg', 1);
INSERT INTO kofify.AK_USER_IMAGE (ID, USER_ID, IMAGE_NAME, POSITION)
VALUES (57, 58, 'f9460665-8144-43db-bb0b-7f90e5aead98.jpg', 1);
INSERT INTO kofify.AK_USER_IMAGE (ID, USER_ID, IMAGE_NAME, POSITION)
VALUES (58, 59, '975ee4b5-b983-4160-aed5-ecb5e405c221.jpg', 1);
INSERT INTO kofify.AK_USER_IMAGE (ID, USER_ID, IMAGE_NAME, POSITION)
VALUES (59, 60, 'e0b9f7eb-4a76-4672-a334-0d24ea881068.jpg', 1);
INSERT INTO kofify.AK_USER_IMAGE (ID, USER_ID, IMAGE_NAME, POSITION)
VALUES (60, 61, 'd7c92199-fc35-442e-8586-917ef00be4ea.jpg', 1);
INSERT INTO kofify.AK_USER_IMAGE (ID, USER_ID, IMAGE_NAME, POSITION)
VALUES (61, 62, '8e2a8f76-8c5c-4b31-a90b-968a1b4ec403.jpg', 1);
INSERT INTO kofify.AK_USER_IMAGE (ID, USER_ID, IMAGE_NAME, POSITION)
VALUES (62, 63, 'a2289cd5-f2f2-44f1-80f9-86834819ddca.jpg', 1);
INSERT INTO kofify.AK_USER_IMAGE (ID, USER_ID, IMAGE_NAME, POSITION)
VALUES (63, 64, '4e64bc89-8e82-4411-a8e3-173d2dbc8e44.jpg', 1);
INSERT INTO kofify.AK_USER_IMAGE (ID, USER_ID, IMAGE_NAME, POSITION)
VALUES (64, 65, 'de3b4865-b3d7-4bfc-bbaa-08eed3396d05.jpg', 1);
INSERT INTO kofify.AK_USER_IMAGE (ID, USER_ID, IMAGE_NAME, POSITION)
VALUES (65, 66, '4e3406e1-7d74-4d4b-8d52-b0a23e9a4763.jpg', 1);
INSERT INTO kofify.AK_USER_IMAGE (ID, USER_ID, IMAGE_NAME, POSITION)
VALUES (66, 67, '8d91a646-2863-4d7e-bfc3-4dc17ecb8999.jpg', 1);
INSERT INTO kofify.AK_USER_IMAGE (ID, USER_ID, IMAGE_NAME, POSITION)
VALUES (67, 68, '2196168f-2334-4e34-96fa-9d3750be2f64.jpg', 1);
INSERT INTO kofify.AK_USER_IMAGE (ID, USER_ID, IMAGE_NAME, POSITION)
VALUES (68, 69, 'cbe0be09-3931-450a-8eb1-e21ab91fa22a.jpg', 1);
INSERT INTO kofify.AK_USER_IMAGE (ID, USER_ID, IMAGE_NAME, POSITION)
VALUES (69, 70, 'e1779904-57c0-420c-9374-7480d45fa99e.jpg', 1);
INSERT INTO kofify.AK_USER_IMAGE (ID, USER_ID, IMAGE_NAME, POSITION)
VALUES (70, 71, '48175559-8f1b-4a99-b427-263688d32352.jpg', 1);
INSERT INTO kofify.AK_USER_IMAGE (ID, USER_ID, IMAGE_NAME, POSITION)
VALUES (71, 72, '90c32d10-abe3-4592-86e6-04b2c0a41156.jpg', 1);
INSERT INTO kofify.AK_USER_IMAGE (ID, USER_ID, IMAGE_NAME, POSITION)
VALUES (72, 73, '2512c4ce-198c-4269-8143-d737aae13f76.jpg', 1);
INSERT INTO kofify.AK_USER_IMAGE (ID, USER_ID, IMAGE_NAME, POSITION)
VALUES (73, 74, 'b100174f-d07c-40fe-81b2-607d2d47f175.jpg', 1);
INSERT INTO kofify.AK_USER_IMAGE (ID, USER_ID, IMAGE_NAME, POSITION)
VALUES (74, 75, '4a787a16-e6c3-44ff-916b-8126f40dd870.jpg', 1);
INSERT INTO kofify.AK_USER_IMAGE (ID, USER_ID, IMAGE_NAME, POSITION)
VALUES (75, 76, '93e57a58-60da-4624-ba1f-6af758967a3f.jpg', 1);
INSERT INTO kofify.AK_USER_IMAGE (ID, USER_ID, IMAGE_NAME, POSITION)
VALUES (76, 77, '4b163cfa-0e38-4dea-9945-ebfcb326f24d.jpg', 1);
INSERT INTO kofify.AK_USER_IMAGE (ID, USER_ID, IMAGE_NAME, POSITION)
VALUES (77, 78, '1032ca91-6fb5-41e5-803a-3d1158f72454.jpg', 1);
INSERT INTO kofify.AK_USER_IMAGE (ID, USER_ID, IMAGE_NAME, POSITION)
VALUES (78, 79, 'a4619bae-52cf-4a8f-89b0-e7d8db92bbb0.jpg', 1);
INSERT INTO kofify.AK_USER_IMAGE (ID, USER_ID, IMAGE_NAME, POSITION)
VALUES (79, 80, '010c87b6-f725-470f-ab65-8c83735cfd2b.jpg', 1);
INSERT INTO kofify.AK_USER_IMAGE (ID, USER_ID, IMAGE_NAME, POSITION)
VALUES (80, 81, 'd74bd2e2-1904-49a0-9578-aa5945e9d194.jpg', 1);
INSERT INTO kofify.AK_USER_IMAGE (ID, USER_ID, IMAGE_NAME, POSITION)
VALUES (81, 82, 'cd5fd16d-b3c7-40d2-8fd3-3e8430dd6013.jpg', 1);
INSERT INTO kofify.AK_USER_IMAGE (ID, USER_ID, IMAGE_NAME, POSITION)
VALUES (82, 83, '8fd049fd-2843-4240-93c3-eb871391312b.jpg', 1);
INSERT INTO kofify.AK_USER_IMAGE (ID, USER_ID, IMAGE_NAME, POSITION)
VALUES (83, 84, '078c4c36-a3c3-4103-934f-6e3e36bdbb8e.jpg', 1);
INSERT INTO kofify.AK_USER_IMAGE (ID, USER_ID, IMAGE_NAME, POSITION)
VALUES (84, 85, '29e3355e-f09c-445a-9d79-215aa8052dc8.jpg', 1);
INSERT INTO kofify.AK_USER_IMAGE (ID, USER_ID, IMAGE_NAME, POSITION)
VALUES (85, 86, '17bebeba-f924-4b5d-bf7c-03d57c306759.jpg', 1);
INSERT INTO kofify.AK_USER_IMAGE (ID, USER_ID, IMAGE_NAME, POSITION)
VALUES (86, 87, 'c30ffd69-9829-4659-99b4-cd53544b5831.jpg', 1);
INSERT INTO kofify.AK_USER_IMAGE (ID, USER_ID, IMAGE_NAME, POSITION)
VALUES (87, 88, '25a6f108-78fc-4480-b83c-fa238af26faa.jpg', 1);
INSERT INTO kofify.AK_USER_IMAGE (ID, USER_ID, IMAGE_NAME, POSITION)
VALUES (88, 89, 'a82546dd-0b92-47a8-8379-d9d4358e01db.jpg', 1);
INSERT INTO kofify.AK_USER_IMAGE (ID, USER_ID, IMAGE_NAME, POSITION)
VALUES (89, 90, '54eb83d1-25f1-4002-8d00-e5b9baa33e71.jpg', 1);
INSERT INTO kofify.AK_USER_IMAGE (ID, USER_ID, IMAGE_NAME, POSITION)
VALUES (90, 91, 'b5f7bcfd-19fd-4997-9e78-3118c2bda861.jpg', 1);
INSERT INTO kofify.AK_USER_IMAGE (ID, USER_ID, IMAGE_NAME, POSITION)
VALUES (91, 92, 'c78e0969-b55d-407e-969a-c7818a0e781c.jpg', 1);
INSERT INTO kofify.AK_USER_IMAGE (ID, USER_ID, IMAGE_NAME, POSITION)
VALUES (92, 93, '9e0861bd-bceb-4c12-8da8-fa0eb6f0adbe.jpg', 1);
INSERT INTO kofify.AK_USER_IMAGE (ID, USER_ID, IMAGE_NAME, POSITION)
VALUES (93, 94, 'ac027e0a-220a-46b1-af7d-ed8d58d5db64.jpg', 1);
INSERT INTO kofify.AK_USER_IMAGE (ID, USER_ID, IMAGE_NAME, POSITION)
VALUES (94, 95, 'b3b92d72-d9db-4e19-838c-a8bec9f79b45.jpg', 1);
INSERT INTO kofify.AK_USER_IMAGE (ID, USER_ID, IMAGE_NAME, POSITION)
VALUES (95, 96, '8df8ce0f-afce-44fd-aa9a-533f46a9f6a9.jpg', 1);
INSERT INTO kofify.AK_USER_IMAGE (ID, USER_ID, IMAGE_NAME, POSITION)
VALUES (96, 97, '7c5271ad-ddee-43e6-b34d-12c18579594a.jpg', 1);
INSERT INTO kofify.AK_USER_IMAGE (ID, USER_ID, IMAGE_NAME, POSITION)
VALUES (97, 98, '778103a4-35d3-40ce-9170-ea1f90f35064.jpg', 1);
INSERT INTO kofify.AK_USER_IMAGE (ID, USER_ID, IMAGE_NAME, POSITION)
VALUES (98, 99, '1272ad7f-aa84-4faa-adae-303511f7f1a9.jpg', 1);
INSERT INTO kofify.AK_USER_IMAGE (ID, USER_ID, IMAGE_NAME, POSITION)
VALUES (99, 100, 'c3bbca8c-6b0a-490c-b6ae-ea1a472d2e55.jpg', 1);
INSERT INTO kofify.AK_USER_IMAGE (ID, USER_ID, IMAGE_NAME, POSITION)
VALUES (100, 101, '5ec3ad36-3e5d-4874-b3f2-c99e9ac5afea.jpg', 1);
INSERT INTO kofify.AK_USER_IMAGE (ID, USER_ID, IMAGE_NAME, POSITION)
VALUES (101, 102, '2cb477fe-c6a3-4577-a4e7-e45cdc55bd32.jpg', 1);
INSERT INTO kofify.AK_USER_IMAGE (ID, USER_ID, IMAGE_NAME, POSITION)
VALUES (102, 103, '1a1e6817-ddad-4440-a789-421226015eea.jpg', 1);

INSERT INTO AK_CHAT(ID, TITLE)
VALUES (1, 'Chat 1');

INSERT INTO AK_CHAT_USER(ID, CHAT_ID, USER_ID)
VALUES (1, 1, 1);
INSERT INTO AK_CHAT_USER(ID, CHAT_ID, USER_ID)
VALUES (2, 1, 2);

INSERT INTO AK_CHAT_LINE(ID, CHAT_USER_ID, CONTENT, CREATED_AT)
VALUES (1, 1, 'Message 1 from user 1 to chat 1', '2019-06-18 08:33:22.556000000');

INSERT INTO AK_CHAT_LINE(ID, CHAT_USER_ID, CONTENT, CREATED_AT)
VALUES (2, 1, 'Message 2 from user 1 to chat 1', '2019-06-18 09:33:22.556000000');

INSERT INTO AK_CHAT_LINE(ID, CHAT_USER_ID, CONTENT, CREATED_AT)
VALUES (3, 2, 'Message 1 from user 2 to chat 1', '2019-06-18 10:33:22.556000000');

INSERT INTO AK_CHAT_LINE(ID, CHAT_USER_ID, CONTENT, CREATED_AT)
VALUES (4, 1, 'Message 1 from user 1 to chat 1', '2019-06-18 11:33:22.556000000');

INSERT INTO oauth_client_details(client_id, resource_ids, client_secret, scope, authorized_grant_types, authorities,
                                 access_token_validity, refresh_token_validity)

VALUES ('spring-security-oauth2-read-client', 'resource-server-rest-api',

           /*spring-security-oauth2-read-client-password1234*/'$2a$04$WGq2P9egiOYoOFemBRfsiO9qTcyJtNRnPKNBl5tokP7IP.eZn93km',
        'read', 'password,authorization_code,refresh_token,implicit,social', 'USER', 10800, 2592000);

INSERT INTO oauth_client_details(client_id, resource_ids, client_secret, scope, authorized_grant_types, authorities,
                                 access_token_validity, refresh_token_validity)

VALUES ('spring-security-oauth2-read-write-client', 'resource-server-rest-api',

           /*spring-security-oauth2-read-write-client-password1234*/'$2a$04$soeOR.QFmClXeFIrhJVLWOQxfHjsJLSpWrU1iGxcMGdu.a5hvfY4W',
        'read,write', 'password,authorization_code,refresh_token,implicit,social', 'USER', 10800, 2592000);


INSERT INTO oauth_client_details(client_id, resource_ids, client_secret, scope, authorized_grant_types, authorities,
                                 access_token_validity, refresh_token_validity)

VALUES ('spring-security-oauth2-read-write-client-fb', 'resource-server-rest-api',

           /*spring-security-oauth2-read-write-client-password1234*/'$2a$04$soeOR.QFmClXeFIrhJVLWOQxfHjsJLSpWrU1iGxcMGdu.a5hvfY4W',
        'read,write', 'password,authorization_code,refresh_token,implicit,social', 'USER', 10800, 2592000);


-- SELECT *
-- FROM (SELECT (6371 * acos(
--                 cos(radians(LAT))
--                 * cos(radians(LAT_ORIGINAL))
--                 * cos(radians(LON_ORIGINAL) - radians(LON))
--             + sin(radians(LAT))
--                     * sin(radians(LAT_ORIGINAL))
--     )) * 1000 as distance,
--              A.*
--       FROM (SELECT LAT AS LAT_ORIGINAL, LON AS LON_ORIGINAL
--             FROM AK_POSITION
--                      INNER JOIN AK_USER AU on AK_POSITION.ID = AU.POSITION_ID
--             WHERE AU.ID = 1)
--                INNER JOIN AK_POSITION
--                INNER JOIN AK_USER A on AK_POSITION.ID = A.POSITION_ID
--       WHERE A.ID != 1)
-- WHERE distance < 1000
