# INSERT INTO AK_POSITION (ID, LAT, LON)
# VALUES (1, 45.4750572, 9.1748737);
# INSERT INTO AK_POSITION (ID, LAT, LON)
# VALUES (2, 45.4748338, 9.1746082);
# INSERT INTO AK_POSITION (ID, LAT, LON)
# VALUES (3, 45.5748338, 9.1746082);

INSERT INTO PUBLIC.AK_POSITION (ID, LAT, LON, CREATED_AT, UPDATED_AT) VALUES (1, 45.4750572, 9.1748737, '2019-07-20 15:19:58.389000', '2019-07-20 15:19:58.389000');
INSERT INTO PUBLIC.AK_POSITION (ID, LAT, LON, CREATED_AT, UPDATED_AT) VALUES (2, 45.4748338, 9.1746082, '2019-07-20 15:19:58.390000', '2019-07-20 15:19:58.390000');
INSERT INTO PUBLIC.AK_POSITION (ID, LAT, LON, CREATED_AT, UPDATED_AT) VALUES (3, 45.5748338, 9.1746082, '2019-07-20 15:19:58.390000', '2019-07-20 15:19:58.390000');
INSERT INTO PUBLIC.AK_POSITION (ID, LAT, LON, CREATED_AT, UPDATED_AT) VALUES (4, 45.47696313154879, 9.232652163002653, '2019-07-20 15:20:14.185000', '2019-07-20 15:20:14.185000');
INSERT INTO PUBLIC.AK_POSITION (ID, LAT, LON, CREATED_AT, UPDATED_AT) VALUES (5, 45.42962540406731, 9.17470288184584, '2019-07-20 15:20:15.487000', '2019-07-20 15:20:15.487000');
INSERT INTO PUBLIC.AK_POSITION (ID, LAT, LON, CREATED_AT, UPDATED_AT) VALUES (6, 45.44227835505114, 9.256924096841562, '2019-07-20 15:20:16.422000', '2019-07-20 15:20:16.422000');
INSERT INTO PUBLIC.AK_POSITION (ID, LAT, LON, CREATED_AT, UPDATED_AT) VALUES (7, 45.45557407872083, 9.12513299456016, '2019-07-20 15:20:20.927000', '2019-07-20 15:20:20.927000');
INSERT INTO PUBLIC.AK_POSITION (ID, LAT, LON, CREATED_AT, UPDATED_AT) VALUES (8, 45.53958970845585, 9.225640997001195, '2019-07-20 15:20:22.304000', '2019-07-20 15:20:22.304000');
INSERT INTO PUBLIC.AK_POSITION (ID, LAT, LON, CREATED_AT, UPDATED_AT) VALUES (9, 45.54600435385227, 9.226416281741786, '2019-07-20 15:20:23.218000', '2019-07-20 15:20:23.218000');
INSERT INTO PUBLIC.AK_POSITION (ID, LAT, LON, CREATED_AT, UPDATED_AT) VALUES (10, 45.47025291407151, 9.266022716728692, '2019-07-20 15:20:24.156000', '2019-07-20 15:20:24.156000');
INSERT INTO PUBLIC.AK_POSITION (ID, LAT, LON, CREATED_AT, UPDATED_AT) VALUES (11, 45.47516110584095, 9.174851308926435, '2019-07-20 15:20:25.842000', '2019-07-20 15:20:25.842000');
INSERT INTO PUBLIC.AK_POSITION (ID, LAT, LON, CREATED_AT, UPDATED_AT) VALUES (12, 45.53797074637302, 9.131739184032387, '2019-07-20 15:20:26.834000', '2019-07-20 15:20:26.834000');
INSERT INTO PUBLIC.AK_POSITION (ID, LAT, LON, CREATED_AT, UPDATED_AT) VALUES (13, 45.4177720133642, 9.210478047416233, '2019-07-20 15:20:33.168000', '2019-07-20 15:20:33.168000');
INSERT INTO PUBLIC.AK_POSITION (ID, LAT, LON, CREATED_AT, UPDATED_AT) VALUES (14, 45.40321280031138, 9.17033442017692, '2019-07-20 15:20:34.313000', '2019-07-20 15:20:34.313000');
INSERT INTO PUBLIC.AK_POSITION (ID, LAT, LON, CREATED_AT, UPDATED_AT) VALUES (15, 45.39628665629246, 9.193871601281069, '2019-07-20 15:20:37.406000', '2019-07-20 15:20:37.406000');
INSERT INTO PUBLIC.AK_POSITION (ID, LAT, LON, CREATED_AT, UPDATED_AT) VALUES (16, 45.38832112330943, 9.15589405982764, '2019-07-20 15:20:38.384000', '2019-07-20 15:20:38.384000');
INSERT INTO PUBLIC.AK_POSITION (ID, LAT, LON, CREATED_AT, UPDATED_AT) VALUES (17, 45.46059093014143, 9.109276002868311, '2019-07-20 15:20:39.958000', '2019-07-20 15:20:39.958000');
INSERT INTO PUBLIC.AK_POSITION (ID, LAT, LON, CREATED_AT, UPDATED_AT) VALUES (18, 45.42928602260811, 9.159731430872192, '2019-07-20 15:20:40.869000', '2019-07-20 15:20:40.869000');
INSERT INTO PUBLIC.AK_POSITION (ID, LAT, LON, CREATED_AT, UPDATED_AT) VALUES (19, 45.41812375621407, 9.16933381702112, '2019-07-20 15:20:43.049000', '2019-07-20 15:20:43.049000');
INSERT INTO PUBLIC.AK_POSITION (ID, LAT, LON, CREATED_AT, UPDATED_AT) VALUES (20, 45.501403756448354, 9.226985832907026, '2019-07-20 15:20:43.990000', '2019-07-20 15:20:43.990000');
INSERT INTO PUBLIC.AK_POSITION (ID, LAT, LON, CREATED_AT, UPDATED_AT) VALUES (21, 45.42371257603052, 9.191616910368966, '2019-07-20 15:20:45.673000', '2019-07-20 15:20:45.673000');
INSERT INTO PUBLIC.AK_POSITION (ID, LAT, LON, CREATED_AT, UPDATED_AT) VALUES (22, 45.556250526662424, 9.204950810930043, '2019-07-20 15:20:46.505000', '2019-07-20 15:20:46.505000');
INSERT INTO PUBLIC.AK_POSITION (ID, LAT, LON, CREATED_AT, UPDATED_AT) VALUES (23, 45.509460372320504, 9.253614020161407, '2019-07-20 15:20:50.809000', '2019-07-20 15:20:50.809000');
INSERT INTO PUBLIC.AK_POSITION (ID, LAT, LON, CREATED_AT, UPDATED_AT) VALUES (24, 45.54883594476063, 9.217833602594782, '2019-07-20 15:20:51.719000', '2019-07-20 15:20:51.719000');
INSERT INTO PUBLIC.AK_POSITION (ID, LAT, LON, CREATED_AT, UPDATED_AT) VALUES (25, 45.41641823472404, 9.12254898518341, '2019-07-20 15:20:52.582000', '2019-07-20 15:20:52.582000');
INSERT INTO PUBLIC.AK_POSITION (ID, LAT, LON, CREATED_AT, UPDATED_AT) VALUES (26, 45.464318041214405, 9.25951292983769, '2019-07-20 15:20:53.467000', '2019-07-20 15:20:53.467000');
INSERT INTO PUBLIC.AK_POSITION (ID, LAT, LON, CREATED_AT, UPDATED_AT) VALUES (27, 45.40699594874986, 9.20336299660961, '2019-07-20 15:20:54.381000', '2019-07-20 15:20:54.381000');
INSERT INTO PUBLIC.AK_POSITION (ID, LAT, LON, CREATED_AT, UPDATED_AT) VALUES (28, 45.51842559602081, 9.248148054437438, '2019-07-20 15:20:55.355000', '2019-07-20 15:20:55.355000');
INSERT INTO PUBLIC.AK_POSITION (ID, LAT, LON, CREATED_AT, UPDATED_AT) VALUES (29, 45.401143494227775, 9.147200614864799, '2019-07-20 15:20:56.246000', '2019-07-20 15:20:56.246000');
INSERT INTO PUBLIC.AK_POSITION (ID, LAT, LON, CREATED_AT, UPDATED_AT) VALUES (30, 45.465912089354205, 9.210120579830484, '2019-07-20 15:20:57.078000', '2019-07-20 15:20:57.078000');
INSERT INTO PUBLIC.AK_POSITION (ID, LAT, LON, CREATED_AT, UPDATED_AT) VALUES (31, 45.48162697530819, 9.237421689534395, '2019-07-20 15:20:57.968000', '2019-07-20 15:20:57.968000');
INSERT INTO PUBLIC.AK_POSITION (ID, LAT, LON, CREATED_AT, UPDATED_AT) VALUES (32, 45.49806497570033, 9.148546169299891, '2019-07-20 15:20:58.830000', '2019-07-20 15:20:58.830000');
INSERT INTO PUBLIC.AK_POSITION (ID, LAT, LON, CREATED_AT, UPDATED_AT) VALUES (33, 45.49171837005212, 9.25865890653216, '2019-07-20 15:20:59.805000', '2019-07-20 15:20:59.805000');
INSERT INTO PUBLIC.AK_POSITION (ID, LAT, LON, CREATED_AT, UPDATED_AT) VALUES (34, 45.53384083688293, 9.17497664130231, '2019-07-20 15:21:00.722000', '2019-07-20 15:21:00.722000');
INSERT INTO PUBLIC.AK_POSITION (ID, LAT, LON, CREATED_AT, UPDATED_AT) VALUES (35, 45.48465663468026, 9.14659592371594, '2019-07-20 15:21:01.624000', '2019-07-20 15:21:01.624000');
INSERT INTO PUBLIC.AK_POSITION (ID, LAT, LON, CREATED_AT, UPDATED_AT) VALUES (36, 45.45535188229669, 9.254004139145522, '2019-07-20 15:21:03.701000', '2019-07-20 15:21:03.701000');
INSERT INTO PUBLIC.AK_POSITION (ID, LAT, LON, CREATED_AT, UPDATED_AT) VALUES (37, 45.41055614667795, 9.147819055687494, '2019-07-20 15:21:04.594000', '2019-07-20 15:21:04.594000');
INSERT INTO PUBLIC.AK_POSITION (ID, LAT, LON, CREATED_AT, UPDATED_AT) VALUES (38, 45.42427657068938, 9.229184226072233, '2019-07-20 15:21:05.497000', '2019-07-20 15:21:05.497000');
INSERT INTO PUBLIC.AK_POSITION (ID, LAT, LON, CREATED_AT, UPDATED_AT) VALUES (39, 45.42800351163433, 9.18255781023694, '2019-07-20 15:21:06.357000', '2019-07-20 15:21:06.357000');
INSERT INTO PUBLIC.AK_POSITION (ID, LAT, LON, CREATED_AT, UPDATED_AT) VALUES (40, 45.51314417861193, 9.257478389594446, '2019-07-20 15:21:07.264000', '2019-07-20 15:21:07.264000');
INSERT INTO PUBLIC.AK_POSITION (ID, LAT, LON, CREATED_AT, UPDATED_AT) VALUES (41, 45.42527156335635, 9.216382058027223, '2019-07-20 15:21:08.154000', '2019-07-20 15:21:08.154000');
INSERT INTO PUBLIC.AK_POSITION (ID, LAT, LON, CREATED_AT, UPDATED_AT) VALUES (42, 45.39740149314588, 9.217291572436002, '2019-07-20 15:21:09.042000', '2019-07-20 15:21:09.042000');
INSERT INTO PUBLIC.AK_POSITION (ID, LAT, LON, CREATED_AT, UPDATED_AT) VALUES (43, 45.43620238334096, 9.215239385100586, '2019-07-20 15:21:09.915000', '2019-07-20 15:21:09.915000');
INSERT INTO PUBLIC.AK_POSITION (ID, LAT, LON, CREATED_AT, UPDATED_AT) VALUES (44, 45.43607424717699, 9.200691434548244, '2019-07-20 15:21:10.899000', '2019-07-20 15:21:10.899000');
INSERT INTO PUBLIC.AK_POSITION (ID, LAT, LON, CREATED_AT, UPDATED_AT) VALUES (45, 45.4493627957631, 9.214917539558598, '2019-07-20 15:21:12.149000', '2019-07-20 15:21:12.149000');
INSERT INTO PUBLIC.AK_POSITION (ID, LAT, LON, CREATED_AT, UPDATED_AT) VALUES (46, 45.474014586560514, 9.275198191932587, '2019-07-20 15:21:13.131000', '2019-07-20 15:21:13.131000');
INSERT INTO PUBLIC.AK_POSITION (ID, LAT, LON, CREATED_AT, UPDATED_AT) VALUES (47, 45.47264438610336, 9.149793268133653, '2019-07-20 15:21:14.588000', '2019-07-20 15:21:14.588000');
INSERT INTO PUBLIC.AK_POSITION (ID, LAT, LON, CREATED_AT, UPDATED_AT) VALUES (48, 45.543412056390245, 9.216994676002848, '2019-07-20 15:21:15.453000', '2019-07-20 15:21:15.453000');
INSERT INTO PUBLIC.AK_POSITION (ID, LAT, LON, CREATED_AT, UPDATED_AT) VALUES (49, 45.49363087295083, 9.251448894274315, '2019-07-20 15:21:16.532000', '2019-07-20 15:21:16.532000');
INSERT INTO PUBLIC.AK_POSITION (ID, LAT, LON, CREATED_AT, UPDATED_AT) VALUES (50, 45.39463016779785, 9.184076237785805, '2019-07-20 15:21:17.397000', '2019-07-20 15:21:17.397000');
INSERT INTO PUBLIC.AK_POSITION (ID, LAT, LON, CREATED_AT, UPDATED_AT) VALUES (51, 45.50218271230511, 9.22145087169838, '2019-07-20 15:21:18.282000', '2019-07-20 15:21:18.282000');
INSERT INTO PUBLIC.AK_POSITION (ID, LAT, LON, CREATED_AT, UPDATED_AT) VALUES (52, 45.4878608051048, 9.144393969512377, '2019-07-20 15:21:19.210000', '2019-07-20 15:21:19.210000');
INSERT INTO PUBLIC.AK_POSITION (ID, LAT, LON, CREATED_AT, UPDATED_AT) VALUES (53, 45.40437929639601, 9.16588384626431, '2019-07-20 15:21:20.111000', '2019-07-20 15:21:20.111000');
INSERT INTO PUBLIC.AK_POSITION (ID, LAT, LON, CREATED_AT, UPDATED_AT) VALUES (54, 45.51140205910217, 9.155119997712445, '2019-07-20 15:21:20.983000', '2019-07-20 15:21:20.983000');
INSERT INTO PUBLIC.AK_POSITION (ID, LAT, LON, CREATED_AT, UPDATED_AT) VALUES (55, 45.53357789067917, 9.12999031235966, '2019-07-20 15:21:22.534000', '2019-07-20 15:21:22.534000');
INSERT INTO PUBLIC.AK_POSITION (ID, LAT, LON, CREATED_AT, UPDATED_AT) VALUES (56, 45.495640308370675, 9.111441808342628, '2019-07-20 15:21:24.008000', '2019-07-20 15:21:24.008000');
INSERT INTO PUBLIC.AK_POSITION (ID, LAT, LON, CREATED_AT, UPDATED_AT) VALUES (57, 45.45583308959962, 9.13716994187566, '2019-07-20 15:21:24.980000', '2019-07-20 15:21:24.980000');
INSERT INTO PUBLIC.AK_POSITION (ID, LAT, LON, CREATED_AT, UPDATED_AT) VALUES (58, 45.51435020404544, 9.220408865682655, '2019-07-20 15:21:27.405000', '2019-07-20 15:21:27.405000');
INSERT INTO PUBLIC.AK_POSITION (ID, LAT, LON, CREATED_AT, UPDATED_AT) VALUES (59, 45.48035655714275, 9.183779353204027, '2019-07-20 15:21:29.642000', '2019-07-20 15:21:29.642000');
INSERT INTO PUBLIC.AK_POSITION (ID, LAT, LON, CREATED_AT, UPDATED_AT) VALUES (60, 45.500673116376625, 9.19858661363959, '2019-07-20 15:21:30.487000', '2019-07-20 15:21:30.487000');
INSERT INTO PUBLIC.AK_POSITION (ID, LAT, LON, CREATED_AT, UPDATED_AT) VALUES (61, 45.5078174499336, 9.231954639783138, '2019-07-20 15:21:31.485000', '2019-07-20 15:21:31.485000');
INSERT INTO PUBLIC.AK_POSITION (ID, LAT, LON, CREATED_AT, UPDATED_AT) VALUES (62, 45.54742690595592, 9.217904009153676, '2019-07-20 15:21:33.262000', '2019-07-20 15:21:33.262000');
INSERT INTO PUBLIC.AK_POSITION (ID, LAT, LON, CREATED_AT, UPDATED_AT) VALUES (63, 45.39903962391265, 9.218161759400514, '2019-07-20 15:21:34.146000', '2019-07-20 15:21:34.146000');

# INSERT INTO AK_USER (ID, POSITION_ID, EMAIL, PASSWORD_HASH, FIRST_NAME, LAST_NAME, BIRTHDAY)
# VALUES (1, 1, 'email1@email.com', /*password*/'$2a$08$EfoMXblxEFhBxSCOxI/bju0G4oVwGgtCig6INKKOJbchvNw5XhoTW',
#         'FirstName 1', 'LastName 1', '2007-06-18');
# INSERT INTO AK_USER (ID, POSITION_ID, EMAIL, PASSWORD_HASH, FIRST_NAME, LAST_NAME, BIRTHDAY)
# VALUES (2, 2, 'email2@email.com', /*password*/'$2a$08$EfoMXblxEFhBxSCOxI/bju0G4oVwGgtCig6INKKOJbchvNw5XhoTW',
#         'FirstName 2', 'LastName 2', '2009-06-18');
# INSERT INTO AK_USER (ID, POSITION_ID, EMAIL, PASSWORD_HASH, FIRST_NAME, LAST_NAME, BIRTHDAY)
# VALUES (3, 3, 'email3@email.com', /*password*/'$2a$08$EfoMXblxEFhBxSCOxI/bju0G4oVwGgtCig6INKKOJbchvNw5XhoTW',
#         'FirstName 3', 'LastName 3', '2010-06-18');

INSERT INTO PUBLIC.AK_USER (ID, FIRST_NAME, LAST_NAME, EMAIL, PASSWORD_HASH, IMG_URL, BIRTHDAY, BIO, GENDER, CREATED_AT, UPDATED_AT, ACCOUNT_EXPIRED, ACCOUNT_LOCKED, CREDENTIALS_EXPIRED, ENABLED, POSITION_ID, PUSH_ID, LAST_SEEN) VALUES (1, 'FirstName 1', 'LastName 1', 'email1@email.com', '$2a$08$EfoMXblxEFhBxSCOxI/bju0G4oVwGgtCig6INKKOJbchvNw5XhoTW', null, '2007-06-18', null, null, '2019-07-20 15:19:58.391000', '2019-07-20 15:19:58.391000', false, false, false, true, 1, null, '2019-07-20 15:19:58.391000');
INSERT INTO PUBLIC.AK_USER (ID, FIRST_NAME, LAST_NAME, EMAIL, PASSWORD_HASH, IMG_URL, BIRTHDAY, BIO, GENDER, CREATED_AT, UPDATED_AT, ACCOUNT_EXPIRED, ACCOUNT_LOCKED, CREDENTIALS_EXPIRED, ENABLED, POSITION_ID, PUSH_ID, LAST_SEEN) VALUES (2, 'FirstName 2', 'LastName 2', 'email2@email.com', '$2a$08$EfoMXblxEFhBxSCOxI/bju0G4oVwGgtCig6INKKOJbchvNw5XhoTW', null, '2009-06-18', null, null, '2019-07-20 15:19:58.391000', '2019-07-20 15:19:58.391000', false, false, false, true, 2, null, '2019-07-20 15:19:58.391000');
INSERT INTO PUBLIC.AK_USER (ID, FIRST_NAME, LAST_NAME, EMAIL, PASSWORD_HASH, IMG_URL, BIRTHDAY, BIO, GENDER, CREATED_AT, UPDATED_AT, ACCOUNT_EXPIRED, ACCOUNT_LOCKED, CREDENTIALS_EXPIRED, ENABLED, POSITION_ID, PUSH_ID, LAST_SEEN) VALUES (3, 'FirstName 3', 'LastName 3', 'email3@email.com', '$2a$08$EfoMXblxEFhBxSCOxI/bju0G4oVwGgtCig6INKKOJbchvNw5XhoTW', null, '2010-06-18', null, null, '2019-07-20 15:19:58.392000', '2019-07-20 15:19:58.392000', false, false, false, true, 3, null, '2019-07-20 15:19:58.392000');
INSERT INTO PUBLIC.AK_USER (ID, FIRST_NAME, LAST_NAME, EMAIL, PASSWORD_HASH, IMG_URL, BIRTHDAY, BIO, GENDER, CREATED_AT, UPDATED_AT, ACCOUNT_EXPIRED, ACCOUNT_LOCKED, CREDENTIALS_EXPIRED, ENABLED, POSITION_ID, PUSH_ID, LAST_SEEN) VALUES (4, 'Lucia', 'Cattaneo', 'lucia.cattaneo@email.com', '$2a$08$EfoMXblxEFhBxSCOxI/bju0G4oVwGgtCig6INKKOJbchvNw5XhoTW', 'th_2c3a07ad-3ee8-46b4-88fc-04046c691ccb.jpg', '1997-06-15', 'Food enthusiast. Passionate bacon scholar. Twitter trailblazer. Web specialist.', 0, '2019-07-20 15:20:14.240000', '2019-07-20 15:20:14.240000', false, false, false, true, 4, null, '2019-07-20 15:20:14.242000');
INSERT INTO PUBLIC.AK_USER (ID, FIRST_NAME, LAST_NAME, EMAIL, PASSWORD_HASH, IMG_URL, BIRTHDAY, BIO, GENDER, CREATED_AT, UPDATED_AT, ACCOUNT_EXPIRED, ACCOUNT_LOCKED, CREDENTIALS_EXPIRED, ENABLED, POSITION_ID, PUSH_ID, LAST_SEEN) VALUES (5, 'Jessica', 'Conte', 'jessica.conte@email.com', '$2a$08$EfoMXblxEFhBxSCOxI/bju0G4oVwGgtCig6INKKOJbchvNw5XhoTW', 'th_8b9d5fa5-939b-4a1e-b782-be7514041ceb.jpg', '1997-10-25', 'Zombie aficionado. Social media trailblazer. Passionate travel nerd. Coffee advocate. Typical bacon fanatic. Introvert.', 0, '2019-07-20 15:20:15.492000', '2019-07-20 15:20:15.492000', false, false, false, true, 5, null, '2019-07-20 15:20:15.492000');
INSERT INTO PUBLIC.AK_USER (ID, FIRST_NAME, LAST_NAME, EMAIL, PASSWORD_HASH, IMG_URL, BIRTHDAY, BIO, GENDER, CREATED_AT, UPDATED_AT, ACCOUNT_EXPIRED, ACCOUNT_LOCKED, CREDENTIALS_EXPIRED, ENABLED, POSITION_ID, PUSH_ID, LAST_SEEN) VALUES (6, 'Erica', 'Coppola', 'erica.coppola@email.com', '$2a$08$EfoMXblxEFhBxSCOxI/bju0G4oVwGgtCig6INKKOJbchvNw5XhoTW', 'th_cb3ad578-fcd3-4103-bae4-a27a5b782ec9.jpg', '1990-10-17', 'Bacon geek. Wannabe music trailblazer. Unapologetic web scholar. Alcohol junkie. Future teen idol. Extreme coffee evangelist. Explorer.', 0, '2019-07-20 15:20:16.427000', '2019-07-20 15:20:16.427000', false, false, false, true, 6, null, '2019-07-20 15:20:16.428000');
INSERT INTO PUBLIC.AK_USER (ID, FIRST_NAME, LAST_NAME, EMAIL, PASSWORD_HASH, IMG_URL, BIRTHDAY, BIO, GENDER, CREATED_AT, UPDATED_AT, ACCOUNT_EXPIRED, ACCOUNT_LOCKED, CREDENTIALS_EXPIRED, ENABLED, POSITION_ID, PUSH_ID, LAST_SEEN) VALUES (7, 'Alessandra', 'Palmieri', 'alessandra.palmieri@email.com', '$2a$08$EfoMXblxEFhBxSCOxI/bju0G4oVwGgtCig6INKKOJbchvNw5XhoTW', 'th_09bffc02-9c8c-4d49-a97d-37975d2bea5e.jpg', '1996-09-02', 'Travel evangelist. Explorer. Beer practitioner. Twitteraholic. Zombie guru. Falls down a lot. Alcohol advocate. Food scholar. Troublemaker.', 0, '2019-07-20 15:20:20.931000', '2019-07-20 15:20:20.931000', false, false, false, true, 7, null, '2019-07-20 15:20:20.932000');
INSERT INTO PUBLIC.AK_USER (ID, FIRST_NAME, LAST_NAME, EMAIL, PASSWORD_HASH, IMG_URL, BIRTHDAY, BIO, GENDER, CREATED_AT, UPDATED_AT, ACCOUNT_EXPIRED, ACCOUNT_LOCKED, CREDENTIALS_EXPIRED, ENABLED, POSITION_ID, PUSH_ID, LAST_SEEN) VALUES (8, 'Serena', 'Marino', 'serena.marino@email.com', '$2a$08$EfoMXblxEFhBxSCOxI/bju0G4oVwGgtCig6INKKOJbchvNw5XhoTW', 'th_df52f569-2384-42e3-ae1c-28beb3b82641.jpg', '1992-03-25', 'Coffee geek. Alcohol enthusiast. Incurable entrepreneur. Freelance music junkie.', 0, '2019-07-20 15:20:22.309000', '2019-07-20 15:20:22.309000', false, false, false, true, 8, null, '2019-07-20 15:20:22.309000');
INSERT INTO PUBLIC.AK_USER (ID, FIRST_NAME, LAST_NAME, EMAIL, PASSWORD_HASH, IMG_URL, BIRTHDAY, BIO, GENDER, CREATED_AT, UPDATED_AT, ACCOUNT_EXPIRED, ACCOUNT_LOCKED, CREDENTIALS_EXPIRED, ENABLED, POSITION_ID, PUSH_ID, LAST_SEEN) VALUES (9, 'Serena', 'Lombardi', 'serena.lombardi@email.com', '$2a$08$EfoMXblxEFhBxSCOxI/bju0G4oVwGgtCig6INKKOJbchvNw5XhoTW', 'th_6eadcf1f-a63d-415f-9091-163e34ccf365.jpg', '1998-10-01', 'Friendly pop culture trailblazer. Internet advocate. Explorer. Introvert. Lifelong gamer. Professional web lover.', 0, '2019-07-20 15:20:23.224000', '2019-07-20 15:20:23.224000', false, false, false, true, 9, null, '2019-07-20 15:20:23.225000');
INSERT INTO PUBLIC.AK_USER (ID, FIRST_NAME, LAST_NAME, EMAIL, PASSWORD_HASH, IMG_URL, BIRTHDAY, BIO, GENDER, CREATED_AT, UPDATED_AT, ACCOUNT_EXPIRED, ACCOUNT_LOCKED, CREDENTIALS_EXPIRED, ENABLED, POSITION_ID, PUSH_ID, LAST_SEEN) VALUES (10, 'Francesca', 'Bianchi', 'francesca.bianchi@email.com', '$2a$08$EfoMXblxEFhBxSCOxI/bju0G4oVwGgtCig6INKKOJbchvNw5XhoTW', 'th_93270bb1-3090-463e-ae83-b0249527041d.jpg', '1997-10-20', 'Coffee evangelist. Proud web expert. Amateur creator. Internet scholar. Pop culture buff.', 0, '2019-07-20 15:20:24.160000', '2019-07-20 15:20:24.160000', false, false, false, true, 10, null, '2019-07-20 15:20:24.161000');
INSERT INTO PUBLIC.AK_USER (ID, FIRST_NAME, LAST_NAME, EMAIL, PASSWORD_HASH, IMG_URL, BIRTHDAY, BIO, GENDER, CREATED_AT, UPDATED_AT, ACCOUNT_EXPIRED, ACCOUNT_LOCKED, CREDENTIALS_EXPIRED, ENABLED, POSITION_ID, PUSH_ID, LAST_SEEN) VALUES (11, 'Greta', 'Greco', 'greta.greco@email.com', '$2a$08$EfoMXblxEFhBxSCOxI/bju0G4oVwGgtCig6INKKOJbchvNw5XhoTW', 'th_afce7143-cc5f-4d5f-a59f-826f5c6b5eb3.jpg', '1994-08-26', 'Freelance thinker. Pop culture expert. Social media nerd. Communicator. Passionate music advocate.', 0, '2019-07-20 15:20:25.847000', '2019-07-20 15:20:25.847000', false, false, false, true, 11, null, '2019-07-20 15:20:25.848000');
INSERT INTO PUBLIC.AK_USER (ID, FIRST_NAME, LAST_NAME, EMAIL, PASSWORD_HASH, IMG_URL, BIRTHDAY, BIO, GENDER, CREATED_AT, UPDATED_AT, ACCOUNT_EXPIRED, ACCOUNT_LOCKED, CREDENTIALS_EXPIRED, ENABLED, POSITION_ID, PUSH_ID, LAST_SEEN) VALUES (12, 'Elisa', 'Esposito', 'elisa.esposito@email.com', '$2a$08$EfoMXblxEFhBxSCOxI/bju0G4oVwGgtCig6INKKOJbchvNw5XhoTW', 'th_50f00aa3-467a-42e5-b95a-7e1dc77975cb.jpg', '1990-04-20', 'Typical social media guru. Friendly internet trailblazer. Bacon lover. Total problem solver. Writer. Extreme food evangelist.', 0, '2019-07-20 15:20:26.838000', '2019-07-20 15:20:26.838000', false, false, false, true, 12, null, '2019-07-20 15:20:26.839000');
INSERT INTO PUBLIC.AK_USER (ID, FIRST_NAME, LAST_NAME, EMAIL, PASSWORD_HASH, IMG_URL, BIRTHDAY, BIO, GENDER, CREATED_AT, UPDATED_AT, ACCOUNT_EXPIRED, ACCOUNT_LOCKED, CREDENTIALS_EXPIRED, ENABLED, POSITION_ID, PUSH_ID, LAST_SEEN) VALUES (13, 'Gaia', 'Mancini', 'gaia.mancini@email.com', '$2a$08$EfoMXblxEFhBxSCOxI/bju0G4oVwGgtCig6INKKOJbchvNw5XhoTW', 'th_8f509d4b-519b-4732-a3ca-4076f56ec745.jpg', '1990-12-28', 'Travelaholic. Alcohol fanatic. Student. Food trailblazer. Coffee evangelist. Zombie enthusiast. Lifelong gamer. Introvert. Twitter junkie.', 0, '2019-07-20 15:20:33.171000', '2019-07-20 15:20:33.171000', false, false, false, true, 13, null, '2019-07-20 15:20:33.172000');
INSERT INTO PUBLIC.AK_USER (ID, FIRST_NAME, LAST_NAME, EMAIL, PASSWORD_HASH, IMG_URL, BIRTHDAY, BIO, GENDER, CREATED_AT, UPDATED_AT, ACCOUNT_EXPIRED, ACCOUNT_LOCKED, CREDENTIALS_EXPIRED, ENABLED, POSITION_ID, PUSH_ID, LAST_SEEN) VALUES (14, 'Lucia', 'Conte', 'lucia.conte@email.com', '$2a$08$EfoMXblxEFhBxSCOxI/bju0G4oVwGgtCig6INKKOJbchvNw5XhoTW', 'th_3ae853d3-a97f-4a1e-b306-7ed1ce1de975.jpg', '1995-10-03', 'Extreme travel advocate. Problem solver. Zombie aficionado. Internet maven. Future teen idol.', 0, '2019-07-20 15:20:34.317000', '2019-07-20 15:20:34.317000', false, false, false, true, 14, null, '2019-07-20 15:20:34.318000');
INSERT INTO PUBLIC.AK_USER (ID, FIRST_NAME, LAST_NAME, EMAIL, PASSWORD_HASH, IMG_URL, BIRTHDAY, BIO, GENDER, CREATED_AT, UPDATED_AT, ACCOUNT_EXPIRED, ACCOUNT_LOCKED, CREDENTIALS_EXPIRED, ENABLED, POSITION_ID, PUSH_ID, LAST_SEEN) VALUES (15, 'Martina', 'Palumbo', 'martina.palumbo@email.com', '$2a$08$EfoMXblxEFhBxSCOxI/bju0G4oVwGgtCig6INKKOJbchvNw5XhoTW', 'th_6cdb568d-9717-4766-8588-ac5e82d70e1f.jpg', '1995-03-17', 'Food aficionado. Hardcore introvert. Social media maven. Proud internet ninja. Tv advocate.', 0, '2019-07-20 15:20:37.410000', '2019-07-20 15:20:37.410000', false, false, false, true, 15, null, '2019-07-20 15:20:37.411000');
INSERT INTO PUBLIC.AK_USER (ID, FIRST_NAME, LAST_NAME, EMAIL, PASSWORD_HASH, IMG_URL, BIRTHDAY, BIO, GENDER, CREATED_AT, UPDATED_AT, ACCOUNT_EXPIRED, ACCOUNT_LOCKED, CREDENTIALS_EXPIRED, ENABLED, POSITION_ID, PUSH_ID, LAST_SEEN) VALUES (16, 'Cristina', 'Silvestri', 'cristina.silvestri@email.com', '$2a$08$EfoMXblxEFhBxSCOxI/bju0G4oVwGgtCig6INKKOJbchvNw5XhoTW', 'th_a51ba351-e383-4043-9586-3aea0877d8a1.jpg', '1997-08-28', 'Professional organizer. Zombie ninja. Alcohol maven. Music enthusiast. Internet advocate.', 0, '2019-07-20 15:20:38.388000', '2019-07-20 15:20:38.388000', false, false, false, true, 16, null, '2019-07-20 15:20:38.389000');
INSERT INTO PUBLIC.AK_USER (ID, FIRST_NAME, LAST_NAME, EMAIL, PASSWORD_HASH, IMG_URL, BIRTHDAY, BIO, GENDER, CREATED_AT, UPDATED_AT, ACCOUNT_EXPIRED, ACCOUNT_LOCKED, CREDENTIALS_EXPIRED, ENABLED, POSITION_ID, PUSH_ID, LAST_SEEN) VALUES (17, 'Laura', 'Montanari', 'laura.montanari@email.com', '$2a$08$EfoMXblxEFhBxSCOxI/bju0G4oVwGgtCig6INKKOJbchvNw5XhoTW', 'th_eccb3024-88a3-416c-95d1-e7f5e34666df.jpg', '1996-01-10', 'Coffee nerd. Entrepreneur. Explorer. Web expert. Bacon geek. Unapologetic zombie evangelist.', 0, '2019-07-20 15:20:39.962000', '2019-07-20 15:20:39.962000', false, false, false, true, 17, null, '2019-07-20 15:20:39.962000');
INSERT INTO PUBLIC.AK_USER (ID, FIRST_NAME, LAST_NAME, EMAIL, PASSWORD_HASH, IMG_URL, BIRTHDAY, BIO, GENDER, CREATED_AT, UPDATED_AT, ACCOUNT_EXPIRED, ACCOUNT_LOCKED, CREDENTIALS_EXPIRED, ENABLED, POSITION_ID, PUSH_ID, LAST_SEEN) VALUES (18, 'Maria', 'Ruggiero', 'maria.ruggiero@email.com', '$2a$08$EfoMXblxEFhBxSCOxI/bju0G4oVwGgtCig6INKKOJbchvNw5XhoTW', 'th_6a813eda-88c3-4903-b5f2-8468856d49ac.jpg', '1999-11-12', 'Hardcore organizer. Internet aficionado. Writer. Pop culture geek. Typical zombie specialist. Communicator. Bacon ninja. Twitter expert.', 0, '2019-07-20 15:20:40.873000', '2019-07-20 15:20:40.873000', false, false, false, true, 18, null, '2019-07-20 15:20:40.873000');
INSERT INTO PUBLIC.AK_USER (ID, FIRST_NAME, LAST_NAME, EMAIL, PASSWORD_HASH, IMG_URL, BIRTHDAY, BIO, GENDER, CREATED_AT, UPDATED_AT, ACCOUNT_EXPIRED, ACCOUNT_LOCKED, CREDENTIALS_EXPIRED, ENABLED, POSITION_ID, PUSH_ID, LAST_SEEN) VALUES (19, 'Chiara', 'Bellini', 'chiara.bellini@email.com', '$2a$08$EfoMXblxEFhBxSCOxI/bju0G4oVwGgtCig6INKKOJbchvNw5XhoTW', 'th_dff365f8-9a7c-4a1a-9090-56040468303c.jpg', '1991-04-01', 'Unapologetic gamer. Wannabe food fanatic. Twitteraholic. Amateur reader. Award-winning beer geek.', 0, '2019-07-20 15:20:43.058000', '2019-07-20 15:20:43.058000', false, false, false, true, 19, null, '2019-07-20 15:20:43.058000');
INSERT INTO PUBLIC.AK_USER (ID, FIRST_NAME, LAST_NAME, EMAIL, PASSWORD_HASH, IMG_URL, BIRTHDAY, BIO, GENDER, CREATED_AT, UPDATED_AT, ACCOUNT_EXPIRED, ACCOUNT_LOCKED, CREDENTIALS_EXPIRED, ENABLED, POSITION_ID, PUSH_ID, LAST_SEEN) VALUES (20, 'Federica', 'Farina', 'federica.farina@email.com', '$2a$08$EfoMXblxEFhBxSCOxI/bju0G4oVwGgtCig6INKKOJbchvNw5XhoTW', 'th_c639ead7-8ffe-4d18-b97d-6cc95dc23221.jpg', '1990-09-28', 'Music lover. Thinker. Friend of animals everywhere. Travel fanatic. Friendly pop culture aficionado.', 0, '2019-07-20 15:20:43.995000', '2019-07-20 15:20:43.995000', false, false, false, true, 20, null, '2019-07-20 15:20:43.996000');
INSERT INTO PUBLIC.AK_USER (ID, FIRST_NAME, LAST_NAME, EMAIL, PASSWORD_HASH, IMG_URL, BIRTHDAY, BIO, GENDER, CREATED_AT, UPDATED_AT, ACCOUNT_EXPIRED, ACCOUNT_LOCKED, CREDENTIALS_EXPIRED, ENABLED, POSITION_ID, PUSH_ID, LAST_SEEN) VALUES (21, 'Eleonora', 'Fiore', 'eleonora.fiore@email.com', '$2a$08$EfoMXblxEFhBxSCOxI/bju0G4oVwGgtCig6INKKOJbchvNw5XhoTW', 'th_f4ef3e5f-e918-47c6-8492-158d1fd33f60.jpg', '1989-07-31', 'Writer. Music practitioner. Entrepreneur. Internet expert. Food aficionado. Thinker. Coffee lover. Freelance explorer.', 0, '2019-07-20 15:20:45.677000', '2019-07-20 15:20:45.677000', false, false, false, true, 21, null, '2019-07-20 15:20:45.678000');
INSERT INTO PUBLIC.AK_USER (ID, FIRST_NAME, LAST_NAME, EMAIL, PASSWORD_HASH, IMG_URL, BIRTHDAY, BIO, GENDER, CREATED_AT, UPDATED_AT, ACCOUNT_EXPIRED, ACCOUNT_LOCKED, CREDENTIALS_EXPIRED, ENABLED, POSITION_ID, PUSH_ID, LAST_SEEN) VALUES (22, 'Gaia', 'Santoro', 'gaia.santoro@email.com', '$2a$08$EfoMXblxEFhBxSCOxI/bju0G4oVwGgtCig6INKKOJbchvNw5XhoTW', 'th_18795199-7978-42ac-956f-b69e6421a0cc.jpg', '1990-05-02', 'Troublemaker. Tv evangelist. Communicator. Alcohol maven. Bacon junkie. Infuriatingly humble pop culture guru. Beer advocate.', 0, '2019-07-20 15:20:46.510000', '2019-07-20 15:20:46.510000', false, false, false, true, 22, null, '2019-07-20 15:20:46.510000');
INSERT INTO PUBLIC.AK_USER (ID, FIRST_NAME, LAST_NAME, EMAIL, PASSWORD_HASH, IMG_URL, BIRTHDAY, BIO, GENDER, CREATED_AT, UPDATED_AT, ACCOUNT_EXPIRED, ACCOUNT_LOCKED, CREDENTIALS_EXPIRED, ENABLED, POSITION_ID, PUSH_ID, LAST_SEEN) VALUES (23, 'Irene', 'Bruno', 'irene.bruno@email.com', '$2a$08$EfoMXblxEFhBxSCOxI/bju0G4oVwGgtCig6INKKOJbchvNw5XhoTW', 'th_8f1a587d-f980-4eeb-a00b-94c9cf94324f.jpg', '1997-07-02', 'Pop culture evangelist. Passionate zombie enthusiast. Infuriatingly humble internet expert.', 0, '2019-07-20 15:20:50.813000', '2019-07-20 15:20:50.813000', false, false, false, true, 23, null, '2019-07-20 15:20:50.814000');
INSERT INTO PUBLIC.AK_USER (ID, FIRST_NAME, LAST_NAME, EMAIL, PASSWORD_HASH, IMG_URL, BIRTHDAY, BIO, GENDER, CREATED_AT, UPDATED_AT, ACCOUNT_EXPIRED, ACCOUNT_LOCKED, CREDENTIALS_EXPIRED, ENABLED, POSITION_ID, PUSH_ID, LAST_SEEN) VALUES (24, 'Lucia', 'Sartori', 'lucia.sartori@email.com', '$2a$08$EfoMXblxEFhBxSCOxI/bju0G4oVwGgtCig6INKKOJbchvNw5XhoTW', 'th_703f458c-44e2-4727-838d-23756006e6f0.jpg', '1995-11-14', 'Travel expert. Tv scholar. Coffee junkie. Music lover. Problem solver. Evil pop culture trailblazer.', 0, '2019-07-20 15:20:51.723000', '2019-07-20 15:20:51.723000', false, false, false, true, 24, null, '2019-07-20 15:20:51.724000');
INSERT INTO PUBLIC.AK_USER (ID, FIRST_NAME, LAST_NAME, EMAIL, PASSWORD_HASH, IMG_URL, BIRTHDAY, BIO, GENDER, CREATED_AT, UPDATED_AT, ACCOUNT_EXPIRED, ACCOUNT_LOCKED, CREDENTIALS_EXPIRED, ENABLED, POSITION_ID, PUSH_ID, LAST_SEEN) VALUES (25, 'Giorgia', 'Mancini', 'giorgia.mancini@email.com', '$2a$08$EfoMXblxEFhBxSCOxI/bju0G4oVwGgtCig6INKKOJbchvNw5XhoTW', 'th_c88ef00c-e3c4-44a6-aff9-77ae4de290b6.jpg', '1998-05-25', 'Coffee aficionado. Pop culture scholar. Introvert. Organizer. Entrepreneur. Communicator. Bacon guru.', 0, '2019-07-20 15:20:52.586000', '2019-07-20 15:20:52.586000', false, false, false, true, 25, null, '2019-07-20 15:20:52.587000');
INSERT INTO PUBLIC.AK_USER (ID, FIRST_NAME, LAST_NAME, EMAIL, PASSWORD_HASH, IMG_URL, BIRTHDAY, BIO, GENDER, CREATED_AT, UPDATED_AT, ACCOUNT_EXPIRED, ACCOUNT_LOCKED, CREDENTIALS_EXPIRED, ENABLED, POSITION_ID, PUSH_ID, LAST_SEEN) VALUES (26, 'Anna', 'Pellegrini', 'anna.pellegrini@email.com', '$2a$08$EfoMXblxEFhBxSCOxI/bju0G4oVwGgtCig6INKKOJbchvNw5XhoTW', 'th_d9d1d726-3e97-49e1-80f2-6286a94d558f.jpg', '1995-08-23', 'Reader. Zombie trailblazer. Music ninja. Prone to fits of apathy. Unapologetic pop culture nerd. Explorer. Subtly charming gamer.', 0, '2019-07-20 15:20:53.471000', '2019-07-20 15:20:53.471000', false, false, false, true, 26, null, '2019-07-20 15:20:53.471000');
INSERT INTO PUBLIC.AK_USER (ID, FIRST_NAME, LAST_NAME, EMAIL, PASSWORD_HASH, IMG_URL, BIRTHDAY, BIO, GENDER, CREATED_AT, UPDATED_AT, ACCOUNT_EXPIRED, ACCOUNT_LOCKED, CREDENTIALS_EXPIRED, ENABLED, POSITION_ID, PUSH_ID, LAST_SEEN) VALUES (27, 'Giorgia', 'Basile', 'giorgia.basile@email.com', '$2a$08$EfoMXblxEFhBxSCOxI/bju0G4oVwGgtCig6INKKOJbchvNw5XhoTW', 'th_7e658a39-c3b5-4dd3-bc24-e926b72c7403.jpg', '1993-05-20', 'Pop culture aficionado. Travel fanatic. Coffee scholar. General communicator. Food fan. Zombie geek. Troublemaker. Unapologetic organizer.', 0, '2019-07-20 15:20:54.385000', '2019-07-20 15:20:54.385000', false, false, false, true, 27, null, '2019-07-20 15:20:54.385000');
INSERT INTO PUBLIC.AK_USER (ID, FIRST_NAME, LAST_NAME, EMAIL, PASSWORD_HASH, IMG_URL, BIRTHDAY, BIO, GENDER, CREATED_AT, UPDATED_AT, ACCOUNT_EXPIRED, ACCOUNT_LOCKED, CREDENTIALS_EXPIRED, ENABLED, POSITION_ID, PUSH_ID, LAST_SEEN) VALUES (28, 'Maria', 'Rossetti', 'maria.rossetti@email.com', '$2a$08$EfoMXblxEFhBxSCOxI/bju0G4oVwGgtCig6INKKOJbchvNw5XhoTW', 'th_06940ba3-d1fc-4225-bad9-dafd2947cc05.jpg', '1990-07-28', 'Coffee guru. Beer junkie. Typical thinker. Twitter maven. Professional music geek.', 0, '2019-07-20 15:20:55.359000', '2019-07-20 15:20:55.359000', false, false, false, true, 28, null, '2019-07-20 15:20:55.360000');
INSERT INTO PUBLIC.AK_USER (ID, FIRST_NAME, LAST_NAME, EMAIL, PASSWORD_HASH, IMG_URL, BIRTHDAY, BIO, GENDER, CREATED_AT, UPDATED_AT, ACCOUNT_EXPIRED, ACCOUNT_LOCKED, CREDENTIALS_EXPIRED, ENABLED, POSITION_ID, PUSH_ID, LAST_SEEN) VALUES (29, 'Irene', 'Moro', 'irene.moro@email.com', '$2a$08$EfoMXblxEFhBxSCOxI/bju0G4oVwGgtCig6INKKOJbchvNw5XhoTW', 'th_f629a2af-770a-4c2c-ba38-9eb720b86cab.jpg', '1998-04-30', 'Problem solver. Social media fanatic. Evil coffeeaholic. Internet ninja. Zombie scholar. Bacon trailblazer. Organizer.', 0, '2019-07-20 15:20:56.250000', '2019-07-20 15:20:56.250000', false, false, false, true, 29, null, '2019-07-20 15:20:56.250000');
INSERT INTO PUBLIC.AK_USER (ID, FIRST_NAME, LAST_NAME, EMAIL, PASSWORD_HASH, IMG_URL, BIRTHDAY, BIO, GENDER, CREATED_AT, UPDATED_AT, ACCOUNT_EXPIRED, ACCOUNT_LOCKED, CREDENTIALS_EXPIRED, ENABLED, POSITION_ID, PUSH_ID, LAST_SEEN) VALUES (30, 'Federica', 'Benedetti', 'federica.benedetti@email.com', '$2a$08$EfoMXblxEFhBxSCOxI/bju0G4oVwGgtCig6INKKOJbchvNw5XhoTW', 'th_a3c005b2-6f03-4ef1-9aec-06076e176d35.jpg', '1999-09-04', 'Certified gamer. Avid alcohol practitioner. Beer fanatic. Professional social media buff. Web maven.', 0, '2019-07-20 15:20:57.083000', '2019-07-20 15:20:57.083000', false, false, false, true, 30, null, '2019-07-20 15:20:57.084000');
INSERT INTO PUBLIC.AK_USER (ID, FIRST_NAME, LAST_NAME, EMAIL, PASSWORD_HASH, IMG_URL, BIRTHDAY, BIO, GENDER, CREATED_AT, UPDATED_AT, ACCOUNT_EXPIRED, ACCOUNT_LOCKED, CREDENTIALS_EXPIRED, ENABLED, POSITION_ID, PUSH_ID, LAST_SEEN) VALUES (31, 'Francesca', 'Galli', 'francesca.galli@email.com', '$2a$08$EfoMXblxEFhBxSCOxI/bju0G4oVwGgtCig6INKKOJbchvNw5XhoTW', 'th_20872ae4-c918-4fbc-8f28-754b5174ed56.jpg', '1998-08-13', 'Beer buff. Student. Internet fan. Unable to type with boxing gloves on. Evil communicator.', 0, '2019-07-20 15:20:57.971000', '2019-07-20 15:20:57.971000', false, false, false, true, 31, null, '2019-07-20 15:20:57.972000');
INSERT INTO PUBLIC.AK_USER (ID, FIRST_NAME, LAST_NAME, EMAIL, PASSWORD_HASH, IMG_URL, BIRTHDAY, BIO, GENDER, CREATED_AT, UPDATED_AT, ACCOUNT_EXPIRED, ACCOUNT_LOCKED, CREDENTIALS_EXPIRED, ENABLED, POSITION_ID, PUSH_ID, LAST_SEEN) VALUES (32, 'Simona', 'Benedetti', 'simona.benedetti@email.com', '$2a$08$EfoMXblxEFhBxSCOxI/bju0G4oVwGgtCig6INKKOJbchvNw5XhoTW', 'th_40606805-9e8b-4491-9dd8-e92477112959.jpg', '1996-10-28', 'Social media specialist. Beer lover. Freelance alcohol geek. Unapologetic coffee expert. Food maven. Music buff.', 0, '2019-07-20 15:20:58.834000', '2019-07-20 15:20:58.834000', false, false, false, true, 32, null, '2019-07-20 15:20:58.834000');
INSERT INTO PUBLIC.AK_USER (ID, FIRST_NAME, LAST_NAME, EMAIL, PASSWORD_HASH, IMG_URL, BIRTHDAY, BIO, GENDER, CREATED_AT, UPDATED_AT, ACCOUNT_EXPIRED, ACCOUNT_LOCKED, CREDENTIALS_EXPIRED, ENABLED, POSITION_ID, PUSH_ID, LAST_SEEN) VALUES (33, 'Lucia', 'Giordano', 'lucia.giordano@email.com', '$2a$08$EfoMXblxEFhBxSCOxI/bju0G4oVwGgtCig6INKKOJbchvNw5XhoTW', 'th_5961fee8-0725-4047-af4a-260f2dd8a49f.jpg', '1999-07-24', 'Music ninja. General web expert. Avid coffee guru. Unable to type with boxing gloves on. Twitter junkie. Food advocate.', 0, '2019-07-20 15:20:59.809000', '2019-07-20 15:20:59.809000', false, false, false, true, 33, null, '2019-07-20 15:20:59.810000');
INSERT INTO PUBLIC.AK_USER (ID, FIRST_NAME, LAST_NAME, EMAIL, PASSWORD_HASH, IMG_URL, BIRTHDAY, BIO, GENDER, CREATED_AT, UPDATED_AT, ACCOUNT_EXPIRED, ACCOUNT_LOCKED, CREDENTIALS_EXPIRED, ENABLED, POSITION_ID, PUSH_ID, LAST_SEEN) VALUES (34, 'Lisa', 'Giordano', 'lisa.giordano@email.com', '$2a$08$EfoMXblxEFhBxSCOxI/bju0G4oVwGgtCig6INKKOJbchvNw5XhoTW', 'th_182b3cb5-288f-4c95-b7aa-7172e182a8a7.jpg', '1992-12-06', 'General bacon aficionado. Hardcore social media fanatic. Award-winning explorer. Internet expert.', 0, '2019-07-20 15:21:00.726000', '2019-07-20 15:21:00.726000', false, false, false, true, 34, null, '2019-07-20 15:21:00.727000');
INSERT INTO PUBLIC.AK_USER (ID, FIRST_NAME, LAST_NAME, EMAIL, PASSWORD_HASH, IMG_URL, BIRTHDAY, BIO, GENDER, CREATED_AT, UPDATED_AT, ACCOUNT_EXPIRED, ACCOUNT_LOCKED, CREDENTIALS_EXPIRED, ENABLED, POSITION_ID, PUSH_ID, LAST_SEEN) VALUES (35, 'Roberta', 'Rossetti', 'roberta.rossetti@email.com', '$2a$08$EfoMXblxEFhBxSCOxI/bju0G4oVwGgtCig6INKKOJbchvNw5XhoTW', 'th_1dd22b19-52a7-4052-9b69-05a368a6d62c.jpg', '1996-01-13', 'Food fan. Twitter lover. Thinker. Music ninja. Unapologetic internet evangelist.', 0, '2019-07-20 15:21:01.627000', '2019-07-20 15:21:01.627000', false, false, false, true, 35, null, '2019-07-20 15:21:01.628000');
INSERT INTO PUBLIC.AK_USER (ID, FIRST_NAME, LAST_NAME, EMAIL, PASSWORD_HASH, IMG_URL, BIRTHDAY, BIO, GENDER, CREATED_AT, UPDATED_AT, ACCOUNT_EXPIRED, ACCOUNT_LOCKED, CREDENTIALS_EXPIRED, ENABLED, POSITION_ID, PUSH_ID, LAST_SEEN) VALUES (36, 'Gaia', 'Grasso', 'gaia.grasso@email.com', '$2a$08$EfoMXblxEFhBxSCOxI/bju0G4oVwGgtCig6INKKOJbchvNw5XhoTW', 'th_fe513e0c-09c0-4274-ab0a-b844a1c243d9.jpg', '1992-06-24', 'Communicator. Avid internet junkie. Subtly charming music evangelist. Twitter ninja.', 0, '2019-07-20 15:21:03.705000', '2019-07-20 15:21:03.705000', false, false, false, true, 36, null, '2019-07-20 15:21:03.706000');
INSERT INTO PUBLIC.AK_USER (ID, FIRST_NAME, LAST_NAME, EMAIL, PASSWORD_HASH, IMG_URL, BIRTHDAY, BIO, GENDER, CREATED_AT, UPDATED_AT, ACCOUNT_EXPIRED, ACCOUNT_LOCKED, CREDENTIALS_EXPIRED, ENABLED, POSITION_ID, PUSH_ID, LAST_SEEN) VALUES (37, 'Sara', 'Martinelli', 'sara.martinelli@email.com', '$2a$08$EfoMXblxEFhBxSCOxI/bju0G4oVwGgtCig6INKKOJbchvNw5XhoTW', 'th_ab21385e-a1cb-4165-b496-075f2db999cd.jpg', '1989-11-12', 'Social media expert. Web maven. Food fanatic. Twitter aficionado. Award-winning alcohol specialist.', 0, '2019-07-20 15:21:04.598000', '2019-07-20 15:21:04.598000', false, false, false, true, 37, null, '2019-07-20 15:21:04.598000');
INSERT INTO PUBLIC.AK_USER (ID, FIRST_NAME, LAST_NAME, EMAIL, PASSWORD_HASH, IMG_URL, BIRTHDAY, BIO, GENDER, CREATED_AT, UPDATED_AT, ACCOUNT_EXPIRED, ACCOUNT_LOCKED, CREDENTIALS_EXPIRED, ENABLED, POSITION_ID, PUSH_ID, LAST_SEEN) VALUES (38, 'Paola', 'Donati', 'paola.donati@email.com', '$2a$08$EfoMXblxEFhBxSCOxI/bju0G4oVwGgtCig6INKKOJbchvNw5XhoTW', 'th_a7cd8cc1-17eb-42a3-9871-49fe163660e0.jpg', '1995-12-08', 'Communicator. Wannabe pop culture trailblazer. Alcohol geek. Hardcore twitteraholic. Internet junkie.', 0, '2019-07-20 15:21:05.501000', '2019-07-20 15:21:05.501000', false, false, false, true, 38, null, '2019-07-20 15:21:05.501000');
INSERT INTO PUBLIC.AK_USER (ID, FIRST_NAME, LAST_NAME, EMAIL, PASSWORD_HASH, IMG_URL, BIRTHDAY, BIO, GENDER, CREATED_AT, UPDATED_AT, ACCOUNT_EXPIRED, ACCOUNT_LOCKED, CREDENTIALS_EXPIRED, ENABLED, POSITION_ID, PUSH_ID, LAST_SEEN) VALUES (39, 'Cristina', 'Vitale', 'cristina.vitale@email.com', '$2a$08$EfoMXblxEFhBxSCOxI/bju0G4oVwGgtCig6INKKOJbchvNw5XhoTW', 'th_0d8c0067-8924-4459-958d-5c5cb293731e.jpg', '1993-10-18', 'Student. Friendly twitter enthusiast. Amateur alcohol advocate. Prone to fits of apathy.', 0, '2019-07-20 15:21:06.361000', '2019-07-20 15:21:06.361000', false, false, false, true, 39, null, '2019-07-20 15:21:06.361000');
INSERT INTO PUBLIC.AK_USER (ID, FIRST_NAME, LAST_NAME, EMAIL, PASSWORD_HASH, IMG_URL, BIRTHDAY, BIO, GENDER, CREATED_AT, UPDATED_AT, ACCOUNT_EXPIRED, ACCOUNT_LOCKED, CREDENTIALS_EXPIRED, ENABLED, POSITION_ID, PUSH_ID, LAST_SEEN) VALUES (40, 'Valentina', 'Piras', 'valentina.piras@email.com', '$2a$08$EfoMXblxEFhBxSCOxI/bju0G4oVwGgtCig6INKKOJbchvNw5XhoTW', 'th_6951296b-f4d1-406d-b109-f30f346e7d91.jpg', '1999-05-12', 'Problem solver. Analyst. Avid thinker. Coffee scholar. Infuriatingly humble internet nerd. Gamer. Writer. Travel geek.', 0, '2019-07-20 15:21:07.267000', '2019-07-20 15:21:07.267000', false, false, false, true, 40, null, '2019-07-20 15:21:07.268000');
INSERT INTO PUBLIC.AK_USER (ID, FIRST_NAME, LAST_NAME, EMAIL, PASSWORD_HASH, IMG_URL, BIRTHDAY, BIO, GENDER, CREATED_AT, UPDATED_AT, ACCOUNT_EXPIRED, ACCOUNT_LOCKED, CREDENTIALS_EXPIRED, ENABLED, POSITION_ID, PUSH_ID, LAST_SEEN) VALUES (41, 'Elena', 'Martini', 'elena.martini@email.com', '$2a$08$EfoMXblxEFhBxSCOxI/bju0G4oVwGgtCig6INKKOJbchvNw5XhoTW', 'th_a73c357f-ad60-4c7d-8f4b-f5ad4a1c0238.jpg', '1989-10-30', 'Internet scholar. Web enthusiast. Coffee geek. Zombie buff. Twitter aficionado. Bacon fan. Thinker.', 0, '2019-07-20 15:21:08.157000', '2019-07-20 15:21:08.157000', false, false, false, true, 41, null, '2019-07-20 15:21:08.158000');
INSERT INTO PUBLIC.AK_USER (ID, FIRST_NAME, LAST_NAME, EMAIL, PASSWORD_HASH, IMG_URL, BIRTHDAY, BIO, GENDER, CREATED_AT, UPDATED_AT, ACCOUNT_EXPIRED, ACCOUNT_LOCKED, CREDENTIALS_EXPIRED, ENABLED, POSITION_ID, PUSH_ID, LAST_SEEN) VALUES (42, 'Chiara', 'Martini', 'chiara.martini@email.com', '$2a$08$EfoMXblxEFhBxSCOxI/bju0G4oVwGgtCig6INKKOJbchvNw5XhoTW', 'th_bb7abae5-7353-4d09-bd8a-c2c3a809cd5b.jpg', '1995-09-12', 'Hardcore social media scholar. Writer. General coffee geek. Internet aficionado. Beer fanatic. Web junkie.', 0, '2019-07-20 15:21:09.046000', '2019-07-20 15:21:09.046000', false, false, false, true, 42, null, '2019-07-20 15:21:09.046000');
INSERT INTO PUBLIC.AK_USER (ID, FIRST_NAME, LAST_NAME, EMAIL, PASSWORD_HASH, IMG_URL, BIRTHDAY, BIO, GENDER, CREATED_AT, UPDATED_AT, ACCOUNT_EXPIRED, ACCOUNT_LOCKED, CREDENTIALS_EXPIRED, ENABLED, POSITION_ID, PUSH_ID, LAST_SEEN) VALUES (43, 'Elena', 'Gentile', 'elena.gentile@email.com', '$2a$08$EfoMXblxEFhBxSCOxI/bju0G4oVwGgtCig6INKKOJbchvNw5XhoTW', 'th_0fc516fb-b798-4734-9795-353faad388bb.jpg', '1992-01-29', 'Social media fanatic. Problem solver. Coffee fan. Avid tv expert. Passionate beer nerd. Writer. Certified troublemaker. Bacon lover. Internet buff. Explorer.', 0, '2019-07-20 15:21:09.918000', '2019-07-20 15:21:09.918000', false, false, false, true, 43, null, '2019-07-20 15:21:09.918000');
INSERT INTO PUBLIC.AK_USER (ID, FIRST_NAME, LAST_NAME, EMAIL, PASSWORD_HASH, IMG_URL, BIRTHDAY, BIO, GENDER, CREATED_AT, UPDATED_AT, ACCOUNT_EXPIRED, ACCOUNT_LOCKED, CREDENTIALS_EXPIRED, ENABLED, POSITION_ID, PUSH_ID, LAST_SEEN) VALUES (44, 'Camilla', 'Rossetti', 'camilla.rossetti@email.com', '$2a$08$EfoMXblxEFhBxSCOxI/bju0G4oVwGgtCig6INKKOJbchvNw5XhoTW', 'th_7202673d-5b8d-4248-aeb4-5c7f1c60e508.jpg', '1991-12-17', 'Explorer. Unapologetic problem solver. Gamer. Student. Troublemaker. Bacon guru. Introvert.', 0, '2019-07-20 15:21:10.903000', '2019-07-20 15:21:10.903000', false, false, false, true, 44, null, '2019-07-20 15:21:10.904000');
INSERT INTO PUBLIC.AK_USER (ID, FIRST_NAME, LAST_NAME, EMAIL, PASSWORD_HASH, IMG_URL, BIRTHDAY, BIO, GENDER, CREATED_AT, UPDATED_AT, ACCOUNT_EXPIRED, ACCOUNT_LOCKED, CREDENTIALS_EXPIRED, ENABLED, POSITION_ID, PUSH_ID, LAST_SEEN) VALUES (45, 'Roberta', 'Fontana', 'roberta.fontana@email.com', '$2a$08$EfoMXblxEFhBxSCOxI/bju0G4oVwGgtCig6INKKOJbchvNw5XhoTW', 'th_97e6600a-fb14-4672-a317-50a768247c7b.jpg', '1997-10-12', 'Proud introvert. Incurable bacon maven. Troublemaker. Hipster-friendly beer aficionado. Professional tv evangelist. Pop culture specialist.', 0, '2019-07-20 15:21:12.152000', '2019-07-20 15:21:12.152000', false, false, false, true, 45, null, '2019-07-20 15:21:12.153000');
INSERT INTO PUBLIC.AK_USER (ID, FIRST_NAME, LAST_NAME, EMAIL, PASSWORD_HASH, IMG_URL, BIRTHDAY, BIO, GENDER, CREATED_AT, UPDATED_AT, ACCOUNT_EXPIRED, ACCOUNT_LOCKED, CREDENTIALS_EXPIRED, ENABLED, POSITION_ID, PUSH_ID, LAST_SEEN) VALUES (46, 'Silvia', 'Gatti', 'silvia.gatti@email.com', '$2a$08$EfoMXblxEFhBxSCOxI/bju0G4oVwGgtCig6INKKOJbchvNw5XhoTW', 'th_01abf751-1288-4adb-bc94-f8d139d20e3d.jpg', '1999-07-04', 'Organizer. Friendly twitter lover. Thinker. Pop culture evangelist. Zombie ninja. Social mediaholic.', 0, '2019-07-20 15:21:13.135000', '2019-07-20 15:21:13.135000', false, false, false, true, 46, null, '2019-07-20 15:21:13.135000');
INSERT INTO PUBLIC.AK_USER (ID, FIRST_NAME, LAST_NAME, EMAIL, PASSWORD_HASH, IMG_URL, BIRTHDAY, BIO, GENDER, CREATED_AT, UPDATED_AT, ACCOUNT_EXPIRED, ACCOUNT_LOCKED, CREDENTIALS_EXPIRED, ENABLED, POSITION_ID, PUSH_ID, LAST_SEEN) VALUES (47, 'Chiara', 'Palumbo', 'chiara.palumbo@email.com', '$2a$08$EfoMXblxEFhBxSCOxI/bju0G4oVwGgtCig6INKKOJbchvNw5XhoTW', 'th_6608ca47-6212-462d-b61f-ccf44e38b89d.jpg', '1993-03-09', 'Beer nerd. Thinker. Tv scholar. Social media guru. Zombie fanatic.', 0, '2019-07-20 15:21:14.591000', '2019-07-20 15:21:14.591000', false, false, false, true, 47, null, '2019-07-20 15:21:14.592000');
INSERT INTO PUBLIC.AK_USER (ID, FIRST_NAME, LAST_NAME, EMAIL, PASSWORD_HASH, IMG_URL, BIRTHDAY, BIO, GENDER, CREATED_AT, UPDATED_AT, ACCOUNT_EXPIRED, ACCOUNT_LOCKED, CREDENTIALS_EXPIRED, ENABLED, POSITION_ID, PUSH_ID, LAST_SEEN) VALUES (48, 'Michela', 'Moro', 'michela.moro@email.com', '$2a$08$EfoMXblxEFhBxSCOxI/bju0G4oVwGgtCig6INKKOJbchvNw5XhoTW', 'th_15705ebe-608f-4ac7-81bd-a3f839642f69.jpg', '1998-04-20', 'Bacon fanatic. Pop culture trailblazer. Avid coffee maven. Infuriatingly humble social media buff.', 0, '2019-07-20 15:21:15.457000', '2019-07-20 15:21:15.457000', false, false, false, true, 48, null, '2019-07-20 15:21:15.458000');
INSERT INTO PUBLIC.AK_USER (ID, FIRST_NAME, LAST_NAME, EMAIL, PASSWORD_HASH, IMG_URL, BIRTHDAY, BIO, GENDER, CREATED_AT, UPDATED_AT, ACCOUNT_EXPIRED, ACCOUNT_LOCKED, CREDENTIALS_EXPIRED, ENABLED, POSITION_ID, PUSH_ID, LAST_SEEN) VALUES (49, 'Ilaria', 'Montanari', 'ilaria.montanari@email.com', '$2a$08$EfoMXblxEFhBxSCOxI/bju0G4oVwGgtCig6INKKOJbchvNw5XhoTW', 'th_1ba2ed01-08f4-4aec-9404-af9b81214af9.jpg', '1997-09-06', 'Pop culture expert. Twitter enthusiast. Passionate internet junkie. Writer. Coffee specialist. Freelance food aficionado. Student.', 0, '2019-07-20 15:21:16.536000', '2019-07-20 15:21:16.536000', false, false, false, true, 49, null, '2019-07-20 15:21:16.536000');
INSERT INTO PUBLIC.AK_USER (ID, FIRST_NAME, LAST_NAME, EMAIL, PASSWORD_HASH, IMG_URL, BIRTHDAY, BIO, GENDER, CREATED_AT, UPDATED_AT, ACCOUNT_EXPIRED, ACCOUNT_LOCKED, CREDENTIALS_EXPIRED, ENABLED, POSITION_ID, PUSH_ID, LAST_SEEN) VALUES (50, 'Simona', 'Russo', 'simona.russo@email.com', '$2a$08$EfoMXblxEFhBxSCOxI/bju0G4oVwGgtCig6INKKOJbchvNw5XhoTW', 'th_93c6808f-3383-4cb7-acbb-b1abe7c17a8e.jpg', '1994-11-11', 'Introvert. Amateur food geek. Web evangelist. Student. Extreme problem solver. Passionate zombie aficionado.', 0, '2019-07-20 15:21:17.400000', '2019-07-20 15:21:17.400000', false, false, false, true, 50, null, '2019-07-20 15:21:17.401000');
INSERT INTO PUBLIC.AK_USER (ID, FIRST_NAME, LAST_NAME, EMAIL, PASSWORD_HASH, IMG_URL, BIRTHDAY, BIO, GENDER, CREATED_AT, UPDATED_AT, ACCOUNT_EXPIRED, ACCOUNT_LOCKED, CREDENTIALS_EXPIRED, ENABLED, POSITION_ID, PUSH_ID, LAST_SEEN) VALUES (51, 'Valentina', 'Moretti', 'valentina.moretti@email.com', '$2a$08$EfoMXblxEFhBxSCOxI/bju0G4oVwGgtCig6INKKOJbchvNw5XhoTW', 'th_75e00f08-fd8e-429a-a206-4c7e8ced7bce.jpg', '1992-04-15', 'Beer trailblazer. General social media expert. Twitter enthusiast. Lifelong explorer.', 0, '2019-07-20 15:21:18.286000', '2019-07-20 15:21:18.286000', false, false, false, true, 51, null, '2019-07-20 15:21:18.286000');
INSERT INTO PUBLIC.AK_USER (ID, FIRST_NAME, LAST_NAME, EMAIL, PASSWORD_HASH, IMG_URL, BIRTHDAY, BIO, GENDER, CREATED_AT, UPDATED_AT, ACCOUNT_EXPIRED, ACCOUNT_LOCKED, CREDENTIALS_EXPIRED, ENABLED, POSITION_ID, PUSH_ID, LAST_SEEN) VALUES (52, 'Caterina', 'Basile', 'caterina.basile@email.com', '$2a$08$EfoMXblxEFhBxSCOxI/bju0G4oVwGgtCig6INKKOJbchvNw5XhoTW', 'th_aa21d797-6fe0-47e2-85fd-0bd9fc57b74e.jpg', '1994-09-27', 'Unapologetic coffee lover. Beer trailblazer. Freelance alcohol guru. Writer. Prone to fits of apathy. Pop culture nerd. Twitter buff.', 0, '2019-07-20 15:21:19.214000', '2019-07-20 15:21:19.214000', false, false, false, true, 52, null, '2019-07-20 15:21:19.214000');
INSERT INTO PUBLIC.AK_USER (ID, FIRST_NAME, LAST_NAME, EMAIL, PASSWORD_HASH, IMG_URL, BIRTHDAY, BIO, GENDER, CREATED_AT, UPDATED_AT, ACCOUNT_EXPIRED, ACCOUNT_LOCKED, CREDENTIALS_EXPIRED, ENABLED, POSITION_ID, PUSH_ID, LAST_SEEN) VALUES (53, 'Lucia', 'Palazzo', 'lucia.palazzo@email.com', '$2a$08$EfoMXblxEFhBxSCOxI/bju0G4oVwGgtCig6INKKOJbchvNw5XhoTW', 'th_0f5bdd74-3af3-4263-9fa1-8d87cd21359c.jpg', '1995-04-06', 'Creator. Subtly charming entrepreneur. Friendly coffee nerd. Explorer. Travel scholar. Organizer. Proud zombie maven. Introvert. Avid gamer.', 0, '2019-07-20 15:21:20.114000', '2019-07-20 15:21:20.114000', false, false, false, true, 53, null, '2019-07-20 15:21:20.114000');
INSERT INTO PUBLIC.AK_USER (ID, FIRST_NAME, LAST_NAME, EMAIL, PASSWORD_HASH, IMG_URL, BIRTHDAY, BIO, GENDER, CREATED_AT, UPDATED_AT, ACCOUNT_EXPIRED, ACCOUNT_LOCKED, CREDENTIALS_EXPIRED, ENABLED, POSITION_ID, PUSH_ID, LAST_SEEN) VALUES (54, 'Alessia', 'Santoro', 'alessia.santoro@email.com', '$2a$08$EfoMXblxEFhBxSCOxI/bju0G4oVwGgtCig6INKKOJbchvNw5XhoTW', 'th_6564cad7-a9e8-4a16-9eaa-1fae0caf1d39.jpg', '1999-09-10', 'Beer aficionado. Musicaholic. Bacon practitioner. Explorer. Avid tv evangelist. Introvert. Internet fanatic.', 0, '2019-07-20 15:21:20.986000', '2019-07-20 15:21:20.986000', false, false, false, true, 54, null, '2019-07-20 15:21:20.987000');
INSERT INTO PUBLIC.AK_USER (ID, FIRST_NAME, LAST_NAME, EMAIL, PASSWORD_HASH, IMG_URL, BIRTHDAY, BIO, GENDER, CREATED_AT, UPDATED_AT, ACCOUNT_EXPIRED, ACCOUNT_LOCKED, CREDENTIALS_EXPIRED, ENABLED, POSITION_ID, PUSH_ID, LAST_SEEN) VALUES (55, 'Cristina', 'Martinelli', 'cristina.martinelli@email.com', '$2a$08$EfoMXblxEFhBxSCOxI/bju0G4oVwGgtCig6INKKOJbchvNw5XhoTW', 'th_3e7e68f5-ee11-447b-8bf0-f2d2b561363e.jpg', '1990-08-16', 'Pop culture scholar. Food practitioner. Troublemaker. Student. Communicator. Tv trailblazer.', 0, '2019-07-20 15:21:22.537000', '2019-07-20 15:21:22.537000', false, false, false, true, 55, null, '2019-07-20 15:21:22.538000');
INSERT INTO PUBLIC.AK_USER (ID, FIRST_NAME, LAST_NAME, EMAIL, PASSWORD_HASH, IMG_URL, BIRTHDAY, BIO, GENDER, CREATED_AT, UPDATED_AT, ACCOUNT_EXPIRED, ACCOUNT_LOCKED, CREDENTIALS_EXPIRED, ENABLED, POSITION_ID, PUSH_ID, LAST_SEEN) VALUES (56, 'Nicole', 'Marchetti', 'nicole.marchetti@email.com', '$2a$08$EfoMXblxEFhBxSCOxI/bju0G4oVwGgtCig6INKKOJbchvNw5XhoTW', 'th_f683b0bb-fb65-4b65-8b85-ff8709aadc9e.jpg', '1999-12-09', 'Extreme pop culture nerd. Certified organizer. Zombie enthusiast. Gamer. Amateur travel geek. Social media fan.', 0, '2019-07-20 15:21:24.012000', '2019-07-20 15:21:24.012000', false, false, false, true, 56, null, '2019-07-20 15:21:24.012000');
INSERT INTO PUBLIC.AK_USER (ID, FIRST_NAME, LAST_NAME, EMAIL, PASSWORD_HASH, IMG_URL, BIRTHDAY, BIO, GENDER, CREATED_AT, UPDATED_AT, ACCOUNT_EXPIRED, ACCOUNT_LOCKED, CREDENTIALS_EXPIRED, ENABLED, POSITION_ID, PUSH_ID, LAST_SEEN) VALUES (57, 'Marta', 'Ferrara', 'marta.ferrara@email.com', '$2a$08$EfoMXblxEFhBxSCOxI/bju0G4oVwGgtCig6INKKOJbchvNw5XhoTW', 'th_d8dcfb51-d7e4-4ada-9246-2124c4a6fa64.jpg', '1995-08-12', 'Web enthusiast. Coffee fan. Gamer. Creator. Internet fanatic. Social media nerd.', 0, '2019-07-20 15:21:24.983000', '2019-07-20 15:21:24.983000', false, false, false, true, 57, null, '2019-07-20 15:21:24.984000');
INSERT INTO PUBLIC.AK_USER (ID, FIRST_NAME, LAST_NAME, EMAIL, PASSWORD_HASH, IMG_URL, BIRTHDAY, BIO, GENDER, CREATED_AT, UPDATED_AT, ACCOUNT_EXPIRED, ACCOUNT_LOCKED, CREDENTIALS_EXPIRED, ENABLED, POSITION_ID, PUSH_ID, LAST_SEEN) VALUES (58, 'Camilla', 'Giordano', 'camilla.giordano@email.com', '$2a$08$EfoMXblxEFhBxSCOxI/bju0G4oVwGgtCig6INKKOJbchvNw5XhoTW', 'th_4bc39bef-6e47-4d9b-81cd-d3345e8dee60.jpg', '1995-04-03', 'Social media specialist. Alcohol ninja. Bacon geek. Pop culture junkie. Passionate twitter lover.', 0, '2019-07-20 15:21:27.408000', '2019-07-20 15:21:27.408000', false, false, false, true, 58, null, '2019-07-20 15:21:27.408000');
INSERT INTO PUBLIC.AK_USER (ID, FIRST_NAME, LAST_NAME, EMAIL, PASSWORD_HASH, IMG_URL, BIRTHDAY, BIO, GENDER, CREATED_AT, UPDATED_AT, ACCOUNT_EXPIRED, ACCOUNT_LOCKED, CREDENTIALS_EXPIRED, ENABLED, POSITION_ID, PUSH_ID, LAST_SEEN) VALUES (59, 'Stefania', 'Barbieri', 'stefania.barbieri@email.com', '$2a$08$EfoMXblxEFhBxSCOxI/bju0G4oVwGgtCig6INKKOJbchvNw5XhoTW', 'th_5e9b48ef-68ac-4f5a-a19f-f1b96662a5f2.jpg', '1994-12-15', 'Devoted web junkie. Gamer. Unapologetic twitter fanatic. Travel expert. Music evangelist.', 0, '2019-07-20 15:21:29.645000', '2019-07-20 15:21:29.645000', false, false, false, true, 59, null, '2019-07-20 15:21:29.646000');
INSERT INTO PUBLIC.AK_USER (ID, FIRST_NAME, LAST_NAME, EMAIL, PASSWORD_HASH, IMG_URL, BIRTHDAY, BIO, GENDER, CREATED_AT, UPDATED_AT, ACCOUNT_EXPIRED, ACCOUNT_LOCKED, CREDENTIALS_EXPIRED, ENABLED, POSITION_ID, PUSH_ID, LAST_SEEN) VALUES (60, 'Stefania', 'Galli', 'stefania.galli@email.com', '$2a$08$EfoMXblxEFhBxSCOxI/bju0G4oVwGgtCig6INKKOJbchvNw5XhoTW', 'th_d6288bba-f4d2-4f67-9bb7-75e14c4403d5.jpg', '1992-01-28', 'Entrepreneur. Internet fanatic. Alcohol evangelist. Unable to type with boxing gloves on.', 0, '2019-07-20 15:21:30.490000', '2019-07-20 15:21:30.490000', false, false, false, true, 60, null, '2019-07-20 15:21:30.490000');
INSERT INTO PUBLIC.AK_USER (ID, FIRST_NAME, LAST_NAME, EMAIL, PASSWORD_HASH, IMG_URL, BIRTHDAY, BIO, GENDER, CREATED_AT, UPDATED_AT, ACCOUNT_EXPIRED, ACCOUNT_LOCKED, CREDENTIALS_EXPIRED, ENABLED, POSITION_ID, PUSH_ID, LAST_SEEN) VALUES (61, 'Sara', 'Ferraro', 'sara.ferraro@email.com', '$2a$08$EfoMXblxEFhBxSCOxI/bju0G4oVwGgtCig6INKKOJbchvNw5XhoTW', 'th_ae735812-48cf-42de-b43d-7c475a0c9591.jpg', '1991-02-06', 'Infuriatingly humble social media enthusiast. Food trailblazer. Pop culture advocate. Beer scholar. Coffee fanatic.', 0, '2019-07-20 15:21:31.489000', '2019-07-20 15:21:31.489000', false, false, false, true, 61, null, '2019-07-20 15:21:31.489000');
INSERT INTO PUBLIC.AK_USER (ID, FIRST_NAME, LAST_NAME, EMAIL, PASSWORD_HASH, IMG_URL, BIRTHDAY, BIO, GENDER, CREATED_AT, UPDATED_AT, ACCOUNT_EXPIRED, ACCOUNT_LOCKED, CREDENTIALS_EXPIRED, ENABLED, POSITION_ID, PUSH_ID, LAST_SEEN) VALUES (62, 'Elena', 'Fontana', 'elena.fontana@email.com', '$2a$08$EfoMXblxEFhBxSCOxI/bju0G4oVwGgtCig6INKKOJbchvNw5XhoTW', 'th_b42f5e24-9497-4fd3-b390-69e4741ba48c.jpg', '1992-09-22', 'Incurable introvert. Thinker. Food fanatic. Professional twitter enthusiast. Bacon buff. Tv practitioner. Internet evangelist. Travel fan. Organizer.', 0, '2019-07-20 15:21:33.266000', '2019-07-20 15:21:33.266000', false, false, false, true, 62, null, '2019-07-20 15:21:33.266000');
INSERT INTO PUBLIC.AK_USER (ID, FIRST_NAME, LAST_NAME, EMAIL, PASSWORD_HASH, IMG_URL, BIRTHDAY, BIO, GENDER, CREATED_AT, UPDATED_AT, ACCOUNT_EXPIRED, ACCOUNT_LOCKED, CREDENTIALS_EXPIRED, ENABLED, POSITION_ID, PUSH_ID, LAST_SEEN) VALUES (63, 'Debora', 'Martini', 'debora.martini@email.com', '$2a$08$EfoMXblxEFhBxSCOxI/bju0G4oVwGgtCig6INKKOJbchvNw5XhoTW', 'th_5b18816c-98e1-480e-a8ab-96e32f84f8cb.jpg', '1993-03-15', 'Extreme alcohol geek. Food aficionado. Entrepreneur. Music maven. Web fan. Pop cultureaholic. Writer. Student. Introvert. Problem solver.', 0, '2019-07-20 15:21:34.150000', '2019-07-20 15:21:34.150000', false, false, false, true, 63, null, '2019-07-20 15:21:34.150000');

INSERT INTO AK_AUTHORITY(ID, NAME)
VALUES (1, 'USER');
INSERT INTO AK_AUTHORITY(ID, NAME)
VALUES (2, 'ADMIN');

# INSERT INTO AK_USER_AUTHORITY(ID, USER_ID, AUTHORITY_ID)
# VALUES (1, 1, 1);
# INSERT INTO AK_USER_AUTHORITY(ID, USER_ID, AUTHORITY_ID)
# VALUES (2, 1, 2);
# INSERT INTO AK_USER_AUTHORITY(ID, USER_ID, AUTHORITY_ID)
# VALUES (3, 2, 1);

INSERT INTO PUBLIC.AK_USER_AUTHORITY (ID, USER_ID, AUTHORITY_ID) VALUES (1, 1, 1);
INSERT INTO PUBLIC.AK_USER_AUTHORITY (ID, USER_ID, AUTHORITY_ID) VALUES (2, 1, 2);
INSERT INTO PUBLIC.AK_USER_AUTHORITY (ID, USER_ID, AUTHORITY_ID) VALUES (3, 2, 1);
INSERT INTO PUBLIC.AK_USER_AUTHORITY (ID, USER_ID, AUTHORITY_ID) VALUES (4, 4, 1);
INSERT INTO PUBLIC.AK_USER_AUTHORITY (ID, USER_ID, AUTHORITY_ID) VALUES (5, 5, 1);
INSERT INTO PUBLIC.AK_USER_AUTHORITY (ID, USER_ID, AUTHORITY_ID) VALUES (6, 6, 1);
INSERT INTO PUBLIC.AK_USER_AUTHORITY (ID, USER_ID, AUTHORITY_ID) VALUES (7, 7, 1);
INSERT INTO PUBLIC.AK_USER_AUTHORITY (ID, USER_ID, AUTHORITY_ID) VALUES (8, 8, 1);
INSERT INTO PUBLIC.AK_USER_AUTHORITY (ID, USER_ID, AUTHORITY_ID) VALUES (9, 9, 1);
INSERT INTO PUBLIC.AK_USER_AUTHORITY (ID, USER_ID, AUTHORITY_ID) VALUES (10, 10, 1);
INSERT INTO PUBLIC.AK_USER_AUTHORITY (ID, USER_ID, AUTHORITY_ID) VALUES (11, 11, 1);
INSERT INTO PUBLIC.AK_USER_AUTHORITY (ID, USER_ID, AUTHORITY_ID) VALUES (12, 12, 1);
INSERT INTO PUBLIC.AK_USER_AUTHORITY (ID, USER_ID, AUTHORITY_ID) VALUES (13, 13, 1);
INSERT INTO PUBLIC.AK_USER_AUTHORITY (ID, USER_ID, AUTHORITY_ID) VALUES (14, 14, 1);
INSERT INTO PUBLIC.AK_USER_AUTHORITY (ID, USER_ID, AUTHORITY_ID) VALUES (15, 15, 1);
INSERT INTO PUBLIC.AK_USER_AUTHORITY (ID, USER_ID, AUTHORITY_ID) VALUES (16, 16, 1);
INSERT INTO PUBLIC.AK_USER_AUTHORITY (ID, USER_ID, AUTHORITY_ID) VALUES (17, 17, 1);
INSERT INTO PUBLIC.AK_USER_AUTHORITY (ID, USER_ID, AUTHORITY_ID) VALUES (18, 18, 1);
INSERT INTO PUBLIC.AK_USER_AUTHORITY (ID, USER_ID, AUTHORITY_ID) VALUES (19, 19, 1);
INSERT INTO PUBLIC.AK_USER_AUTHORITY (ID, USER_ID, AUTHORITY_ID) VALUES (20, 20, 1);
INSERT INTO PUBLIC.AK_USER_AUTHORITY (ID, USER_ID, AUTHORITY_ID) VALUES (21, 21, 1);
INSERT INTO PUBLIC.AK_USER_AUTHORITY (ID, USER_ID, AUTHORITY_ID) VALUES (22, 22, 1);
INSERT INTO PUBLIC.AK_USER_AUTHORITY (ID, USER_ID, AUTHORITY_ID) VALUES (23, 23, 1);
INSERT INTO PUBLIC.AK_USER_AUTHORITY (ID, USER_ID, AUTHORITY_ID) VALUES (24, 24, 1);
INSERT INTO PUBLIC.AK_USER_AUTHORITY (ID, USER_ID, AUTHORITY_ID) VALUES (25, 25, 1);
INSERT INTO PUBLIC.AK_USER_AUTHORITY (ID, USER_ID, AUTHORITY_ID) VALUES (26, 26, 1);
INSERT INTO PUBLIC.AK_USER_AUTHORITY (ID, USER_ID, AUTHORITY_ID) VALUES (27, 27, 1);
INSERT INTO PUBLIC.AK_USER_AUTHORITY (ID, USER_ID, AUTHORITY_ID) VALUES (28, 28, 1);
INSERT INTO PUBLIC.AK_USER_AUTHORITY (ID, USER_ID, AUTHORITY_ID) VALUES (29, 29, 1);
INSERT INTO PUBLIC.AK_USER_AUTHORITY (ID, USER_ID, AUTHORITY_ID) VALUES (30, 30, 1);
INSERT INTO PUBLIC.AK_USER_AUTHORITY (ID, USER_ID, AUTHORITY_ID) VALUES (31, 31, 1);
INSERT INTO PUBLIC.AK_USER_AUTHORITY (ID, USER_ID, AUTHORITY_ID) VALUES (32, 32, 1);
INSERT INTO PUBLIC.AK_USER_AUTHORITY (ID, USER_ID, AUTHORITY_ID) VALUES (33, 33, 1);
INSERT INTO PUBLIC.AK_USER_AUTHORITY (ID, USER_ID, AUTHORITY_ID) VALUES (34, 34, 1);
INSERT INTO PUBLIC.AK_USER_AUTHORITY (ID, USER_ID, AUTHORITY_ID) VALUES (35, 35, 1);
INSERT INTO PUBLIC.AK_USER_AUTHORITY (ID, USER_ID, AUTHORITY_ID) VALUES (36, 36, 1);
INSERT INTO PUBLIC.AK_USER_AUTHORITY (ID, USER_ID, AUTHORITY_ID) VALUES (37, 37, 1);
INSERT INTO PUBLIC.AK_USER_AUTHORITY (ID, USER_ID, AUTHORITY_ID) VALUES (38, 38, 1);
INSERT INTO PUBLIC.AK_USER_AUTHORITY (ID, USER_ID, AUTHORITY_ID) VALUES (39, 39, 1);
INSERT INTO PUBLIC.AK_USER_AUTHORITY (ID, USER_ID, AUTHORITY_ID) VALUES (40, 40, 1);
INSERT INTO PUBLIC.AK_USER_AUTHORITY (ID, USER_ID, AUTHORITY_ID) VALUES (41, 41, 1);
INSERT INTO PUBLIC.AK_USER_AUTHORITY (ID, USER_ID, AUTHORITY_ID) VALUES (42, 42, 1);
INSERT INTO PUBLIC.AK_USER_AUTHORITY (ID, USER_ID, AUTHORITY_ID) VALUES (43, 43, 1);
INSERT INTO PUBLIC.AK_USER_AUTHORITY (ID, USER_ID, AUTHORITY_ID) VALUES (44, 44, 1);
INSERT INTO PUBLIC.AK_USER_AUTHORITY (ID, USER_ID, AUTHORITY_ID) VALUES (45, 45, 1);
INSERT INTO PUBLIC.AK_USER_AUTHORITY (ID, USER_ID, AUTHORITY_ID) VALUES (46, 46, 1);
INSERT INTO PUBLIC.AK_USER_AUTHORITY (ID, USER_ID, AUTHORITY_ID) VALUES (47, 47, 1);
INSERT INTO PUBLIC.AK_USER_AUTHORITY (ID, USER_ID, AUTHORITY_ID) VALUES (48, 48, 1);
INSERT INTO PUBLIC.AK_USER_AUTHORITY (ID, USER_ID, AUTHORITY_ID) VALUES (49, 49, 1);
INSERT INTO PUBLIC.AK_USER_AUTHORITY (ID, USER_ID, AUTHORITY_ID) VALUES (50, 50, 1);
INSERT INTO PUBLIC.AK_USER_AUTHORITY (ID, USER_ID, AUTHORITY_ID) VALUES (51, 51, 1);
INSERT INTO PUBLIC.AK_USER_AUTHORITY (ID, USER_ID, AUTHORITY_ID) VALUES (52, 52, 1);
INSERT INTO PUBLIC.AK_USER_AUTHORITY (ID, USER_ID, AUTHORITY_ID) VALUES (53, 53, 1);
INSERT INTO PUBLIC.AK_USER_AUTHORITY (ID, USER_ID, AUTHORITY_ID) VALUES (54, 54, 1);
INSERT INTO PUBLIC.AK_USER_AUTHORITY (ID, USER_ID, AUTHORITY_ID) VALUES (55, 55, 1);
INSERT INTO PUBLIC.AK_USER_AUTHORITY (ID, USER_ID, AUTHORITY_ID) VALUES (56, 56, 1);
INSERT INTO PUBLIC.AK_USER_AUTHORITY (ID, USER_ID, AUTHORITY_ID) VALUES (57, 57, 1);
INSERT INTO PUBLIC.AK_USER_AUTHORITY (ID, USER_ID, AUTHORITY_ID) VALUES (58, 58, 1);
INSERT INTO PUBLIC.AK_USER_AUTHORITY (ID, USER_ID, AUTHORITY_ID) VALUES (59, 59, 1);
INSERT INTO PUBLIC.AK_USER_AUTHORITY (ID, USER_ID, AUTHORITY_ID) VALUES (60, 60, 1);
INSERT INTO PUBLIC.AK_USER_AUTHORITY (ID, USER_ID, AUTHORITY_ID) VALUES (61, 61, 1);
INSERT INTO PUBLIC.AK_USER_AUTHORITY (ID, USER_ID, AUTHORITY_ID) VALUES (62, 62, 1);
INSERT INTO PUBLIC.AK_USER_AUTHORITY (ID, USER_ID, AUTHORITY_ID) VALUES (63, 63, 1);

# INSERT INTO AK_USER_IMAGE (ID, USER_ID, POSITION)
# VALUES (1, 1, 1);
# INSERT INTO AK_USER_IMAGE (ID, USER_ID, POSITION)
# VALUES (2, 1, 2);

INSERT INTO PUBLIC.AK_USER_IMAGE (ID, USER_ID, IMAGE_NAME, POSITION) VALUES (1, 4, '2c3a07ad-3ee8-46b4-88fc-04046c691ccb.jpg', 1);
INSERT INTO PUBLIC.AK_USER_IMAGE (ID, USER_ID, IMAGE_NAME, POSITION) VALUES (2, 5, '8b9d5fa5-939b-4a1e-b782-be7514041ceb.jpg', 1);
INSERT INTO PUBLIC.AK_USER_IMAGE (ID, USER_ID, IMAGE_NAME, POSITION) VALUES (3, 6, 'cb3ad578-fcd3-4103-bae4-a27a5b782ec9.jpg', 1);
INSERT INTO PUBLIC.AK_USER_IMAGE (ID, USER_ID, IMAGE_NAME, POSITION) VALUES (4, 7, '09bffc02-9c8c-4d49-a97d-37975d2bea5e.jpg', 1);
INSERT INTO PUBLIC.AK_USER_IMAGE (ID, USER_ID, IMAGE_NAME, POSITION) VALUES (5, 8, 'df52f569-2384-42e3-ae1c-28beb3b82641.jpg', 1);
INSERT INTO PUBLIC.AK_USER_IMAGE (ID, USER_ID, IMAGE_NAME, POSITION) VALUES (6, 9, '6eadcf1f-a63d-415f-9091-163e34ccf365.jpg', 1);
INSERT INTO PUBLIC.AK_USER_IMAGE (ID, USER_ID, IMAGE_NAME, POSITION) VALUES (7, 10, '93270bb1-3090-463e-ae83-b0249527041d.jpg', 1);
INSERT INTO PUBLIC.AK_USER_IMAGE (ID, USER_ID, IMAGE_NAME, POSITION) VALUES (8, 11, 'afce7143-cc5f-4d5f-a59f-826f5c6b5eb3.jpg', 1);
INSERT INTO PUBLIC.AK_USER_IMAGE (ID, USER_ID, IMAGE_NAME, POSITION) VALUES (9, 12, '50f00aa3-467a-42e5-b95a-7e1dc77975cb.jpg', 1);
INSERT INTO PUBLIC.AK_USER_IMAGE (ID, USER_ID, IMAGE_NAME, POSITION) VALUES (10, 13, '8f509d4b-519b-4732-a3ca-4076f56ec745.jpg', 1);
INSERT INTO PUBLIC.AK_USER_IMAGE (ID, USER_ID, IMAGE_NAME, POSITION) VALUES (11, 14, '3ae853d3-a97f-4a1e-b306-7ed1ce1de975.jpg', 1);
INSERT INTO PUBLIC.AK_USER_IMAGE (ID, USER_ID, IMAGE_NAME, POSITION) VALUES (12, 15, '6cdb568d-9717-4766-8588-ac5e82d70e1f.jpg', 1);
INSERT INTO PUBLIC.AK_USER_IMAGE (ID, USER_ID, IMAGE_NAME, POSITION) VALUES (13, 16, 'a51ba351-e383-4043-9586-3aea0877d8a1.jpg', 1);
INSERT INTO PUBLIC.AK_USER_IMAGE (ID, USER_ID, IMAGE_NAME, POSITION) VALUES (14, 17, 'eccb3024-88a3-416c-95d1-e7f5e34666df.jpg', 1);
INSERT INTO PUBLIC.AK_USER_IMAGE (ID, USER_ID, IMAGE_NAME, POSITION) VALUES (15, 18, '6a813eda-88c3-4903-b5f2-8468856d49ac.jpg', 1);
INSERT INTO PUBLIC.AK_USER_IMAGE (ID, USER_ID, IMAGE_NAME, POSITION) VALUES (16, 19, 'dff365f8-9a7c-4a1a-9090-56040468303c.jpg', 1);
INSERT INTO PUBLIC.AK_USER_IMAGE (ID, USER_ID, IMAGE_NAME, POSITION) VALUES (17, 20, 'c639ead7-8ffe-4d18-b97d-6cc95dc23221.jpg', 1);
INSERT INTO PUBLIC.AK_USER_IMAGE (ID, USER_ID, IMAGE_NAME, POSITION) VALUES (18, 21, 'f4ef3e5f-e918-47c6-8492-158d1fd33f60.jpg', 1);
INSERT INTO PUBLIC.AK_USER_IMAGE (ID, USER_ID, IMAGE_NAME, POSITION) VALUES (19, 22, '18795199-7978-42ac-956f-b69e6421a0cc.jpg', 1);
INSERT INTO PUBLIC.AK_USER_IMAGE (ID, USER_ID, IMAGE_NAME, POSITION) VALUES (20, 23, '8f1a587d-f980-4eeb-a00b-94c9cf94324f.jpg', 1);
INSERT INTO PUBLIC.AK_USER_IMAGE (ID, USER_ID, IMAGE_NAME, POSITION) VALUES (21, 24, '703f458c-44e2-4727-838d-23756006e6f0.jpg', 1);
INSERT INTO PUBLIC.AK_USER_IMAGE (ID, USER_ID, IMAGE_NAME, POSITION) VALUES (22, 25, 'c88ef00c-e3c4-44a6-aff9-77ae4de290b6.jpg', 1);
INSERT INTO PUBLIC.AK_USER_IMAGE (ID, USER_ID, IMAGE_NAME, POSITION) VALUES (23, 26, 'd9d1d726-3e97-49e1-80f2-6286a94d558f.jpg', 1);
INSERT INTO PUBLIC.AK_USER_IMAGE (ID, USER_ID, IMAGE_NAME, POSITION) VALUES (24, 27, '7e658a39-c3b5-4dd3-bc24-e926b72c7403.jpg', 1);
INSERT INTO PUBLIC.AK_USER_IMAGE (ID, USER_ID, IMAGE_NAME, POSITION) VALUES (25, 28, '06940ba3-d1fc-4225-bad9-dafd2947cc05.jpg', 1);
INSERT INTO PUBLIC.AK_USER_IMAGE (ID, USER_ID, IMAGE_NAME, POSITION) VALUES (26, 29, 'f629a2af-770a-4c2c-ba38-9eb720b86cab.jpg', 1);
INSERT INTO PUBLIC.AK_USER_IMAGE (ID, USER_ID, IMAGE_NAME, POSITION) VALUES (27, 30, 'a3c005b2-6f03-4ef1-9aec-06076e176d35.jpg', 1);
INSERT INTO PUBLIC.AK_USER_IMAGE (ID, USER_ID, IMAGE_NAME, POSITION) VALUES (28, 31, '20872ae4-c918-4fbc-8f28-754b5174ed56.jpg', 1);
INSERT INTO PUBLIC.AK_USER_IMAGE (ID, USER_ID, IMAGE_NAME, POSITION) VALUES (29, 32, '40606805-9e8b-4491-9dd8-e92477112959.jpg', 1);
INSERT INTO PUBLIC.AK_USER_IMAGE (ID, USER_ID, IMAGE_NAME, POSITION) VALUES (30, 33, '5961fee8-0725-4047-af4a-260f2dd8a49f.jpg', 1);
INSERT INTO PUBLIC.AK_USER_IMAGE (ID, USER_ID, IMAGE_NAME, POSITION) VALUES (31, 34, '182b3cb5-288f-4c95-b7aa-7172e182a8a7.jpg', 1);
INSERT INTO PUBLIC.AK_USER_IMAGE (ID, USER_ID, IMAGE_NAME, POSITION) VALUES (32, 35, '1dd22b19-52a7-4052-9b69-05a368a6d62c.jpg', 1);
INSERT INTO PUBLIC.AK_USER_IMAGE (ID, USER_ID, IMAGE_NAME, POSITION) VALUES (33, 36, 'fe513e0c-09c0-4274-ab0a-b844a1c243d9.jpg', 1);
INSERT INTO PUBLIC.AK_USER_IMAGE (ID, USER_ID, IMAGE_NAME, POSITION) VALUES (34, 37, 'ab21385e-a1cb-4165-b496-075f2db999cd.jpg', 1);
INSERT INTO PUBLIC.AK_USER_IMAGE (ID, USER_ID, IMAGE_NAME, POSITION) VALUES (35, 38, 'a7cd8cc1-17eb-42a3-9871-49fe163660e0.jpg', 1);
INSERT INTO PUBLIC.AK_USER_IMAGE (ID, USER_ID, IMAGE_NAME, POSITION) VALUES (36, 39, '0d8c0067-8924-4459-958d-5c5cb293731e.jpg', 1);
INSERT INTO PUBLIC.AK_USER_IMAGE (ID, USER_ID, IMAGE_NAME, POSITION) VALUES (37, 40, '6951296b-f4d1-406d-b109-f30f346e7d91.jpg', 1);
INSERT INTO PUBLIC.AK_USER_IMAGE (ID, USER_ID, IMAGE_NAME, POSITION) VALUES (38, 41, 'a73c357f-ad60-4c7d-8f4b-f5ad4a1c0238.jpg', 1);
INSERT INTO PUBLIC.AK_USER_IMAGE (ID, USER_ID, IMAGE_NAME, POSITION) VALUES (39, 42, 'bb7abae5-7353-4d09-bd8a-c2c3a809cd5b.jpg', 1);
INSERT INTO PUBLIC.AK_USER_IMAGE (ID, USER_ID, IMAGE_NAME, POSITION) VALUES (40, 43, '0fc516fb-b798-4734-9795-353faad388bb.jpg', 1);
INSERT INTO PUBLIC.AK_USER_IMAGE (ID, USER_ID, IMAGE_NAME, POSITION) VALUES (41, 44, '7202673d-5b8d-4248-aeb4-5c7f1c60e508.jpg', 1);
INSERT INTO PUBLIC.AK_USER_IMAGE (ID, USER_ID, IMAGE_NAME, POSITION) VALUES (42, 45, '97e6600a-fb14-4672-a317-50a768247c7b.jpg', 1);
INSERT INTO PUBLIC.AK_USER_IMAGE (ID, USER_ID, IMAGE_NAME, POSITION) VALUES (43, 46, '01abf751-1288-4adb-bc94-f8d139d20e3d.jpg', 1);
INSERT INTO PUBLIC.AK_USER_IMAGE (ID, USER_ID, IMAGE_NAME, POSITION) VALUES (44, 47, '6608ca47-6212-462d-b61f-ccf44e38b89d.jpg', 1);
INSERT INTO PUBLIC.AK_USER_IMAGE (ID, USER_ID, IMAGE_NAME, POSITION) VALUES (45, 48, '15705ebe-608f-4ac7-81bd-a3f839642f69.jpg', 1);
INSERT INTO PUBLIC.AK_USER_IMAGE (ID, USER_ID, IMAGE_NAME, POSITION) VALUES (46, 49, '1ba2ed01-08f4-4aec-9404-af9b81214af9.jpg', 1);
INSERT INTO PUBLIC.AK_USER_IMAGE (ID, USER_ID, IMAGE_NAME, POSITION) VALUES (47, 50, '93c6808f-3383-4cb7-acbb-b1abe7c17a8e.jpg', 1);
INSERT INTO PUBLIC.AK_USER_IMAGE (ID, USER_ID, IMAGE_NAME, POSITION) VALUES (48, 51, '75e00f08-fd8e-429a-a206-4c7e8ced7bce.jpg', 1);
INSERT INTO PUBLIC.AK_USER_IMAGE (ID, USER_ID, IMAGE_NAME, POSITION) VALUES (49, 52, 'aa21d797-6fe0-47e2-85fd-0bd9fc57b74e.jpg', 1);
INSERT INTO PUBLIC.AK_USER_IMAGE (ID, USER_ID, IMAGE_NAME, POSITION) VALUES (50, 53, '0f5bdd74-3af3-4263-9fa1-8d87cd21359c.jpg', 1);
INSERT INTO PUBLIC.AK_USER_IMAGE (ID, USER_ID, IMAGE_NAME, POSITION) VALUES (51, 54, '6564cad7-a9e8-4a16-9eaa-1fae0caf1d39.jpg', 1);
INSERT INTO PUBLIC.AK_USER_IMAGE (ID, USER_ID, IMAGE_NAME, POSITION) VALUES (52, 55, '3e7e68f5-ee11-447b-8bf0-f2d2b561363e.jpg', 1);
INSERT INTO PUBLIC.AK_USER_IMAGE (ID, USER_ID, IMAGE_NAME, POSITION) VALUES (53, 56, 'f683b0bb-fb65-4b65-8b85-ff8709aadc9e.jpg', 1);
INSERT INTO PUBLIC.AK_USER_IMAGE (ID, USER_ID, IMAGE_NAME, POSITION) VALUES (54, 57, 'd8dcfb51-d7e4-4ada-9246-2124c4a6fa64.jpg', 1);
INSERT INTO PUBLIC.AK_USER_IMAGE (ID, USER_ID, IMAGE_NAME, POSITION) VALUES (55, 58, '4bc39bef-6e47-4d9b-81cd-d3345e8dee60.jpg', 1);
INSERT INTO PUBLIC.AK_USER_IMAGE (ID, USER_ID, IMAGE_NAME, POSITION) VALUES (56, 59, '5e9b48ef-68ac-4f5a-a19f-f1b96662a5f2.jpg', 1);
INSERT INTO PUBLIC.AK_USER_IMAGE (ID, USER_ID, IMAGE_NAME, POSITION) VALUES (57, 60, 'd6288bba-f4d2-4f67-9bb7-75e14c4403d5.jpg', 1);
INSERT INTO PUBLIC.AK_USER_IMAGE (ID, USER_ID, IMAGE_NAME, POSITION) VALUES (58, 61, 'ae735812-48cf-42de-b43d-7c475a0c9591.jpg', 1);
INSERT INTO PUBLIC.AK_USER_IMAGE (ID, USER_ID, IMAGE_NAME, POSITION) VALUES (59, 62, 'b42f5e24-9497-4fd3-b390-69e4741ba48c.jpg', 1);
INSERT INTO PUBLIC.AK_USER_IMAGE (ID, USER_ID, IMAGE_NAME, POSITION) VALUES (60, 63, '5b18816c-98e1-480e-a8ab-96e32f84f8cb.jpg', 1);

INSERT INTO AK_CHAT(ID, TITLE)
VALUES (1, 'Chat 1');

INSERT INTO AK_CHAT_USER(ID, CHAT_ID, USER_ID)
VALUES (1, 1, 1);
INSERT INTO AK_CHAT_USER(ID, CHAT_ID, USER_ID)
VALUES (2, 1, 2);

INSERT INTO AK_CHAT_LINE(ID, CHAT_USER_ID, CONTENT, CREATED_AT)
VALUES (1, 1, 'Message 1 from user 1 to chat 1', '2019-06-18 08:33:22.556000000');

INSERT INTO AK_CHAT_LINE(ID, CHAT_USER_ID, CONTENT, CREATED_AT)
VALUES (2, 1, 'Message 2 from user 1 to chat 1', '2019-06-18 09:33:22.556000000');

INSERT INTO AK_CHAT_LINE(ID, CHAT_USER_ID, CONTENT, CREATED_AT)
VALUES (3, 2, 'Message 1 from user 2 to chat 1', '2019-06-18 10:33:22.556000000');

INSERT INTO AK_CHAT_LINE(ID, CHAT_USER_ID, CONTENT, CREATED_AT)
VALUES (4, 1, 'Message 1 from user 1 to chat 1', '2019-06-18 11:33:22.556000000');

INSERT INTO OAUTH_CLIENT_DETAILS(CLIENT_ID, RESOURCE_IDS, CLIENT_SECRET, SCOPE, AUTHORIZED_GRANT_TYPES, AUTHORITIES,
                                 ACCESS_TOKEN_VALIDITY, REFRESH_TOKEN_VALIDITY)

VALUES ('spring-security-oauth2-read-client', 'resource-server-rest-api',

           /*spring-security-oauth2-read-client-password1234*/'$2a$04$WGq2P9egiOYoOFemBRfsiO9qTcyJtNRnPKNBl5tokP7IP.eZn93km',
        'read', 'password,authorization_code,refresh_token,implicit,social', 'USER', 10800, 2592000);

INSERT INTO OAUTH_CLIENT_DETAILS(CLIENT_ID, RESOURCE_IDS, CLIENT_SECRET, SCOPE, AUTHORIZED_GRANT_TYPES, AUTHORITIES,
                                 ACCESS_TOKEN_VALIDITY, REFRESH_TOKEN_VALIDITY)

VALUES ('spring-security-oauth2-read-write-client', 'resource-server-rest-api',

           /*spring-security-oauth2-read-write-client-password1234*/'$2a$04$soeOR.QFmClXeFIrhJVLWOQxfHjsJLSpWrU1iGxcMGdu.a5hvfY4W',
        'read,write', 'password,authorization_code,refresh_token,implicit,social', 'USER', 10800, 2592000);


INSERT INTO OAUTH_CLIENT_DETAILS(CLIENT_ID, RESOURCE_IDS, CLIENT_SECRET, SCOPE, AUTHORIZED_GRANT_TYPES, AUTHORITIES,
                                 ACCESS_TOKEN_VALIDITY, REFRESH_TOKEN_VALIDITY)

VALUES ('spring-security-oauth2-read-write-client-fb', 'resource-server-rest-api',

           /*spring-security-oauth2-read-write-client-password1234*/'$2a$04$soeOR.QFmClXeFIrhJVLWOQxfHjsJLSpWrU1iGxcMGdu.a5hvfY4W',
        'read,write', 'password,authorization_code,refresh_token,implicit,social', 'USER', 10800, 2592000);


-- SELECT *
-- FROM (SELECT (6371 * acos(
--                 cos(radians(LAT))
--                 * cos(radians(LAT_ORIGINAL))
--                 * cos(radians(LON_ORIGINAL) - radians(LON))
--             + sin(radians(LAT))
--                     * sin(radians(LAT_ORIGINAL))
--     )) * 1000 as distance,
--              A.*
--       FROM (SELECT LAT AS LAT_ORIGINAL, LON AS LON_ORIGINAL
--             FROM AK_POSITION
--                      INNER JOIN AK_USER AU on AK_POSITION.ID = AU.POSITION_ID
--             WHERE AU.ID = 1)
--                INNER JOIN AK_POSITION
--                INNER JOIN AK_USER A on AK_POSITION.ID = A.POSITION_ID
--       WHERE A.ID != 1)
-- WHERE distance < 1000
