-- MySQL dump 10.13  Distrib 8.0.17, for Linux (x86_64)
--
-- Host: localhost    Database: kofify
-- ------------------------------------------------------
-- Server version	8.0.17

/*!40101 SET @OLD_CHARACTER_SET_CLIENT=@@CHARACTER_SET_CLIENT */;
/*!40101 SET @OLD_CHARACTER_SET_RESULTS=@@CHARACTER_SET_RESULTS */;
/*!40101 SET @OLD_COLLATION_CONNECTION=@@COLLATION_CONNECTION */;
/*!50503 SET NAMES utf8mb4 */;
/*!40103 SET @OLD_TIME_ZONE=@@TIME_ZONE */;
/*!40103 SET TIME_ZONE='+00:00' */;
/*!40014 SET @OLD_UNIQUE_CHECKS=@@UNIQUE_CHECKS, UNIQUE_CHECKS=0 */;
/*!40014 SET @OLD_FOREIGN_KEY_CHECKS=@@FOREIGN_KEY_CHECKS, FOREIGN_KEY_CHECKS=0 */;
/*!40101 SET @OLD_SQL_MODE=@@SQL_MODE, SQL_MODE='NO_AUTO_VALUE_ON_ZERO' */;
/*!40111 SET @OLD_SQL_NOTES=@@SQL_NOTES, SQL_NOTES=0 */;

--
-- Table structure for table `AK_AUTHORITY`
--

DROP TABLE IF EXISTS `AK_AUTHORITY`;
/*!40101 SET @saved_cs_client     = @@character_set_client */;
/*!50503 SET character_set_client = utf8mb4 */;
CREATE TABLE `AK_AUTHORITY` (
  `ID` int(11) NOT NULL AUTO_INCREMENT,
  `NAME` varchar(255) NOT NULL,
  PRIMARY KEY (`ID`),
  UNIQUE KEY `AUTHORITY_NAME_U` (`NAME`)
) ENGINE=InnoDB AUTO_INCREMENT=3 DEFAULT CHARSET=utf8mb4 COLLATE=utf8mb4_0900_ai_ci;
/*!40101 SET character_set_client = @saved_cs_client */;

--
-- Dumping data for table `AK_AUTHORITY`
--

LOCK TABLES `AK_AUTHORITY` WRITE;
/*!40000 ALTER TABLE `AK_AUTHORITY` DISABLE KEYS */;
INSERT INTO `AK_AUTHORITY` VALUES (2,'ADMIN'),(1,'USER');
/*!40000 ALTER TABLE `AK_AUTHORITY` ENABLE KEYS */;
UNLOCK TABLES;

--
-- Table structure for table `AK_CHAT`
--

DROP TABLE IF EXISTS `AK_CHAT`;
/*!40101 SET @saved_cs_client     = @@character_set_client */;
/*!50503 SET character_set_client = utf8mb4 */;
CREATE TABLE `AK_CHAT` (
  `ID` int(11) NOT NULL AUTO_INCREMENT,
  `TITLE` varchar(255) DEFAULT NULL,
  `CREATED_AT` timestamp NOT NULL DEFAULT CURRENT_TIMESTAMP,
  `UPDATED_AT` timestamp NOT NULL DEFAULT CURRENT_TIMESTAMP,
  PRIMARY KEY (`ID`)
) ENGINE=InnoDB AUTO_INCREMENT=2 DEFAULT CHARSET=utf8mb4 COLLATE=utf8mb4_0900_ai_ci;
/*!40101 SET character_set_client = @saved_cs_client */;

--
-- Dumping data for table `AK_CHAT`
--

LOCK TABLES `AK_CHAT` WRITE;
/*!40000 ALTER TABLE `AK_CHAT` DISABLE KEYS */;
INSERT INTO `AK_CHAT` VALUES (1,'Chat 1','2019-08-10 14:58:21','2019-08-10 14:58:21');
/*!40000 ALTER TABLE `AK_CHAT` ENABLE KEYS */;
UNLOCK TABLES;

--
-- Table structure for table `AK_CHAT_LINE`
--

DROP TABLE IF EXISTS `AK_CHAT_LINE`;
/*!40101 SET @saved_cs_client     = @@character_set_client */;
/*!50503 SET character_set_client = utf8mb4 */;
CREATE TABLE `AK_CHAT_LINE` (
  `ID` int(11) NOT NULL AUTO_INCREMENT,
  `CHAT_USER_ID` int(11) NOT NULL,
  `CONTENT` text NOT NULL,
  `TYPE` int(11) NOT NULL DEFAULT '0',
  `READ_BY` varchar(255) NOT NULL DEFAULT '[]',
  `CREATED_AT` timestamp NOT NULL DEFAULT CURRENT_TIMESTAMP,
  `UPDATED_AT` timestamp NOT NULL DEFAULT CURRENT_TIMESTAMP,
  PRIMARY KEY (`ID`),
  KEY `CHAT_LINE_USER_ID_FK` (`CHAT_USER_ID`),
  CONSTRAINT `CHAT_LINE_USER_ID_FK` FOREIGN KEY (`CHAT_USER_ID`) REFERENCES `AK_CHAT_USER` (`ID`) ON DELETE CASCADE ON UPDATE CASCADE
) ENGINE=InnoDB AUTO_INCREMENT=5 DEFAULT CHARSET=utf8mb4 COLLATE=utf8mb4_0900_ai_ci;
/*!40101 SET character_set_client = @saved_cs_client */;

--
-- Dumping data for table `AK_CHAT_LINE`
--

LOCK TABLES `AK_CHAT_LINE` WRITE;
/*!40000 ALTER TABLE `AK_CHAT_LINE` DISABLE KEYS */;
INSERT INTO `AK_CHAT_LINE` VALUES (1,1,'Message 1 from user 1 to chat 1',0,'[]','2019-06-18 08:33:23','2019-08-10 14:58:21'),(2,1,'Message 2 from user 1 to chat 1',0,'[]','2019-06-18 09:33:23','2019-08-10 14:58:21'),(3,2,'Message 1 from user 2 to chat 1',0,'[]','2019-06-18 10:33:23','2019-08-10 14:58:21'),(4,1,'Message 1 from user 1 to chat 1',0,'[]','2019-06-18 11:33:23','2019-08-10 14:58:21');
/*!40000 ALTER TABLE `AK_CHAT_LINE` ENABLE KEYS */;
UNLOCK TABLES;

--
-- Table structure for table `AK_CHAT_USER`
--

DROP TABLE IF EXISTS `AK_CHAT_USER`;
/*!40101 SET @saved_cs_client     = @@character_set_client */;
/*!50503 SET character_set_client = utf8mb4 */;
CREATE TABLE `AK_CHAT_USER` (
  `ID` int(11) NOT NULL AUTO_INCREMENT,
  `CHAT_ID` int(11) NOT NULL,
  `USER_ID` int(11) NOT NULL,
  `ENABLED` tinyint(1) DEFAULT '0',
  `UPDATED_AT` timestamp NOT NULL DEFAULT CURRENT_TIMESTAMP,
  `CREATED_AT` timestamp NOT NULL DEFAULT CURRENT_TIMESTAMP,
  PRIMARY KEY (`ID`),
  UNIQUE KEY `CHAT_USER_CHAT_ID_USER_ID_U` (`CHAT_ID`,`USER_ID`),
  KEY `CHAT_USER_USER_ID_FK` (`USER_ID`),
  CONSTRAINT `CHAT_USER_CHAT_ID_FK` FOREIGN KEY (`CHAT_ID`) REFERENCES `AK_CHAT` (`ID`) ON DELETE CASCADE ON UPDATE CASCADE,
  CONSTRAINT `CHAT_USER_USER_ID_FK` FOREIGN KEY (`USER_ID`) REFERENCES `AK_USER` (`ID`) ON DELETE CASCADE ON UPDATE CASCADE
) ENGINE=InnoDB AUTO_INCREMENT=3 DEFAULT CHARSET=utf8mb4 COLLATE=utf8mb4_0900_ai_ci;
/*!40101 SET character_set_client = @saved_cs_client */;

--
-- Dumping data for table `AK_CHAT_USER`
--

LOCK TABLES `AK_CHAT_USER` WRITE;
/*!40000 ALTER TABLE `AK_CHAT_USER` DISABLE KEYS */;
INSERT INTO `AK_CHAT_USER` VALUES (1,1,1,0,'2019-08-10 14:58:21','2019-08-10 14:58:21'),(2,1,2,0,'2019-08-10 14:58:21','2019-08-10 14:58:21');
/*!40000 ALTER TABLE `AK_CHAT_USER` ENABLE KEYS */;
UNLOCK TABLES;

--
-- Table structure for table `AK_NOTIFICATION`
--

DROP TABLE IF EXISTS `AK_NOTIFICATION`;
/*!40101 SET @saved_cs_client     = @@character_set_client */;
/*!50503 SET character_set_client = utf8mb4 */;
CREATE TABLE `AK_NOTIFICATION` (
  `ID` int(11) NOT NULL AUTO_INCREMENT,
  `TITLE` tinytext NOT NULL,
  `DESCRIPTION` text,
  `CREATED_AT` timestamp NOT NULL DEFAULT CURRENT_TIMESTAMP,
  `UPDATED_AT` timestamp NOT NULL DEFAULT CURRENT_TIMESTAMP,
  PRIMARY KEY (`ID`)
) ENGINE=InnoDB DEFAULT CHARSET=utf8mb4 COLLATE=utf8mb4_0900_ai_ci;
/*!40101 SET character_set_client = @saved_cs_client */;

--
-- Dumping data for table `AK_NOTIFICATION`
--

LOCK TABLES `AK_NOTIFICATION` WRITE;
/*!40000 ALTER TABLE `AK_NOTIFICATION` DISABLE KEYS */;
/*!40000 ALTER TABLE `AK_NOTIFICATION` ENABLE KEYS */;
UNLOCK TABLES;

--
-- Table structure for table `AK_POSITION`
--

DROP TABLE IF EXISTS `AK_POSITION`;
/*!40101 SET @saved_cs_client     = @@character_set_client */;
/*!50503 SET character_set_client = utf8mb4 */;
CREATE TABLE `AK_POSITION` (
  `ID` int(11) NOT NULL AUTO_INCREMENT,
  `LAT` decimal(10,0) NOT NULL,
  `LON` decimal(10,0) NOT NULL,
  `CREATED_AT` timestamp NOT NULL DEFAULT CURRENT_TIMESTAMP,
  `UPDATED_AT` timestamp NOT NULL DEFAULT CURRENT_TIMESTAMP,
  PRIMARY KEY (`ID`)
) ENGINE=InnoDB AUTO_INCREMENT=157 DEFAULT CHARSET=utf8mb4 COLLATE=utf8mb4_0900_ai_ci;
/*!40101 SET character_set_client = @saved_cs_client */;

--
-- Dumping data for table `AK_POSITION`
--

LOCK TABLES `AK_POSITION` WRITE;
/*!40000 ALTER TABLE `AK_POSITION` DISABLE KEYS */;
INSERT INTO `AK_POSITION` VALUES (1,45,9,'2019-07-26 17:36:30','2019-07-26 17:36:30'),(2,45,9,'2019-07-26 17:36:30','2019-07-26 17:36:30'),(3,46,9,'2019-07-26 17:36:30','2019-07-26 17:36:30'),(4,45,9,'2019-07-26 19:36:46','2019-08-10 19:00:13'),(5,46,9,'2019-07-26 19:36:47','2019-07-26 19:36:47'),(6,45,9,'2019-07-26 19:36:48','2019-07-26 19:36:48'),(7,45,9,'2019-07-26 19:36:49','2019-07-26 19:36:49'),(8,45,9,'2019-07-26 19:36:50','2019-07-26 19:36:50'),(9,46,9,'2019-07-26 19:36:51','2019-07-26 19:36:51'),(10,45,9,'2019-07-26 19:36:52','2019-07-26 19:36:52'),(11,45,9,'2019-07-26 19:36:53','2019-07-26 19:36:53'),(12,46,9,'2019-07-26 19:36:54','2019-07-26 19:36:54'),(13,46,9,'2019-07-26 19:36:55','2019-07-26 19:36:55'),(14,46,9,'2019-07-26 19:36:56','2019-07-26 19:36:56'),(15,46,9,'2019-07-26 19:36:57','2019-07-26 19:36:57'),(16,46,9,'2019-07-26 19:36:58','2019-07-26 19:36:58'),(17,45,9,'2019-07-26 19:36:59','2019-07-26 19:36:59'),(18,46,9,'2019-07-26 19:36:59','2019-07-26 19:36:59'),(19,45,9,'2019-07-26 19:37:00','2019-07-26 19:37:00'),(20,45,9,'2019-07-26 19:37:01','2019-07-26 19:37:01'),(21,46,9,'2019-07-26 19:37:02','2019-07-26 19:37:02'),(22,46,9,'2019-07-26 19:37:03','2019-07-26 19:37:03'),(23,45,9,'2019-07-26 19:37:04','2019-07-26 19:37:04'),(24,46,9,'2019-07-26 19:37:05','2019-07-26 19:37:05'),(25,45,9,'2019-07-26 19:37:06','2019-07-26 19:37:06'),(26,45,9,'2019-07-26 19:37:07','2019-07-26 19:37:07'),(27,45,9,'2019-07-26 19:37:08','2019-07-26 19:37:08'),(28,45,9,'2019-07-26 19:37:10','2019-07-26 19:37:10'),(29,45,9,'2019-07-26 19:37:11','2019-07-26 19:37:11'),(30,46,9,'2019-07-26 19:37:11','2019-07-26 19:37:11'),(31,45,9,'2019-07-26 19:37:12','2019-07-26 19:37:12'),(32,45,9,'2019-07-26 19:37:13','2019-07-26 19:37:13'),(33,46,9,'2019-07-26 19:37:14','2019-07-26 19:37:14'),(34,45,9,'2019-07-26 19:37:15','2019-07-26 19:37:15'),(35,46,9,'2019-07-26 19:37:16','2019-07-26 19:37:16'),(36,45,9,'2019-07-26 19:37:17','2019-07-26 19:37:17'),(37,46,9,'2019-07-26 19:37:18','2019-07-26 19:37:18'),(38,45,9,'2019-07-26 19:37:18','2019-07-26 19:37:18'),(39,45,9,'2019-07-26 19:37:19','2019-07-26 19:37:19'),(40,46,9,'2019-07-26 19:37:20','2019-07-26 19:37:20'),(41,45,9,'2019-07-26 19:37:21','2019-07-26 19:37:21'),(42,46,9,'2019-07-26 19:37:22','2019-07-26 19:37:22'),(43,45,9,'2019-07-26 19:37:23','2019-07-26 19:37:23'),(44,45,9,'2019-07-26 19:37:24','2019-07-26 19:37:24'),(45,46,9,'2019-07-26 19:37:25','2019-07-26 19:37:25'),(46,45,9,'2019-07-26 19:37:26','2019-07-26 19:37:26'),(47,45,9,'2019-07-26 19:37:27','2019-07-26 19:37:27'),(48,46,9,'2019-07-26 19:37:29','2019-07-26 19:37:29'),(49,45,9,'2019-07-26 19:37:31','2019-07-26 19:37:31'),(50,46,9,'2019-07-26 19:37:32','2019-07-26 19:37:32'),(51,46,9,'2019-07-26 19:37:33','2019-07-26 19:37:33'),(52,45,9,'2019-07-26 19:37:34','2019-07-26 19:37:34'),(53,45,9,'2019-07-26 19:37:35','2019-07-26 19:37:35'),(54,45,9,'2019-07-26 19:37:36','2019-07-26 19:37:36'),(55,45,9,'2019-07-26 19:37:36','2019-07-26 19:37:36'),(56,45,9,'2019-07-26 19:37:37','2019-07-26 19:37:37'),(57,46,9,'2019-07-26 19:37:38','2019-07-26 19:37:38'),(58,45,9,'2019-07-26 19:37:39','2019-07-26 19:37:39'),(59,45,9,'2019-07-26 19:37:40','2019-07-26 19:37:40'),(60,45,9,'2019-07-26 19:37:41','2019-07-26 19:37:41'),(61,45,9,'2019-07-26 19:37:42','2019-07-26 19:37:42'),(62,45,9,'2019-07-26 19:37:42','2019-07-26 19:37:42'),(63,45,9,'2019-07-26 19:37:43','2019-07-26 19:37:43'),(64,45,9,'2019-07-26 19:37:44','2019-07-26 19:37:44'),(65,45,9,'2019-07-26 19:37:45','2019-07-26 19:37:45'),(66,46,9,'2019-07-26 19:37:46','2019-07-26 19:37:46'),(67,46,9,'2019-07-26 19:37:47','2019-07-26 19:37:47'),(68,46,9,'2019-07-26 19:37:48','2019-07-26 19:37:48'),(69,46,9,'2019-07-26 19:37:48','2019-07-26 19:37:48'),(70,45,9,'2019-07-26 19:37:49','2019-07-26 19:37:49'),(71,45,9,'2019-07-26 19:37:50','2019-07-26 19:37:50'),(72,46,9,'2019-07-26 19:37:51','2019-07-26 19:37:51'),(73,46,9,'2019-07-26 19:37:52','2019-07-26 19:37:52'),(74,45,9,'2019-07-26 19:37:53','2019-07-26 19:37:53'),(75,46,9,'2019-07-26 19:37:54','2019-07-26 19:37:54'),(76,45,9,'2019-07-26 19:37:55','2019-07-26 19:37:55'),(77,46,9,'2019-07-26 19:37:56','2019-07-26 19:37:56'),(78,45,9,'2019-07-26 19:37:57','2019-07-26 19:37:57'),(79,45,9,'2019-07-26 19:37:58','2019-07-26 19:37:58'),(80,46,9,'2019-07-26 19:37:59','2019-07-26 19:37:59'),(81,46,9,'2019-07-26 19:38:00','2019-07-26 19:38:00'),(82,45,9,'2019-07-26 19:38:00','2019-07-26 19:38:00'),(83,45,9,'2019-07-26 19:38:01','2019-07-26 19:38:01'),(84,46,9,'2019-07-26 19:38:02','2019-07-26 19:38:02'),(85,45,9,'2019-07-26 19:38:03','2019-07-26 19:38:03'),(86,45,9,'2019-07-26 19:38:04','2019-07-26 19:38:04'),(87,45,9,'2019-07-26 19:38:05','2019-07-26 19:38:05'),(88,45,9,'2019-07-26 19:38:05','2019-07-26 19:38:05'),(89,46,9,'2019-07-26 19:38:06','2019-07-26 19:38:06'),(90,45,9,'2019-07-26 19:38:07','2019-07-26 19:38:07'),(91,45,9,'2019-07-26 19:38:08','2019-07-26 19:38:08'),(92,46,9,'2019-07-26 19:38:09','2019-07-26 19:38:09'),(93,45,9,'2019-07-26 19:38:09','2019-07-26 19:38:09'),(94,46,9,'2019-07-26 19:38:10','2019-07-26 19:38:10'),(95,45,9,'2019-07-26 19:38:11','2019-07-26 19:38:11'),(96,45,9,'2019-07-26 19:38:12','2019-07-26 19:38:12'),(97,45,9,'2019-07-26 19:38:13','2019-07-26 19:38:13'),(98,45,9,'2019-07-26 19:38:14','2019-07-26 19:38:14'),(99,46,9,'2019-07-26 19:38:15','2019-07-26 19:38:15'),(100,46,9,'2019-07-26 19:38:15','2019-07-26 19:38:15'),(101,46,9,'2019-07-26 19:38:16','2019-07-26 19:38:16'),(102,45,9,'2019-07-26 19:38:17','2019-07-26 19:38:17'),(103,46,9,'2019-07-26 19:38:18','2019-07-26 19:38:18'),(104,45,9,'2019-08-10 17:48:33','2019-08-10 17:48:33'),(105,45,9,'2019-08-10 17:48:37','2019-08-10 17:48:37'),(106,45,9,'2019-08-10 17:48:39','2019-08-10 17:48:39'),(107,45,9,'2019-08-10 17:48:40','2019-08-10 17:48:40'),(108,45,9,'2019-08-10 17:48:41','2019-08-10 17:48:41'),(109,45,9,'2019-08-10 17:48:42','2019-08-10 17:48:42'),(110,45,9,'2019-08-10 17:48:43','2019-08-10 17:48:43'),(111,45,9,'2019-08-10 17:48:44','2019-08-10 17:48:44'),(112,45,9,'2019-08-10 17:48:45','2019-08-10 17:48:45'),(113,45,9,'2019-08-10 17:48:46','2019-08-10 17:48:46'),(114,46,9,'2019-08-10 17:48:47','2019-08-10 17:48:47'),(115,45,9,'2019-08-10 17:48:48','2019-08-10 17:48:48'),(116,46,9,'2019-08-10 17:48:49','2019-08-10 17:48:49'),(117,45,9,'2019-08-10 17:48:50','2019-08-10 17:48:50'),(118,45,9,'2019-08-10 17:48:52','2019-08-10 17:48:52'),(119,45,9,'2019-08-10 17:48:53','2019-08-10 17:48:53'),(120,45,9,'2019-08-10 17:48:53','2019-08-10 17:48:53'),(121,45,9,'2019-08-10 17:48:54','2019-08-10 17:48:54'),(122,45,9,'2019-08-10 17:48:56','2019-08-10 17:48:56'),(123,45,9,'2019-08-10 17:48:57','2019-08-10 17:48:57'),(124,45,9,'2019-09-01 08:21:53','2019-09-01 08:21:53'),(125,45,9,'2019-09-01 08:21:54','2019-09-01 08:21:54'),(126,46,9,'2019-09-01 08:21:55','2019-09-01 08:21:55'),(127,45,9,'2019-09-01 08:21:56','2019-09-01 08:21:56'),(128,45,9,'2019-09-01 08:21:57','2019-09-01 08:21:57'),(129,45,9,'2019-09-01 08:21:58','2019-09-01 08:21:58'),(130,45,9,'2019-09-01 08:21:58','2019-09-01 08:21:58'),(131,45,9,'2019-09-01 08:21:59','2019-09-01 08:21:59'),(132,45,9,'2019-09-01 08:22:00','2019-09-01 08:22:00'),(133,46,9,'2019-09-01 08:22:01','2019-09-01 08:22:01'),(134,45,9,'2019-09-01 08:22:03','2019-09-01 08:22:03'),(135,45,9,'2019-09-01 08:22:04','2019-09-01 08:22:04'),(136,45,9,'2019-09-01 08:22:04','2019-09-01 08:22:04'),(137,46,9,'2019-09-01 08:22:05','2019-09-01 08:22:05'),(138,46,9,'2019-09-01 08:22:06','2019-09-01 08:22:06'),(139,45,9,'2019-09-01 08:22:07','2019-09-01 08:22:07'),(140,46,9,'2019-09-01 08:22:08','2019-09-01 08:22:08'),(141,45,9,'2019-09-01 08:22:09','2019-09-01 08:22:09'),(142,45,9,'2019-09-01 08:22:10','2019-09-01 08:22:10'),(143,45,9,'2019-09-01 08:22:11','2019-09-01 08:22:11'),(144,46,9,'2019-09-01 08:28:50','2019-09-01 08:28:50'),(145,46,9,'2019-09-01 08:28:51','2019-09-01 08:28:51'),(146,45,9,'2019-09-01 08:28:52','2019-09-01 08:28:52'),(147,45,9,'2019-09-01 08:28:53','2019-09-01 08:28:53'),(148,45,9,'2019-09-01 08:28:54','2019-09-01 08:28:54'),(149,46,9,'2019-09-01 08:28:55','2019-09-01 08:28:55'),(150,45,9,'2019-09-01 08:28:56','2019-09-01 08:28:56'),(151,45,9,'2019-09-01 08:28:57','2019-09-01 08:28:57'),(152,45,9,'2019-09-01 08:28:57','2019-09-01 08:28:57'),(153,45,9,'2019-09-01 08:28:58','2019-09-01 08:28:58'),(154,45,9,'2019-09-01 08:29:00','2019-09-01 08:29:00'),(155,46,9,'2019-09-01 08:29:01','2019-09-01 08:29:01'),(156,45,9,'2019-09-01 08:29:03','2019-09-01 08:29:03');
/*!40000 ALTER TABLE `AK_POSITION` ENABLE KEYS */;
UNLOCK TABLES;

--
-- Table structure for table `AK_PUSH`
--

DROP TABLE IF EXISTS `AK_PUSH`;
/*!40101 SET @saved_cs_client     = @@character_set_client */;
/*!50503 SET character_set_client = utf8mb4 */;
CREATE TABLE `AK_PUSH` (
  `ID` int(11) NOT NULL AUTO_INCREMENT,
  `USER_ID` varchar(255) NOT NULL,
  `PUSH_TOKEN` varchar(255) NOT NULL,
  `CREATED_AT` timestamp NOT NULL DEFAULT CURRENT_TIMESTAMP,
  `UPDATED_AT` timestamp NOT NULL DEFAULT CURRENT_TIMESTAMP,
  PRIMARY KEY (`ID`)
) ENGINE=InnoDB AUTO_INCREMENT=2 DEFAULT CHARSET=utf8mb4 COLLATE=utf8mb4_0900_ai_ci;
/*!40101 SET character_set_client = @saved_cs_client */;

--
-- Dumping data for table `AK_PUSH`
--

LOCK TABLES `AK_PUSH` WRITE;
/*!40000 ALTER TABLE `AK_PUSH` DISABLE KEYS */;
INSERT INTO `AK_PUSH` VALUES (1,'9e2cd27f-d9dd-4124-a9af-967415ab39aa','f_Bv3vQ18So:APA91bH13qwC4LtKq5XTt1l1Oy4UB_5KrynAOiTlTVSuu2RFiZtkOTg_zMnR7aa7IHia5ubFS0ds84D4DIMkn3--YwNBxt3Jaljhu314jBvSB6Lowxn82X33p-k7p9ScR7Lvinbwxbwi','2019-08-10 17:07:02','2019-08-10 17:07:02');
/*!40000 ALTER TABLE `AK_PUSH` ENABLE KEYS */;
UNLOCK TABLES;

--
-- Table structure for table `AK_SOCIAL`
--

DROP TABLE IF EXISTS `AK_SOCIAL`;
/*!40101 SET @saved_cs_client     = @@character_set_client */;
/*!50503 SET character_set_client = utf8mb4 */;
CREATE TABLE `AK_SOCIAL` (
  `ID` int(11) NOT NULL AUTO_INCREMENT,
  `USER_ID` int(11) NOT NULL,
  `SOCIAL_ID` varchar(255) NOT NULL,
  `SOCIAL_TYPE` int(11) NOT NULL,
  `EMAIL` varchar(255) NOT NULL,
  `CREATED_AT` timestamp NOT NULL DEFAULT CURRENT_TIMESTAMP,
  `UPDATED_AT` timestamp NOT NULL DEFAULT CURRENT_TIMESTAMP,
  PRIMARY KEY (`ID`),
  UNIQUE KEY `SOCIAL_USER_ID_SOCIAL_ID_U` (`USER_ID`,`SOCIAL_ID`),
  UNIQUE KEY `SOCIAL_EMAIL_U` (`EMAIL`),
  CONSTRAINT `SOCIAL_USER_ID_FK` FOREIGN KEY (`USER_ID`) REFERENCES `AK_USER` (`ID`) ON DELETE CASCADE ON UPDATE CASCADE
) ENGINE=InnoDB DEFAULT CHARSET=utf8mb4 COLLATE=utf8mb4_0900_ai_ci;
/*!40101 SET character_set_client = @saved_cs_client */;

--
-- Dumping data for table `AK_SOCIAL`
--

LOCK TABLES `AK_SOCIAL` WRITE;
/*!40000 ALTER TABLE `AK_SOCIAL` DISABLE KEYS */;
/*!40000 ALTER TABLE `AK_SOCIAL` ENABLE KEYS */;
UNLOCK TABLES;

--
-- Table structure for table `AK_USER`
--

DROP TABLE IF EXISTS `AK_USER`;
/*!40101 SET @saved_cs_client     = @@character_set_client */;
/*!50503 SET character_set_client = utf8mb4 */;
CREATE TABLE `AK_USER` (
  `ID` int(11) NOT NULL AUTO_INCREMENT,
  `FIRST_NAME` varchar(255) NOT NULL,
  `LAST_NAME` varchar(255) NOT NULL,
  `EMAIL` varchar(255) NOT NULL,
  `PASSWORD_HASH` varchar(255) DEFAULT NULL,
  `IMG_URL` varchar(255) DEFAULT NULL,
  `BIRTHDAY` date NOT NULL,
  `BIO` varchar(255) DEFAULT NULL,
  `GENDER` int(11) DEFAULT NULL COMMENT '1-male,0-female',
  `CREATED_AT` timestamp NOT NULL DEFAULT CURRENT_TIMESTAMP,
  `UPDATED_AT` timestamp NOT NULL DEFAULT CURRENT_TIMESTAMP,
  `ACCOUNT_EXPIRED` tinyint(1) DEFAULT '0',
  `ACCOUNT_LOCKED` tinyint(1) DEFAULT '0',
  `CREDENTIALS_EXPIRED` tinyint(1) DEFAULT '0',
  `ENABLED` tinyint(1) DEFAULT '1',
  `POSITION_ID` int(11) DEFAULT NULL,
  `PUSH_ID` int(11) DEFAULT NULL,
  `LAST_SEEN` timestamp NOT NULL DEFAULT CURRENT_TIMESTAMP,
  `CREDITS` int(11) NOT NULL DEFAULT '5',
  `CREDITS_UPDATED_AT` timestamp NOT NULL DEFAULT CURRENT_TIMESTAMP,
  PRIMARY KEY (`ID`),
  UNIQUE KEY `USER_EMAIL_U` (`EMAIL`),
  KEY `USER_ID_FK` (`POSITION_ID`),
  KEY `PUSH_ID_FK` (`PUSH_ID`),
  CONSTRAINT `PUSH_ID_FK` FOREIGN KEY (`PUSH_ID`) REFERENCES `AK_PUSH` (`ID`) ON DELETE CASCADE ON UPDATE CASCADE,
  CONSTRAINT `USER_ID_FK` FOREIGN KEY (`POSITION_ID`) REFERENCES `AK_POSITION` (`ID`) ON DELETE CASCADE ON UPDATE CASCADE
) ENGINE=InnoDB AUTO_INCREMENT=159 DEFAULT CHARSET=utf8mb4 COLLATE=utf8mb4_0900_ai_ci;
/*!40101 SET character_set_client = @saved_cs_client */;

--
-- Dumping data for table `AK_USER`
--

LOCK TABLES `AK_USER` WRITE;
/*!40000 ALTER TABLE `AK_USER` DISABLE KEYS */;
INSERT INTO `AK_USER` VALUES (1,'FirstName 1','LastName 1','email1@email.com','$2a$08$EfoMXblxEFhBxSCOxI/bju0G4oVwGgtCig6INKKOJbchvNw5XhoTW','th_8e2a8f76-8c5c-4b31-a90b-968a1b4ec403.jpg','2007-06-18',NULL,NULL,'2019-07-26 17:36:30','2019-09-04 19:16:41',0,0,0,1,1,NULL,'2019-09-04 19:16:41',5,'2019-08-10 14:58:20'),(2,'FirstName 2','LastName 2','email2@email.com','$2a$08$EfoMXblxEFhBxSCOxI/bju0G4oVwGgtCig6INKKOJbchvNw5XhoTW',NULL,'2009-06-18',NULL,NULL,'2019-07-26 17:36:30','2019-07-26 17:36:30',0,0,0,1,2,NULL,'2019-07-26 17:36:30',5,'2019-08-10 14:58:20'),(3,'FirstName 3','LastName 3','email3@email.com','$2a$08$EfoMXblxEFhBxSCOxI/bju0G4oVwGgtCig6INKKOJbchvNw5XhoTW',NULL,'2010-06-18',NULL,NULL,'2019-07-26 17:36:30','2019-07-26 17:36:30',0,0,0,1,3,NULL,'2019-07-26 17:36:30',5,'2019-08-10 14:58:20'),(4,'Ilaria','Monti','ilaria.monti@email.com','$2a$08$EfoMXblxEFhBxSCOxI/bju0G4oVwGgtCig6INKKOJbchvNw5XhoTW','th_83105e98-8a29-4d99-848e-e443043b4ec5.jpg','1989-10-31','Tv guru. Introvert. Social media expert. Travel fan. Alcohol enthusiast. Twitter ninja.',0,'2019-07-26 19:36:46','2019-08-10 19:00:24',0,0,0,1,4,1,'2019-08-10 19:00:24',5,'2019-08-10 14:58:20'),(5,'Jessica De','Luca','jessica de.luca@email.com','$2a$08$EfoMXblxEFhBxSCOxI/bju0G4oVwGgtCig6INKKOJbchvNw5XhoTW','th_58cc76b7-22e1-49af-8523-ecc08378c88d.jpg','1990-12-08','General analyst. Music guru. Social mediaholic. Alcohol fan. Bacon geek. Pop culture lover. Explorer.',0,'2019-07-26 19:36:47','2019-07-26 19:36:47',0,0,0,1,5,NULL,'2019-07-26 19:36:47',5,'2019-08-10 14:58:20'),(6,'Francesca','Barone','francesca.barone@email.com','$2a$08$EfoMXblxEFhBxSCOxI/bju0G4oVwGgtCig6INKKOJbchvNw5XhoTW','th_10a9f943-eafb-42c3-88c9-9f6ce7afcbb9.jpg','1992-04-20','Bacon lover. Organizer. Unapologetic pop culture expert. Avid alcohol ninja. Travel enthusiast. Friendly gamer. Zombie junkie. Tv geek.',0,'2019-07-26 19:36:48','2019-07-26 19:36:48',0,0,0,1,6,NULL,'2019-07-26 19:36:48',5,'2019-08-10 14:58:20'),(7,'Giulia','Coppola','giulia.coppola@email.com','$2a$08$EfoMXblxEFhBxSCOxI/bju0G4oVwGgtCig6INKKOJbchvNw5XhoTW','th_5db563d3-c055-4331-b6d2-e5085cd2e7f9.jpg','1996-09-07','Evil student. Lifelong introvert. Problem solver. Gamer. Food junkie. Freelance alcohol specialist. Incurable travel aficionado.',0,'2019-07-26 19:36:49','2019-07-26 19:36:49',0,0,0,1,7,NULL,'2019-07-26 19:36:49',5,'2019-08-10 14:58:20'),(8,'Nicole','Marino','nicole.marino@email.com','$2a$08$EfoMXblxEFhBxSCOxI/bju0G4oVwGgtCig6INKKOJbchvNw5XhoTW','th_c871508e-ffb5-4649-9f3c-0c645c19b5b6.jpg','1998-04-06','Coffee ninja. Music junkie. Tv lover. Communicator. Devoted web scholar. Twitter fanatic. Entrepreneur.',0,'2019-07-26 19:36:50','2019-07-26 19:36:50',0,0,0,1,8,NULL,'2019-07-26 19:36:50',5,'2019-08-10 14:58:20'),(9,'Valeria','Greco','valeria.greco@email.com','$2a$08$EfoMXblxEFhBxSCOxI/bju0G4oVwGgtCig6INKKOJbchvNw5XhoTW','th_7e673b43-2229-481d-b05a-82e42e0767e5.jpg','1996-12-15','Analyst. Coffeeaholic. Creator. Unapologetic gamer. Web expert. Hipster-friendly travel fanatic. Organizer. Thinker.',0,'2019-07-26 19:36:51','2019-07-26 19:36:51',0,0,0,1,9,NULL,'2019-07-26 19:36:51',5,'2019-08-10 14:58:20'),(10,'Eleonora','Piras','eleonora.piras@email.com','$2a$08$EfoMXblxEFhBxSCOxI/bju0G4oVwGgtCig6INKKOJbchvNw5XhoTW','th_8894b032-4b4b-490b-ace3-035716c59320.jpg','1998-01-07','Web practitioner. Hardcore problem solver. Troublemaker. Infuriatingly humble pop culture expert. Bacon maven. Amateur music scholar.',0,'2019-07-26 19:36:52','2019-07-26 19:36:52',0,0,0,1,10,NULL,'2019-07-26 19:36:52',5,'2019-08-10 14:58:20'),(11,'Cristina','Rinaldi','cristina.rinaldi@email.com','$2a$08$EfoMXblxEFhBxSCOxI/bju0G4oVwGgtCig6INKKOJbchvNw5XhoTW','th_85708b2e-d33b-4a5b-8d3d-4ffd4510b70e.jpg','1996-11-04','Hipster-friendly writer. Certified organizer. Zombie practitioner. Tv trailblazer. Alcohol scholar.',0,'2019-07-26 19:36:53','2019-07-26 19:36:53',0,0,0,1,11,NULL,'2019-07-26 19:36:53',5,'2019-08-10 14:58:20'),(12,'Giada','Milani','giada.milani@email.com','$2a$08$EfoMXblxEFhBxSCOxI/bju0G4oVwGgtCig6INKKOJbchvNw5XhoTW','th_66b5ef8b-2c19-49be-9ff6-4f47896d4770.jpg','1994-08-30','Coffee specialist. Subtly charming travel practitioner. Thinker. Communicator. Certified food ninja.',0,'2019-07-26 19:36:54','2019-07-26 19:36:54',0,0,0,1,12,NULL,'2019-07-26 19:36:54',5,'2019-08-10 14:58:20'),(13,'Maria','Caruso','maria.caruso@email.com','$2a$08$EfoMXblxEFhBxSCOxI/bju0G4oVwGgtCig6INKKOJbchvNw5XhoTW','th_ae2ebed8-cc83-4f32-9d32-35b6ad12b32b.jpg','1997-08-09','Explorer. Alcohol junkie. Music nerd. Food specialist. Amateur web practitioner. Tv maven.',0,'2019-07-26 19:36:55','2019-07-26 19:36:55',0,0,0,1,13,NULL,'2019-07-26 19:36:55',5,'2019-08-10 14:58:20'),(14,'Paola','Russo','paola.russo@email.com','$2a$08$EfoMXblxEFhBxSCOxI/bju0G4oVwGgtCig6INKKOJbchvNw5XhoTW','th_c076980f-9f53-4e70-aed2-3c73ca628b7d.jpg','1998-02-08','Twitter fanatic. Alcohol evangelist. Thinker. Introvert. Pop culture geek. Web ninja. Music junkie. Baconaholic. Writer.',0,'2019-07-26 19:36:56','2019-07-26 19:36:56',0,0,0,1,14,NULL,'2019-07-26 19:36:56',5,'2019-08-10 14:58:20'),(15,'Ilaria','Esposito','ilaria.esposito@email.com','$2a$08$EfoMXblxEFhBxSCOxI/bju0G4oVwGgtCig6INKKOJbchvNw5XhoTW','th_788f13bb-d62e-4715-9433-23fab458af9a.jpg','1989-10-19','Total webaholic. Twitter maven. Certified food junkie. Alcohol fanatic. Music enthusiast. Pop culture specialist. Incurable organizer.',0,'2019-07-26 19:36:57','2019-07-26 19:36:57',0,0,0,1,15,NULL,'2019-07-26 19:36:57',5,'2019-08-10 14:58:20'),(16,'Erica','Ferrari','erica.ferrari@email.com','$2a$08$EfoMXblxEFhBxSCOxI/bju0G4oVwGgtCig6INKKOJbchvNw5XhoTW','th_b18add39-d86e-4776-8f8a-89b5f6e4b7e9.jpg','1989-05-30','Entrepreneur. Beer geek. Coffee fan. Infuriatingly humble creator. General twitter nerd. Gamer.',0,'2019-07-26 19:36:58','2019-07-26 19:36:58',0,0,0,1,16,NULL,'2019-07-26 19:36:58',5,'2019-08-10 14:58:20'),(17,'Caterina','Esposito','caterina.esposito@email.com','$2a$08$EfoMXblxEFhBxSCOxI/bju0G4oVwGgtCig6INKKOJbchvNw5XhoTW','th_5a2b7e65-9c27-4181-a977-d606eb11b56a.jpg','1994-07-08','Alcohol fan. Proud internet guru. Creator. Analyst. Thinker. Pop culture fanatic. Writer.',0,'2019-07-26 19:36:59','2019-07-26 19:36:59',0,0,0,1,17,NULL,'2019-07-26 19:36:59',5,'2019-08-10 14:58:20'),(18,'Chiara','Gallo','chiara.gallo@email.com','$2a$08$EfoMXblxEFhBxSCOxI/bju0G4oVwGgtCig6INKKOJbchvNw5XhoTW','th_62e63f92-30d5-445f-a119-baec821e6c36.jpg','1989-11-05','Falls down a lot. Writer. Student. Music scholar. Explorer. Friendly internet fanatic. Analyst. Devoted creator. Twitter fan.',0,'2019-07-26 19:36:59','2019-07-26 19:36:59',0,0,0,1,18,NULL,'2019-07-26 19:36:59',5,'2019-08-10 14:58:20'),(19,'Erika','Sanna','erika.sanna@email.com','$2a$08$EfoMXblxEFhBxSCOxI/bju0G4oVwGgtCig6INKKOJbchvNw5XhoTW','th_e9af5e2d-6e6e-4a4a-b81d-420ee8ec9b8c.jpg','1990-10-16','Falls down a lot. Pop culture buff. Friendly beer ninja. Social media trailblazer. Twitter expert.',0,'2019-07-26 19:37:00','2019-07-26 19:37:00',0,0,0,1,19,NULL,'2019-07-26 19:37:00',5,'2019-08-10 14:58:20'),(20,'Martina De','Luca','martina de.luca@email.com','$2a$08$EfoMXblxEFhBxSCOxI/bju0G4oVwGgtCig6INKKOJbchvNw5XhoTW','th_b934af00-5c1e-4585-abca-f192a1c17e72.jpg','1993-11-20','Avid pop cultureaholic. Student. Bacon fan. Music buff. Tv fanatic. Alcohol junkie. Beer advocate. Twitter maven. Wannabe zombie practitioner.',0,'2019-07-26 19:37:01','2019-07-26 19:37:01',0,0,0,1,20,NULL,'2019-07-26 19:37:01',5,'2019-08-10 14:58:20'),(21,'Ilaria','Parisi','ilaria.parisi@email.com','$2a$08$EfoMXblxEFhBxSCOxI/bju0G4oVwGgtCig6INKKOJbchvNw5XhoTW','th_775bd6c1-0587-4b3c-b021-fc9089fe4158.jpg','1999-06-12','Alcohol fanatic. Hardcore internet scholar. Incurable thinker. Prone to fits of apathy. Web maven.',0,'2019-07-26 19:37:02','2019-07-26 19:37:02',0,0,0,1,21,NULL,'2019-07-26 19:37:02',5,'2019-08-10 14:58:20'),(22,'Nicole','Conti','nicole.conti@email.com','$2a$08$EfoMXblxEFhBxSCOxI/bju0G4oVwGgtCig6INKKOJbchvNw5XhoTW','th_7d5f0ccf-bfcd-4a6e-8d2a-2e193673d55a.jpg','1990-11-13','Coffee maven. Infuriatingly humble bacon specialist. Food geek. Hardcore internet aficionado.',0,'2019-07-26 19:37:03','2019-07-26 19:37:03',0,0,0,1,22,NULL,'2019-07-26 19:37:03',5,'2019-08-10 14:58:20'),(23,'Jessica','Leone','jessica.leone@email.com','$2a$08$EfoMXblxEFhBxSCOxI/bju0G4oVwGgtCig6INKKOJbchvNw5XhoTW','th_2a561fcf-df3a-4c2f-9c42-a1ec246c6178.jpg','1989-10-29','Reader. General tv expert. Music advocate. Entrepreneur. Lifelong gamer. Twitter guru.',0,'2019-07-26 19:37:04','2019-07-26 19:37:04',0,0,0,1,23,NULL,'2019-07-26 19:37:04',5,'2019-08-10 14:58:20'),(24,'Valentina','Fiore','valentina.fiore@email.com','$2a$08$EfoMXblxEFhBxSCOxI/bju0G4oVwGgtCig6INKKOJbchvNw5XhoTW','th_2a681a33-8c62-4856-83a9-1cc5f7968056.jpg','1991-03-01','Award-winning pop culture enthusiast. Travel aficionado. Thinker. Writer. Twitter expert.',0,'2019-07-26 19:37:05','2019-07-26 19:37:05',0,0,0,1,24,NULL,'2019-07-26 19:37:05',5,'2019-08-10 14:58:20'),(25,'Alessia','Messina','alessia.messina@email.com','$2a$08$EfoMXblxEFhBxSCOxI/bju0G4oVwGgtCig6INKKOJbchvNw5XhoTW','th_a813f505-c9cc-4e6c-b2a4-85a4ee7cbe2d.jpg','1995-12-10','Social media specialist. Pop culture aficionado. Analyst. Problem solver. Internet advocate.',0,'2019-07-26 19:37:06','2019-07-26 19:37:06',0,0,0,1,25,NULL,'2019-07-26 19:37:06',5,'2019-08-10 14:58:20'),(26,'Michela','Amato','michela.amato@email.com','$2a$08$EfoMXblxEFhBxSCOxI/bju0G4oVwGgtCig6INKKOJbchvNw5XhoTW','th_45d528aa-ac9f-42b2-b1f3-b38e4613b4a2.jpg','1991-10-01','Extreme tv fanatic. Wannabe zombie expert. Proud music aficionado. Incurable social media scholar.',0,'2019-07-26 19:37:07','2019-07-26 19:37:07',0,0,0,1,26,NULL,'2019-07-26 19:37:07',5,'2019-08-10 14:58:20'),(27,'Chiara','Bellini','chiara.bellini@email.com','$2a$08$EfoMXblxEFhBxSCOxI/bju0G4oVwGgtCig6INKKOJbchvNw5XhoTW','th_292ba292-61eb-4145-b60d-09de1db6bfb4.jpg','1999-08-06','Entrepreneur. Student. Wannabe bacon enthusiast. Award-winning tvaholic. Creator. Twitter lover.',0,'2019-07-26 19:37:08','2019-07-26 19:37:08',0,0,0,1,27,NULL,'2019-07-26 19:37:08',5,'2019-08-10 14:58:20'),(28,'Michela','Martino','michela.martino@email.com','$2a$08$EfoMXblxEFhBxSCOxI/bju0G4oVwGgtCig6INKKOJbchvNw5XhoTW','th_c004ea7b-81e9-499f-a651-01927be3ec60.jpg','1992-12-09','Writer. Tv nerd. Problem solver. Pop culture enthusiast. Internet scholar. Evil music fanatic. Alcohol maven.',0,'2019-07-26 19:37:10','2019-07-26 19:37:10',0,0,0,1,28,NULL,'2019-07-26 19:37:10',5,'2019-08-10 14:58:20'),(29,'Alessandra','Giannini','alessandra.giannini@email.com','$2a$08$EfoMXblxEFhBxSCOxI/bju0G4oVwGgtCig6INKKOJbchvNw5XhoTW','th_4ff53492-cd04-4c51-9138-4166281f2b54.jpg','1996-03-11','Entrepreneur. Music scholar. Bacon practitioner. Internet enthusiast. Analyst. Introvert. Student.',0,'2019-07-26 19:37:11','2019-07-26 19:37:11',0,0,0,1,29,NULL,'2019-07-26 19:37:11',5,'2019-08-10 14:58:20'),(30,'Lisa','Sartori','lisa.sartori@email.com','$2a$08$EfoMXblxEFhBxSCOxI/bju0G4oVwGgtCig6INKKOJbchvNw5XhoTW','th_5b790bc7-079f-44fc-b874-56cd8afc4d18.jpg','1999-02-10','Music buff. Alcohol junkie. Devoted travel specialist. Pop culture fanatic. Passionate reader. Extreme web fan.',0,'2019-07-26 19:37:11','2019-07-26 19:37:11',0,0,0,1,30,NULL,'2019-07-26 19:37:11',5,'2019-08-10 14:58:20'),(31,'Valentina','Salvi','valentina.salvi@email.com','$2a$08$EfoMXblxEFhBxSCOxI/bju0G4oVwGgtCig6INKKOJbchvNw5XhoTW','th_19c1a48e-17a2-46b0-a337-c71745d2a0f9.jpg','1991-09-01','Professional beer guru. Thinker. Troublemaker. Zombie lover. Pop culture fan. Travel aficionado.',0,'2019-07-26 19:37:12','2019-07-26 19:37:12',0,0,0,1,31,NULL,'2019-07-26 19:37:12',5,'2019-08-10 14:58:20'),(32,'Roberta','Fabbri','roberta.fabbri@email.com','$2a$08$EfoMXblxEFhBxSCOxI/bju0G4oVwGgtCig6INKKOJbchvNw5XhoTW','th_9123c900-aba0-47f7-8a42-189a6afbd533.jpg','1997-10-12','Devoted coffee specialist. Entrepreneur. Zombie guru. Internet geek. Music trailblazer.',0,'2019-07-26 19:37:13','2019-07-26 19:37:13',0,0,0,1,32,NULL,'2019-07-26 19:37:13',5,'2019-08-10 14:58:20'),(33,'Ilaria','Pagano','ilaria.pagano@email.com','$2a$08$EfoMXblxEFhBxSCOxI/bju0G4oVwGgtCig6INKKOJbchvNw5XhoTW','th_40b3ad4b-2f2e-499d-b2e0-434b77091a2d.jpg','1990-04-21','Food maven. Entrepreneur. Organizer. Coffee aficionado. Alcohol fanatic. Tv trailblazer. Future teen idol. Creator.',0,'2019-07-26 19:37:14','2019-07-26 19:37:14',0,0,0,1,33,NULL,'2019-07-26 19:37:14',5,'2019-08-10 14:58:20'),(34,'Nicole','Palazzo','nicole.palazzo@email.com','$2a$08$EfoMXblxEFhBxSCOxI/bju0G4oVwGgtCig6INKKOJbchvNw5XhoTW','th_5849d78f-41f8-4f97-80f0-47c0849c7c97.jpg','1992-10-25','Social media maven. Beeraholic. Music fanatic. Proud alcohol fan. Twitter practitioner. Problem solver. Creator.',0,'2019-07-26 19:37:15','2019-07-26 19:37:15',0,0,0,1,34,NULL,'2019-07-26 19:37:15',5,'2019-08-10 14:58:20'),(35,'Caterina','Testa','caterina.testa@email.com','$2a$08$EfoMXblxEFhBxSCOxI/bju0G4oVwGgtCig6INKKOJbchvNw5XhoTW','th_d7f1a2da-33c9-4ccb-8db6-d66026c6056d.jpg','1994-03-21','Beer nerd. Proud coffee advocate. Problem solver. Pop culture geek. Lifelong creator. Bacon guru. Award-winning entrepreneur.',0,'2019-07-26 19:37:16','2019-07-26 19:37:16',0,0,0,1,35,NULL,'2019-07-26 19:37:16',5,'2019-08-10 14:58:20'),(36,'Monica','Fiore','monica.fiore@email.com','$2a$08$EfoMXblxEFhBxSCOxI/bju0G4oVwGgtCig6INKKOJbchvNw5XhoTW','th_e35ed960-ec4b-4a99-93e8-2daf35f8a32c.jpg','1994-02-24','Freelance organizer. Internet evangelist. Proud thinker. Coffee practitioner. Problem solver. Pop culture geek.',0,'2019-07-26 19:37:17','2019-07-26 19:37:17',0,0,0,1,36,NULL,'2019-07-26 19:37:17',5,'2019-08-10 14:58:20'),(37,'Michela','Rizzo','michela.rizzo@email.com','$2a$08$EfoMXblxEFhBxSCOxI/bju0G4oVwGgtCig6INKKOJbchvNw5XhoTW','th_709504b5-8ded-4147-8af0-0f2ba121eec7.jpg','1991-09-19','Writer. Internet nerd. Evil alcohol scholar. Organizer. Coffee expert. Analyst. Proud food advocate.',0,'2019-07-26 19:37:18','2019-07-26 19:37:18',0,0,0,1,37,NULL,'2019-07-26 19:37:18',5,'2019-08-10 14:58:20'),(38,'Erika','Bernardi','erika.bernardi@email.com','$2a$08$EfoMXblxEFhBxSCOxI/bju0G4oVwGgtCig6INKKOJbchvNw5XhoTW','th_db8d7a4e-d78a-48fe-a03b-11fa044a28ed.jpg','1989-02-12','Social media fanatic. Hipster-friendly writer. Proud coffee maven. Total pop culture ninja.',0,'2019-07-26 19:37:18','2019-07-26 19:37:18',0,0,0,1,38,NULL,'2019-07-26 19:37:18',5,'2019-08-10 14:58:20'),(39,'Roberta','Ferretti','roberta.ferretti@email.com','$2a$08$EfoMXblxEFhBxSCOxI/bju0G4oVwGgtCig6INKKOJbchvNw5XhoTW','th_c61064f8-ab9c-4dff-889f-88d8df0f1220.jpg','1994-09-10','Bacon fanatic. Tv junkie. Wannabe problem solver. Award-winning food evangelist.',0,'2019-07-26 19:37:19','2019-07-26 19:37:19',0,0,0,1,39,NULL,'2019-07-26 19:37:19',5,'2019-08-10 14:58:20'),(40,'Francesca','Marchetti','francesca.marchetti@email.com','$2a$08$EfoMXblxEFhBxSCOxI/bju0G4oVwGgtCig6INKKOJbchvNw5XhoTW','th_57af94c8-3d45-49c4-8f35-a8ef9685c12d.jpg','1997-05-07','Coffee maven. Travel lover. Tv ninja. Evil thinker. Extreme bacon expert.',0,'2019-07-26 19:37:20','2019-07-26 19:37:20',0,0,0,1,40,NULL,'2019-07-26 19:37:20',5,'2019-08-10 14:58:20'),(41,'Angela','Fontana','angela.fontana@email.com','$2a$08$EfoMXblxEFhBxSCOxI/bju0G4oVwGgtCig6INKKOJbchvNw5XhoTW','th_0e1f3a8c-a7c4-4863-ae96-ec89c6df47f5.jpg','1998-02-06','Bacon evangelist. Zombie fanatic. Internet advocate. Alcohol trailblazer. Total web practitioner.',0,'2019-07-26 19:37:21','2019-07-26 19:37:21',0,0,0,1,41,NULL,'2019-07-26 19:37:21',5,'2019-08-10 14:58:20'),(42,'Valentina','Giuliani','valentina.giuliani@email.com','$2a$08$EfoMXblxEFhBxSCOxI/bju0G4oVwGgtCig6INKKOJbchvNw5XhoTW','th_cad719c9-5e92-4c0f-b087-f597b3ef7149.jpg','1997-01-11','Zombie practitioner. Organizer. Proud social media fanatic. Award-winning creator. Twitter guru.',0,'2019-07-26 19:37:22','2019-07-26 19:37:22',0,0,0,1,42,NULL,'2019-07-26 19:37:22',5,'2019-08-10 14:58:20'),(43,'Vanessa','Giannini','vanessa.giannini@email.com','$2a$08$EfoMXblxEFhBxSCOxI/bju0G4oVwGgtCig6INKKOJbchvNw5XhoTW','th_139fe53a-0947-4f54-a279-22b8bd6063bb.jpg','1991-12-01','Lifelong writer. Zombie lover. Baconaholic. Internet guru. Social media practitioner. Avid twitter expert.',0,'2019-07-26 19:37:23','2019-07-26 19:37:23',0,0,0,1,43,NULL,'2019-07-26 19:37:23',5,'2019-08-10 14:58:20'),(44,'Giorgia','Carbone','giorgia.carbone@email.com','$2a$08$EfoMXblxEFhBxSCOxI/bju0G4oVwGgtCig6INKKOJbchvNw5XhoTW','th_48a67e8f-faab-4c8a-8372-6ec26a3530ce.jpg','1990-02-19','Writer. Evil communicator. Bacon fanatic. Infuriatingly humble twitter specialist. Social media lover.',0,'2019-07-26 19:37:24','2019-07-26 19:37:24',0,0,0,1,44,NULL,'2019-07-26 19:37:24',5,'2019-08-10 14:58:20'),(45,'Greta','Sala','greta.sala@email.com','$2a$08$EfoMXblxEFhBxSCOxI/bju0G4oVwGgtCig6INKKOJbchvNw5XhoTW','th_8c8ea25c-737d-40f9-959f-c4f20cfdad91.jpg','1997-05-16','Wannabe music enthusiast. Incurable tvaholic. Thinker. Alcohol evangelist. Coffee specialist.',0,'2019-07-26 19:37:25','2019-07-26 19:37:25',0,0,0,1,45,NULL,'2019-07-26 19:37:25',5,'2019-08-10 14:58:20'),(46,'Valeria','Palmieri','valeria.palmieri@email.com','$2a$08$EfoMXblxEFhBxSCOxI/bju0G4oVwGgtCig6INKKOJbchvNw5XhoTW','th_ed43a885-ca09-42df-9833-384798863b91.jpg','1993-10-29','Beer enthusiast. Entrepreneur. Bacon expert. Gamer. Web geek. Music maven. Travel specialist.',0,'2019-07-26 19:37:26','2019-07-26 19:37:26',0,0,0,1,46,NULL,'2019-07-26 19:37:26',5,'2019-08-10 14:58:20'),(47,'Irene','Adami','irene.adami@email.com','$2a$08$EfoMXblxEFhBxSCOxI/bju0G4oVwGgtCig6INKKOJbchvNw5XhoTW','th_b7c2e804-6b65-43bf-82ea-82cf3953dd6d.jpg','1999-06-03','Writer. Infuriatingly humble tv enthusiast. Explorer. General analyst. Troublemaker. Web maven. Travel specialist.',0,'2019-07-26 19:37:27','2019-07-26 19:37:27',0,0,0,1,47,NULL,'2019-07-26 19:37:27',5,'2019-08-10 14:58:20'),(48,'Sofia','Ferrari','sofia.ferrari@email.com','$2a$08$EfoMXblxEFhBxSCOxI/bju0G4oVwGgtCig6INKKOJbchvNw5XhoTW','th_08a3d188-18e8-4716-ba04-d186e707d020.jpg','1998-10-07','Lifelong internet ninja. Typical twitter trailblazer. Proud travel buff. Freelance bacon advocate.',0,'2019-07-26 19:37:29','2019-07-26 19:37:29',0,0,0,1,48,NULL,'2019-07-26 19:37:29',5,'2019-08-10 14:58:20'),(49,'Alice','Testa','alice.testa@email.com','$2a$08$EfoMXblxEFhBxSCOxI/bju0G4oVwGgtCig6INKKOJbchvNw5XhoTW','th_32b2985d-7233-4d61-bb84-3920f4ff5ae5.jpg','1989-01-24','General problem solver. Bacon fanatic. Lifelong writer. Web evangelist. Beer ninja. Alcohol guru.',0,'2019-07-26 19:37:31','2019-07-26 19:37:31',0,0,0,1,49,NULL,'2019-07-26 19:37:31',5,'2019-08-10 14:58:20'),(50,'Laura','Giannini','laura.giannini@email.com','$2a$08$EfoMXblxEFhBxSCOxI/bju0G4oVwGgtCig6INKKOJbchvNw5XhoTW','th_c97e9ba5-937c-41f0-b03a-18bf7bc156f8.jpg','1992-10-06','Social media fanatic. Avid writer. Music evangelist. Web geek. Food advocate. Zombie maven.',0,'2019-07-26 19:37:32','2019-07-26 19:37:32',0,0,0,1,50,NULL,'2019-07-26 19:37:32',5,'2019-08-10 14:58:20'),(51,'Giada','Piras','giada.piras@email.com','$2a$08$EfoMXblxEFhBxSCOxI/bju0G4oVwGgtCig6INKKOJbchvNw5XhoTW','th_28e91472-64fa-4dd8-a113-cedcee9a8745.jpg','1997-09-15','Proud travel geek. Award-winning web fan. Organizer. Twitter guru. Professional writer. Beer lover.',0,'2019-07-26 19:37:33','2019-07-26 19:37:33',0,0,0,1,51,NULL,'2019-07-26 19:37:33',5,'2019-08-10 14:58:20'),(52,'Gaia','Vitali','gaia.vitali@email.com','$2a$08$EfoMXblxEFhBxSCOxI/bju0G4oVwGgtCig6INKKOJbchvNw5XhoTW','th_72663beb-95a1-445f-a25b-f341bab2adab.jpg','1992-10-16','Alcohol practitioner. Problem solver. Internet geek. Beer aficionado. Travel advocate. Passionate zombieaholic. Twitter fanatic.',0,'2019-07-26 19:37:34','2019-07-26 19:37:34',0,0,0,1,52,NULL,'2019-07-26 19:37:34',5,'2019-08-10 14:58:20'),(53,'Chiara','Montanari','chiara.montanari@email.com','$2a$08$EfoMXblxEFhBxSCOxI/bju0G4oVwGgtCig6INKKOJbchvNw5XhoTW','th_0e2a05b8-591e-4633-bb44-074eafec2f62.jpg','1989-12-10','Bacon buff. Problem solver. Passionate music fanatic. Infuriatingly humble tv trailblazer. Freelance alcohol scholar.',0,'2019-07-26 19:37:35','2019-07-26 19:37:35',0,0,0,1,53,NULL,'2019-07-26 19:37:35',5,'2019-08-10 14:58:20'),(54,'Valentina','Cattaneo','valentina.cattaneo@email.com','$2a$08$EfoMXblxEFhBxSCOxI/bju0G4oVwGgtCig6INKKOJbchvNw5XhoTW','th_de15dfcb-3338-4e8d-9888-b428d4055ea9.jpg','1993-06-13','Amateur internet maven. Hardcore tv junkie. Social media evangelist. Twitter enthusiast. Typical pop culture fanatic.',0,'2019-07-26 19:37:36','2019-07-26 19:37:36',0,0,0,1,54,NULL,'2019-07-26 19:37:36',5,'2019-08-10 14:58:20'),(55,'Stefania','Cattaneo','stefania.cattaneo@email.com','$2a$08$EfoMXblxEFhBxSCOxI/bju0G4oVwGgtCig6INKKOJbchvNw5XhoTW','th_0d319934-314e-482e-af00-992dc544166c.jpg','1993-03-27','Prone to fits of apathy. Analyst. Pop culture geek. Reader. Bacon buff. Organizer. Coffee fan.',0,'2019-07-26 19:37:36','2019-07-26 19:37:36',0,0,0,1,55,NULL,'2019-07-26 19:37:36',5,'2019-08-10 14:58:20'),(56,'Erica','Vitali','erica.vitali@email.com','$2a$08$EfoMXblxEFhBxSCOxI/bju0G4oVwGgtCig6INKKOJbchvNw5XhoTW','th_8019941a-1947-4296-88da-f180d3faa0e7.jpg','1994-02-14','Internet guru. Hardcore student. Travel trailblazer. Devoted twitter practitioner. Analyst. Food fan.',0,'2019-07-26 19:37:37','2019-07-26 19:37:37',0,0,0,1,56,NULL,'2019-07-26 19:37:37',5,'2019-08-10 14:58:20'),(57,'Valentina','Ferrari','valentina.ferrari@email.com','$2a$08$EfoMXblxEFhBxSCOxI/bju0G4oVwGgtCig6INKKOJbchvNw5XhoTW','th_5321a0b0-3c10-443b-a1a9-61ba7a6da1bc.jpg','1996-06-20','Unable to type with boxing gloves on. Award-winning zombie scholar. Alcohol guru.',0,'2019-07-26 19:37:38','2019-07-26 19:37:38',0,0,0,1,57,NULL,'2019-07-26 19:37:38',5,'2019-08-10 14:58:20'),(58,'Valentina','Santoro','valentina.santoro@email.com','$2a$08$EfoMXblxEFhBxSCOxI/bju0G4oVwGgtCig6INKKOJbchvNw5XhoTW','th_f9460665-8144-43db-bb0b-7f90e5aead98.jpg','1990-10-01','Organizer. Introvert. Communicator. Food maven. Award-winning problem solver. Web specialist. Gamer.',0,'2019-07-26 19:37:39','2019-07-26 19:37:39',0,0,0,1,58,NULL,'2019-07-26 19:37:39',5,'2019-08-10 14:58:20'),(59,'Anna','Mariani','anna.mariani@email.com','$2a$08$EfoMXblxEFhBxSCOxI/bju0G4oVwGgtCig6INKKOJbchvNw5XhoTW','th_975ee4b5-b983-4160-aed5-ecb5e405c221.jpg','1993-10-02','Hardcore troublemaker. Organizer. Zombie enthusiast. Thinker. Problem solver. Proud introvert.',0,'2019-07-26 19:37:40','2019-07-26 19:37:40',0,0,0,1,59,NULL,'2019-07-26 19:37:40',5,'2019-08-10 14:58:20'),(60,'Gaia','Colombo','gaia.colombo@email.com','$2a$08$EfoMXblxEFhBxSCOxI/bju0G4oVwGgtCig6INKKOJbchvNw5XhoTW','th_e0b9f7eb-4a76-4672-a334-0d24ea881068.jpg','1990-08-17','Tv buff. Hardcore twitter nerd. Introvert. Certified organizer. Food guru. Bacon junkie.',0,'2019-07-26 19:37:41','2019-07-26 19:37:41',0,0,0,1,60,NULL,'2019-07-26 19:37:41',5,'2019-08-10 14:58:20'),(61,'Nicole','Barbieri','nicole.barbieri@email.com','$2a$08$EfoMXblxEFhBxSCOxI/bju0G4oVwGgtCig6INKKOJbchvNw5XhoTW','th_d7c92199-fc35-442e-8586-917ef00be4ea.jpg','1997-07-04','Tv advocate. Devoted entrepreneur. Evil beer specialist. Zombie evangelist. Writer.',0,'2019-07-26 19:37:42','2019-07-26 19:37:42',0,0,0,1,61,NULL,'2019-07-26 19:37:42',5,'2019-08-10 14:58:20'),(62,'Veronica','Rizzi','veronica.rizzi@email.com','$2a$08$EfoMXblxEFhBxSCOxI/bju0G4oVwGgtCig6INKKOJbchvNw5XhoTW','th_8e2a8f76-8c5c-4b31-a90b-968a1b4ec403.jpg','1999-12-14','Travel ninja. Hardcore alcohol geek. Web fanatic. Passionate internet enthusiast.',0,'2019-07-26 19:37:42','2019-07-26 19:37:42',0,0,0,1,62,NULL,'2019-07-26 19:37:42',5,'2019-08-10 14:58:20'),(63,'Erica','Vitale','erica.vitale@email.com','$2a$08$EfoMXblxEFhBxSCOxI/bju0G4oVwGgtCig6INKKOJbchvNw5XhoTW','th_a2289cd5-f2f2-44f1-80f9-86834819ddca.jpg','1992-07-26','Internet junkie. Total pop culture buff. Social media fanatic. Passionate alcoholaholic. Tv aficionado. Communicator. Zombie lover.',0,'2019-07-26 19:37:43','2019-07-26 19:37:43',0,0,0,1,63,NULL,'2019-07-26 19:37:43',5,'2019-08-10 14:58:20'),(64,'Софья','Никитинa','sofja.nikitina@email.com','$2a$08$EfoMXblxEFhBxSCOxI/bju0G4oVwGgtCig6INKKOJbchvNw5XhoTW','th_4e64bc89-8e82-4411-a8e3-173d2dbc8e44.jpg','1991-07-15','Writer. Zombie fan. Troublemaker. Certified explorer. Alcohol advocate. Friendly thinker. Beer maven. Food junkie.',0,'2019-07-26 19:37:44','2019-07-26 19:37:44',0,0,0,1,64,NULL,'2019-07-26 19:37:44',5,'2019-08-10 14:58:20'),(65,'Александра','Ермаковa','aleksandra.ermakova@email.com','$2a$08$EfoMXblxEFhBxSCOxI/bju0G4oVwGgtCig6INKKOJbchvNw5XhoTW','th_de3b4865-b3d7-4bfc-bbaa-08eed3396d05.jpg','1994-06-13','Problem solver. Pop culture fanatic. Tv buff. Travel lover. Thinker. General student.',0,'2019-07-26 19:37:45','2019-07-26 19:37:45',0,0,0,1,65,NULL,'2019-07-26 19:37:45',5,'2019-08-10 14:58:20'),(66,'Марина','Буркавцовa','marina.burkavtsova@email.com','$2a$08$EfoMXblxEFhBxSCOxI/bju0G4oVwGgtCig6INKKOJbchvNw5XhoTW','th_4e3406e1-7d74-4d4b-8d52-b0a23e9a4763.jpg','1996-12-30','Tv lover. Coffee nerd. Hipster-friendly web geek. Social media fanatic. Beer practitioner.',0,'2019-07-26 19:37:46','2019-07-26 19:37:46',0,0,0,1,66,NULL,'2019-07-26 19:37:46',5,'2019-08-10 14:58:20'),(67,'Алина','Зиминa','alina.zimina@email.com','$2a$08$EfoMXblxEFhBxSCOxI/bju0G4oVwGgtCig6INKKOJbchvNw5XhoTW','th_8d91a646-2863-4d7e-bfc3-4dc17ecb8999.jpg','1999-09-13','Proud tv ninja. Travel fanatic. Infuriatingly humble entrepreneur. Thinker. Zombie enthusiast. Hipster-friendly music junkie. Internet fan.',0,'2019-07-26 19:37:47','2019-07-26 19:37:47',0,0,0,1,67,NULL,'2019-07-26 19:37:47',5,'2019-08-10 14:58:20'),(68,'Инесса','Зайцевa','inessa.zaytseva@email.com','$2a$08$EfoMXblxEFhBxSCOxI/bju0G4oVwGgtCig6INKKOJbchvNw5XhoTW','th_2196168f-2334-4e34-96fa-9d3750be2f64.jpg','1992-11-17','Friend of animals everywhere. Troublemaker. Proud travel maven. Evil twitter fan. Introvert. Internet fanatic.',0,'2019-07-26 19:37:48','2019-07-26 19:37:48',0,0,0,1,68,NULL,'2019-07-26 19:37:48',5,'2019-08-10 14:58:20'),(69,'Жанна','Юшковa','zhanna.jushkova@email.com','$2a$08$EfoMXblxEFhBxSCOxI/bju0G4oVwGgtCig6INKKOJbchvNw5XhoTW','th_cbe0be09-3931-450a-8eb1-e21ab91fa22a.jpg','1993-06-20','Coffee geek. Amateur zombie fan. Thinker. Pop culture evangelist. Web lover. Unapologetic bacon practitioner. Hipster-friendly organizer.',0,'2019-07-26 19:37:48','2019-07-26 19:37:48',0,0,0,1,69,NULL,'2019-07-26 19:37:48',5,'2019-08-10 14:58:20'),(70,'Валерия','Авдеевa','valerija.avdeeva@email.com','$2a$08$EfoMXblxEFhBxSCOxI/bju0G4oVwGgtCig6INKKOJbchvNw5XhoTW','th_e1779904-57c0-420c-9374-7480d45fa99e.jpg','1997-07-12','Unapologetic bacon specialist. Internet evangelist. Pop culture aficionado. Avid twitter expert. Food scholar. Troublemaker.',0,'2019-07-26 19:37:49','2019-07-26 19:37:49',0,0,0,1,70,NULL,'2019-07-26 19:37:49',5,'2019-08-10 14:58:20'),(71,'Оксана','Фёдоровa','oksana.fedorova@email.com','$2a$08$EfoMXblxEFhBxSCOxI/bju0G4oVwGgtCig6INKKOJbchvNw5XhoTW','th_48175559-8f1b-4a99-b427-263688d32352.jpg','1997-04-22','Typical pop culture buff. Analyst. Beeraholic. Freelance bacon junkie. Problem solver. Internet aficionado. Gamer.',0,'2019-07-26 19:37:50','2019-07-26 19:37:50',0,0,0,1,71,NULL,'2019-07-26 19:37:50',5,'2019-08-10 14:58:20'),(72,'Александра','Орловa','aleksandra.orlova@email.com','$2a$08$EfoMXblxEFhBxSCOxI/bju0G4oVwGgtCig6INKKOJbchvNw5XhoTW','th_90c32d10-abe3-4592-86e6-04b2c0a41156.jpg','1999-03-19','Prone to fits of apathy. Explorer. Total social media fanatic. Bacon scholar. Coffee expert. Alcohol evangelist. Travel trailblazer.',0,'2019-07-26 19:37:51','2019-07-26 19:37:51',0,0,0,1,72,NULL,'2019-07-26 19:37:51',5,'2019-08-10 14:58:20'),(73,'Софья','Кац','sofja.kats@email.com','$2a$08$EfoMXblxEFhBxSCOxI/bju0G4oVwGgtCig6INKKOJbchvNw5XhoTW','th_2512c4ce-198c-4269-8143-d737aae13f76.jpg','1993-08-23','Extreme zombie nerd. Beeraholic. Friendly tv scholar. Freelance food ninja. Twitter specialist. Passionate bacon guru.',0,'2019-07-26 19:37:52','2019-07-26 19:37:52',0,0,0,1,73,NULL,'2019-07-26 19:37:52',5,'2019-08-10 14:58:20'),(74,'Снежана','Угловa','snezhana.uglova@email.com','$2a$08$EfoMXblxEFhBxSCOxI/bju0G4oVwGgtCig6INKKOJbchvNw5XhoTW','th_b100174f-d07c-40fe-81b2-607d2d47f175.jpg','1989-12-04','Beer geek. Subtly charming web aficionado. Reader. Professional tv fanatic. Social media lover.',0,'2019-07-26 19:37:53','2019-07-26 19:37:53',0,0,0,1,74,NULL,'2019-07-26 19:37:53',5,'2019-08-10 14:58:20'),(75,'Алина','Царёвa','alina.tsareva@email.com','$2a$08$EfoMXblxEFhBxSCOxI/bju0G4oVwGgtCig6INKKOJbchvNw5XhoTW','th_4a787a16-e6c3-44ff-916b-8126f40dd870.jpg','1991-09-14','Student. Troublemaker. Communicator. Bacon scholar. Organizer. Problem solver. Creator. Zombie enthusiast. Certified analyst.',0,'2019-07-26 19:37:54','2019-07-26 19:37:54',0,0,0,1,75,NULL,'2019-07-26 19:37:54',5,'2019-08-10 14:58:20'),(76,'Елизавета','Щёголевa','elizaveta.schegoleva@email.com','$2a$08$EfoMXblxEFhBxSCOxI/bju0G4oVwGgtCig6INKKOJbchvNw5XhoTW','th_93e57a58-60da-4624-ba1f-6af758967a3f.jpg','1989-11-01','Organizer. Bacon maven. Lifelong food evangelist. Troublemaker. Certified zombie lover.',0,'2019-07-26 19:37:55','2019-07-26 19:37:55',0,0,0,1,76,NULL,'2019-07-26 19:37:55',5,'2019-08-10 14:58:20'),(77,'Арина','Абрамовa','arina.abramova@email.com','$2a$08$EfoMXblxEFhBxSCOxI/bju0G4oVwGgtCig6INKKOJbchvNw5XhoTW','th_4b163cfa-0e38-4dea-9945-ebfcb326f24d.jpg','1991-02-10','Hardcore music evangelist. Wannabe troublemaker. Twitter guru. Travel expert. Freelance tv maven.',0,'2019-07-26 19:37:56','2019-07-26 19:37:56',0,0,0,1,77,NULL,'2019-07-26 19:37:56',5,'2019-08-10 14:58:20'),(78,'Зина','Яковлевa','zina.jakovleva@email.com','$2a$08$EfoMXblxEFhBxSCOxI/bju0G4oVwGgtCig6INKKOJbchvNw5XhoTW','th_1032ca91-6fb5-41e5-803a-3d1158f72454.jpg','1990-07-07','Beer nerd. Student. Pop culture junkie. Typical food practitioner. Social media aficionado.',0,'2019-07-26 19:37:57','2019-07-26 19:37:57',0,0,0,1,78,NULL,'2019-07-26 19:37:57',5,'2019-08-10 14:58:20'),(79,'Эльза','Поповa','elza.popova@email.com','$2a$08$EfoMXblxEFhBxSCOxI/bju0G4oVwGgtCig6INKKOJbchvNw5XhoTW','th_a4619bae-52cf-4a8f-89b0-e7d8db92bbb0.jpg','1990-06-07','Proud social media enthusiast. Web expert. Troublemaker. Avid travel fan.',0,'2019-07-26 19:37:58','2019-07-26 19:37:58',0,0,0,1,79,NULL,'2019-07-26 19:37:58',5,'2019-08-10 14:58:20'),(80,'Кристина','Царёвa','kristina.tsareva@email.com','$2a$08$EfoMXblxEFhBxSCOxI/bju0G4oVwGgtCig6INKKOJbchvNw5XhoTW','th_010c87b6-f725-470f-ab65-8c83735cfd2b.jpg','1998-12-27','Student. Web ninja. Bacon geek. Zombie junkie. Avid gamer. Twitter fanatic. Music trailblazer. Pop culture guru. Travel nerd. Amateur tv enthusiast.',0,'2019-07-26 19:37:59','2019-07-26 19:37:59',0,0,0,1,80,NULL,'2019-07-26 19:37:59',5,'2019-08-10 14:58:20'),(81,'Софья','Ермолинa','sofja.ermolina@email.com','$2a$08$EfoMXblxEFhBxSCOxI/bju0G4oVwGgtCig6INKKOJbchvNw5XhoTW','th_d74bd2e2-1904-49a0-9578-aa5945e9d194.jpg','1997-11-27','Entrepreneur. Music guru. Bacon enthusiast. Zombie trailblazer. Coffee buff. Internet fanatic. Gamer. Travel fan.',0,'2019-07-26 19:38:00','2019-07-26 19:38:00',0,0,0,1,81,NULL,'2019-07-26 19:38:00',5,'2019-08-10 14:58:20'),(82,'Тамара','Лаврентьевa','tamara.lavrenteva@email.com','$2a$08$EfoMXblxEFhBxSCOxI/bju0G4oVwGgtCig6INKKOJbchvNw5XhoTW','th_cd5fd16d-b3c7-40d2-8fd3-3e8430dd6013.jpg','1990-03-12','General travel expert. Analyst. Beer junkie. Tv lover. Music evangelist. Avid introvert.',0,'2019-07-26 19:38:00','2019-07-26 19:38:00',0,0,0,1,82,NULL,'2019-07-26 19:38:00',5,'2019-08-10 14:58:20'),(83,'Галина','Дмитриевa','galina.dmitrieva@email.com','$2a$08$EfoMXblxEFhBxSCOxI/bju0G4oVwGgtCig6INKKOJbchvNw5XhoTW','th_8fd049fd-2843-4240-93c3-eb871391312b.jpg','1999-07-14','Internet specialist. Hipster-friendly twitter junkie. Social media fan. Proud music evangelist.',0,'2019-07-26 19:38:01','2019-07-26 19:38:01',0,0,0,1,83,NULL,'2019-07-26 19:38:01',5,'2019-08-10 14:58:20'),(84,'Aimee','Marshall','aimee.marshall@email.com','$2a$08$EfoMXblxEFhBxSCOxI/bju0G4oVwGgtCig6INKKOJbchvNw5XhoTW','th_078c4c36-a3c3-4103-934f-6e3e36bdbb8e.jpg','1994-11-14','Professional bacon lover. Total food nerd. Beer geek. Social media scholar. Student. General gamer.',0,'2019-07-26 19:38:02','2019-07-26 19:38:02',0,0,0,1,84,NULL,'2019-07-26 19:38:02',5,'2019-08-10 14:58:20'),(85,'Mia','Fox','mia.fox@email.com','$2a$08$EfoMXblxEFhBxSCOxI/bju0G4oVwGgtCig6INKKOJbchvNw5XhoTW','th_29e3355e-f09c-445a-9d79-215aa8052dc8.jpg','1993-09-01','Travel advocate. Reader. Organizer. Tv enthusiast. Alcohol aficionado. Writer. Student.',0,'2019-07-26 19:38:03','2019-07-26 19:38:03',0,0,0,1,85,NULL,'2019-07-26 19:38:03',5,'2019-08-10 14:58:20'),(86,'Molly','Morgan','molly.morgan@email.com','$2a$08$EfoMXblxEFhBxSCOxI/bju0G4oVwGgtCig6INKKOJbchvNw5XhoTW','th_17bebeba-f924-4b5d-bf7c-03d57c306759.jpg','1992-04-27','Internet advocate. Social media maven. Bacon lover. Entrepreneur. Pop culture fanatic.',0,'2019-07-26 19:38:04','2019-07-26 19:38:04',0,0,0,1,86,NULL,'2019-07-26 19:38:04',5,'2019-08-10 14:58:20'),(87,'Kiera','Price','kiera.price@email.com','$2a$08$EfoMXblxEFhBxSCOxI/bju0G4oVwGgtCig6INKKOJbchvNw5XhoTW','th_c30ffd69-9829-4659-99b4-cd53544b5831.jpg','1992-10-12','Zombie enthusiast. Troublemaker. Travel ninja. Proud beer advocate. Unable to type with boxing gloves on. Lifelong creator.',0,'2019-07-26 19:38:05','2019-07-26 19:38:05',0,0,0,1,87,NULL,'2019-07-26 19:38:05',5,'2019-08-10 14:58:20'),(88,'Millie','Evans','millie.evans@email.com','$2a$08$EfoMXblxEFhBxSCOxI/bju0G4oVwGgtCig6INKKOJbchvNw5XhoTW','th_25a6f108-78fc-4480-b83c-fa238af26faa.jpg','1996-11-09','Alcohol lover. Internet nerd. Twitter evangelist. Incurable explorer. Creator. Food ninja. Bacon guru. Friendly music maven. Coffee aficionado. Student.',0,'2019-07-26 19:38:05','2019-07-26 19:38:05',0,0,0,1,88,NULL,'2019-07-26 19:38:05',5,'2019-08-10 14:58:20'),(89,'Faith','Thomas','faith.thomas@email.com','$2a$08$EfoMXblxEFhBxSCOxI/bju0G4oVwGgtCig6INKKOJbchvNw5XhoTW','th_a82546dd-0b92-47a8-8379-d9d4358e01db.jpg','1994-05-13','Devoted beer guru. Introvert. Web practitioner. Tv aficionado. Freelance coffee fanatic.',0,'2019-07-26 19:38:06','2019-07-26 19:38:06',0,0,0,1,89,NULL,'2019-07-26 19:38:06',5,'2019-08-10 14:58:20'),(90,'Amy','Allen','amy.allen@email.com','$2a$08$EfoMXblxEFhBxSCOxI/bju0G4oVwGgtCig6INKKOJbchvNw5XhoTW','th_54eb83d1-25f1-4002-8d00-e5b9baa33e71.jpg','1994-06-17','Subtly charming thinker. Explorer. Zombie practitioner. Pop culture lover. Gamer. Web scholar.',0,'2019-07-26 19:38:07','2019-07-26 19:38:07',0,0,0,1,90,NULL,'2019-07-26 19:38:07',5,'2019-08-10 14:58:20'),(91,'Amber','Thomas','amber.thomas@email.com','$2a$08$EfoMXblxEFhBxSCOxI/bju0G4oVwGgtCig6INKKOJbchvNw5XhoTW','th_b5f7bcfd-19fd-4997-9e78-3118c2bda861.jpg','1993-07-01','Tv maven. Proud alcohol enthusiast. Internet specialist. Problem solver. Bacon guru.',0,'2019-07-26 19:38:08','2019-07-26 19:38:08',0,0,0,1,91,NULL,'2019-07-26 19:38:08',5,'2019-08-10 14:58:20'),(92,'Alexandra','Davis','alexandra.davis@email.com','$2a$08$EfoMXblxEFhBxSCOxI/bju0G4oVwGgtCig6INKKOJbchvNw5XhoTW','th_c78e0969-b55d-407e-969a-c7818a0e781c.jpg','1996-09-01','Food advocate. Student. Social media lover. Zombie expert. Internet fan. Certified problem solver. Coffee aficionado. Music scholar.',0,'2019-07-26 19:38:09','2019-07-26 19:38:09',0,0,0,1,92,NULL,'2019-07-26 19:38:09',5,'2019-08-10 14:58:20'),(93,'Alicia','Saunders','alicia.saunders@email.com','$2a$08$EfoMXblxEFhBxSCOxI/bju0G4oVwGgtCig6INKKOJbchvNw5XhoTW','th_9e0861bd-bceb-4c12-8da8-fa0eb6f0adbe.jpg','1996-10-22','Subtly charming writer. Typical travel specialist. Organizer. Pop culture ninja.',0,'2019-07-26 19:38:09','2019-07-26 19:38:09',0,0,0,1,93,NULL,'2019-07-26 19:38:09',5,'2019-08-10 14:58:20'),(94,'Poppy','Knight','poppy.knight@email.com','$2a$08$EfoMXblxEFhBxSCOxI/bju0G4oVwGgtCig6INKKOJbchvNw5XhoTW','th_ac027e0a-220a-46b1-af7d-ed8d58d5db64.jpg','1996-02-26','Web fan. Social media trailblazer. Amateur zombie lover. Music aficionado. Beer advocate. Certified twitter scholar. Tv geek. Coffee specialist. Alcohol junkie.',0,'2019-07-26 19:38:10','2019-07-26 19:38:10',0,0,0,1,94,NULL,'2019-07-26 19:38:10',5,'2019-08-10 14:58:20'),(95,'Amber','Wright','amber.wright@email.com','$2a$08$EfoMXblxEFhBxSCOxI/bju0G4oVwGgtCig6INKKOJbchvNw5XhoTW','th_b3b92d72-d9db-4e19-838c-a8bec9f79b45.jpg','1999-06-16','Tv nerd. Devoted music trailblazer. Amateur thinker. Unable to type with boxing gloves on.',0,'2019-07-26 19:38:11','2019-07-26 19:38:11',0,0,0,1,95,NULL,'2019-07-26 19:38:11',5,'2019-08-10 14:58:20'),(96,'Scarlett','Griffiths','scarlett.griffiths@email.com','$2a$08$EfoMXblxEFhBxSCOxI/bju0G4oVwGgtCig6INKKOJbchvNw5XhoTW','th_8df8ce0f-afce-44fd-aa9a-533f46a9f6a9.jpg','1995-12-17','Zombie nerd. Gamer. Twitter geek. Evil thinker. Hardcore bacon expert. Beer fanatic. Pop culture junkie. Music lover.',0,'2019-07-26 19:38:12','2019-07-26 19:38:12',0,0,0,1,96,NULL,'2019-07-26 19:38:12',5,'2019-08-10 14:58:20'),(97,'Lilly','Anderson','lilly.anderson@email.com','$2a$08$EfoMXblxEFhBxSCOxI/bju0G4oVwGgtCig6INKKOJbchvNw5XhoTW','th_7c5271ad-ddee-43e6-b34d-12c18579594a.jpg','1999-01-16','Web nerd. Coffee scholar. Bacon trailblazer. Infuriatingly humble writer. Gamer. Tv practitioner.',0,'2019-07-26 19:38:13','2019-07-26 19:38:13',0,0,0,1,97,NULL,'2019-07-26 19:38:13',5,'2019-08-10 14:58:20'),(98,'Isobel','Richardson','isobel.richardson@email.com','$2a$08$EfoMXblxEFhBxSCOxI/bju0G4oVwGgtCig6INKKOJbchvNw5XhoTW','th_778103a4-35d3-40ce-9170-ea1f90f35064.jpg','1991-03-18','Award-winning food geek. Tv fanatic. Travel expert. Proud beer trailblazer. Organizer. Bacon enthusiast. Communicator. Internet aficionado.',0,'2019-07-26 19:38:14','2019-07-26 19:38:14',0,0,0,1,98,NULL,'2019-07-26 19:38:14',5,'2019-08-10 14:58:20'),(99,'Emily','Cox','emily.cox@email.com','$2a$08$EfoMXblxEFhBxSCOxI/bju0G4oVwGgtCig6INKKOJbchvNw5XhoTW','th_1272ad7f-aa84-4faa-adae-303511f7f1a9.jpg','1993-10-11','Unable to type with boxing gloves on. Beer expert. Troublemaker. Freelance introvert. Web advocate.',0,'2019-07-26 19:38:15','2019-07-26 19:38:15',0,0,0,1,99,NULL,'2019-07-26 19:38:15',5,'2019-08-10 14:58:20'),(100,'Eloise','Thomson','eloise.thomson@email.com','$2a$08$EfoMXblxEFhBxSCOxI/bju0G4oVwGgtCig6INKKOJbchvNw5XhoTW','th_c3bbca8c-6b0a-490c-b6ae-ea1a472d2e55.jpg','1998-04-01','Food guru. Subtly charming troublemaker. Writer. Infuriatingly humble reader. General internet geek. Zombie ninja.',0,'2019-07-26 19:38:15','2019-07-26 19:38:15',0,0,0,1,100,NULL,'2019-07-26 19:38:15',5,'2019-08-10 14:58:20'),(101,'Alexandra','Richardson','alexandra.richardson@email.com','$2a$08$EfoMXblxEFhBxSCOxI/bju0G4oVwGgtCig6INKKOJbchvNw5XhoTW','th_5ec3ad36-3e5d-4874-b3f2-c99e9ac5afea.jpg','1996-08-15','Music fanatic. Student. Pop culture expert. Bacon enthusiast. Food geek. Tv guru. Devoted creator.',0,'2019-07-26 19:38:16','2019-07-26 19:38:16',0,0,0,1,101,NULL,'2019-07-26 19:38:16',5,'2019-08-10 14:58:20'),(102,'Evie','Lloyd','evie.lloyd@email.com','$2a$08$EfoMXblxEFhBxSCOxI/bju0G4oVwGgtCig6INKKOJbchvNw5XhoTW','th_2cb477fe-c6a3-4577-a4e7-e45cdc55bd32.jpg','1992-07-13','Student. Gamer. General travel specialist. Food aficionado. Award-winning organizer. Evil analyst.',0,'2019-07-26 19:38:17','2019-07-26 19:38:17',0,0,0,1,102,NULL,'2019-07-26 19:38:17',5,'2019-08-10 14:58:20'),(103,'Alice','King','alice.king@email.com','$2a$08$EfoMXblxEFhBxSCOxI/bju0G4oVwGgtCig6INKKOJbchvNw5XhoTW','th_1a1e6817-ddad-4440-a789-421226015eea.jpg','1993-04-20','Food geek. Infuriatingly humble pop culture fanatic. Certified music ninja. Communicator. Organizer. Web buff.',0,'2019-07-26 19:38:18','2019-07-26 19:38:18',0,0,0,1,103,NULL,'2019-07-26 19:38:18',5,'2019-08-10 14:58:20'),(104,'Salvatore','Rinaldi','salvatore.rinaldi@email.com','$2a$08$EfoMXblxEFhBxSCOxI/bju0G4oVwGgtCig6INKKOJbchvNw5XhoTW','th_469316fc-e022-4ea4-958a-8ee69ef49419.jpg','1994-02-26','Avid bacon trailblazer. Social media guru. Beer expert. Twitter nerd. Alcohol ninja. Web aficionado.',1,'2019-08-10 17:48:34','2019-08-10 17:48:34',0,0,0,1,104,NULL,'2019-08-10 17:48:33',0,'2019-08-10 17:48:33'),(105,'Davide','Caputo','davide.caputo@email.com','$2a$08$EfoMXblxEFhBxSCOxI/bju0G4oVwGgtCig6INKKOJbchvNw5XhoTW','th_4c8a75d5-7da2-447c-9b30-1f4f6815b7a3.jpg','1992-11-13','Organizer. Wannabe beer ninja. Future teen idol. Creator. Professional tv nerd.',1,'2019-08-10 17:48:37','2019-08-10 17:48:37',0,0,0,1,105,NULL,'2019-08-10 17:48:37',0,'2019-08-10 17:48:37'),(106,'Alex','Silvestri','alex.silvestri@email.com','$2a$08$EfoMXblxEFhBxSCOxI/bju0G4oVwGgtCig6INKKOJbchvNw5XhoTW','th_f6d8dcfc-09de-4c3d-8d40-15f45d238e80.jpg','1995-02-24','Wannabe twitter geek. Beer scholar. Zombieaholic. Food expert. Alcohol specialist. Social media lover. Web fanatic.',1,'2019-08-10 17:48:39','2019-08-10 17:48:39',0,0,0,1,106,NULL,'2019-08-10 17:48:39',0,'2019-08-10 17:48:39'),(107,'Davide','Sala','davide.sala@email.com','$2a$08$EfoMXblxEFhBxSCOxI/bju0G4oVwGgtCig6INKKOJbchvNw5XhoTW','th_76349ac9-0111-456c-83ba-6872de180c6f.jpg','1991-10-11','Beer scholar. Amateur problem solver. Web ninja. Typical alcohol junkie. Incurable coffee buff. Reader. Twitter fanatic.',1,'2019-08-10 17:48:40','2019-08-10 17:48:40',0,0,0,1,107,NULL,'2019-08-10 17:48:40',0,'2019-08-10 17:48:40'),(108,'Gianluca','Gentile','gianluca.gentile@email.com','$2a$08$EfoMXblxEFhBxSCOxI/bju0G4oVwGgtCig6INKKOJbchvNw5XhoTW','th_d1666f7b-848f-4a72-b551-807931c6ffc6.jpg','1992-10-22','Social media aficionado. Communicator. Organizer. Alcohol specialist. Twitter buff. Introvert. Award-winning writer. Web scholar.',1,'2019-08-10 17:48:41','2019-08-10 17:48:41',0,0,0,1,108,NULL,'2019-08-10 17:48:41',0,'2019-08-10 17:48:41'),(109,'Fabio','Guerra','fabio.guerra@email.com','$2a$08$EfoMXblxEFhBxSCOxI/bju0G4oVwGgtCig6INKKOJbchvNw5XhoTW','th_c6692f0f-d6f1-45f4-aa19-5b5cd06ca4c3.jpg','1990-11-13','Organizer. Evil beer fan. Explorer. Music ninja. Pop culture scholar. Food lover.',1,'2019-08-10 17:48:42','2019-08-10 17:48:42',0,0,0,1,109,NULL,'2019-08-10 17:48:42',0,'2019-08-10 17:48:42'),(110,'Fabio','Coppola','fabio.coppola@email.com','$2a$08$EfoMXblxEFhBxSCOxI/bju0G4oVwGgtCig6INKKOJbchvNw5XhoTW','th_a7092f0e-fd28-42f0-b9d7-db8c78acade6.jpg','1994-08-21','Coffee fanatic. Internet scholar. Organizer. Food fan. Explorer. Subtly charming beer advocate.',1,'2019-08-10 17:48:43','2019-08-10 17:48:43',0,0,0,1,110,NULL,'2019-08-10 17:48:43',0,'2019-08-10 17:48:43'),(111,'Pietro','Salvi','pietro.salvi@email.com','$2a$08$EfoMXblxEFhBxSCOxI/bju0G4oVwGgtCig6INKKOJbchvNw5XhoTW','th_74e54b62-1a52-48a3-a682-ea42811f7936.jpg','1992-11-27','Devoted twitter fan. Professional reader. Zombie lover. Beer practitioner. Incurable creator.',1,'2019-08-10 17:48:44','2019-08-10 17:48:44',0,0,0,1,111,NULL,'2019-08-10 17:48:44',0,'2019-08-10 17:48:44'),(112,'Paolo','Rossi','paolo.rossi@email.com','$2a$08$EfoMXblxEFhBxSCOxI/bju0G4oVwGgtCig6INKKOJbchvNw5XhoTW','th_b0b7687d-58b5-4224-893f-1c471e1c1cba.jpg','1995-07-29','Alcohol aficionado. Lifelong creator. Entrepreneur. Amateur food fan. Pop culture specialist. Proud reader. Thinker.',1,'2019-08-10 17:48:45','2019-08-10 17:48:45',0,0,0,1,112,NULL,'2019-08-10 17:48:45',0,'2019-08-10 17:48:45'),(113,'Andrea','Longo','andrea.longo@email.com','$2a$08$EfoMXblxEFhBxSCOxI/bju0G4oVwGgtCig6INKKOJbchvNw5XhoTW','th_98dd4a2e-a2fa-4879-8a81-1b0804e81a9b.jpg','1994-11-18','Social media expert. Evil entrepreneur. Lifelong zombie lover. Unable to type with boxing gloves on. Proud foodaholic. Amateur writer.',1,'2019-08-10 17:48:46','2019-08-10 17:48:46',0,0,0,1,113,NULL,'2019-08-10 17:48:46',0,'2019-08-10 17:48:46'),(114,'Олег','Юрченко','oleg.jurchenko@email.com','$2a$08$EfoMXblxEFhBxSCOxI/bju0G4oVwGgtCig6INKKOJbchvNw5XhoTW','th_bbe8017b-5c58-4269-97a4-c225047b58fd.jpg','1995-02-25','Troublemaker. Tv specialist. Typical writer. Beer fanatic. Creator. Web geek. Zombie maven.',1,'2019-08-10 17:48:47','2019-08-10 17:48:47',0,0,0,1,114,NULL,'2019-08-10 17:48:47',0,'2019-08-10 17:48:47'),(115,'Оскар','Харинов','oskar.harinov@email.com','$2a$08$EfoMXblxEFhBxSCOxI/bju0G4oVwGgtCig6INKKOJbchvNw5XhoTW','th_518db44e-f081-476a-9362-3c6ced34ab25.jpg','1993-05-26','Food buff. Analyst. Tv ninja. Future teen idol. Reader. Professional gamer. Hipster-friendly alcohol junkie.',1,'2019-08-10 17:48:48','2019-08-10 17:48:48',0,0,0,1,115,NULL,'2019-08-10 17:48:48',0,'2019-08-10 17:48:48'),(116,'Владимир','Цивилёв','vladimir.tsivilev@email.com','$2a$08$EfoMXblxEFhBxSCOxI/bju0G4oVwGgtCig6INKKOJbchvNw5XhoTW','th_6099cc48-a8a1-4565-9a9a-dc74c468e1c0.jpg','1995-03-04','Alcohol fanatic. Webaholic. Social media lover. Thinker. Wannabe music junkie.',1,'2019-08-10 17:48:49','2019-08-10 17:48:49',0,0,0,1,116,NULL,'2019-08-10 17:48:49',0,'2019-08-10 17:48:49'),(117,'Олег','Фомин','oleg.fomin@email.com','$2a$08$EfoMXblxEFhBxSCOxI/bju0G4oVwGgtCig6INKKOJbchvNw5XhoTW','th_9f13ef61-7f77-42ba-8072-64e1d3cab358.jpg','1992-06-19','Bacon practitioner. Pop culture junkie. Writer. Extreme reader. Food geek. Tv buff. Twitter maven. Internet lover. Entrepreneur.',1,'2019-08-10 17:48:51','2019-08-10 17:48:51',0,0,0,1,117,NULL,'2019-08-10 17:48:51',0,'2019-08-10 17:48:51'),(118,'Андрей','Якушев','andrey.jakushev@email.com','$2a$08$EfoMXblxEFhBxSCOxI/bju0G4oVwGgtCig6INKKOJbchvNw5XhoTW','th_af471d2f-ed82-4133-a3c4-593ef3f52955.jpg','1992-04-19','Alcohol scholar. Web trailblazer. Entrepreneur. Music guru. Coffee junkie. Social media buff.',1,'2019-08-10 17:48:52','2019-08-10 17:48:52',0,0,0,1,118,NULL,'2019-08-10 17:48:52',0,'2019-08-10 17:48:52'),(119,'Bailey','Murphy','bailey.murphy@email.com','$2a$08$EfoMXblxEFhBxSCOxI/bju0G4oVwGgtCig6INKKOJbchvNw5XhoTW','th_a0a88af7-4702-42c7-bcaf-8a1d4d22bef6.jpg','1991-09-16','Hipster-friendly alcohol nerd. Food geek. Explorer. Pop culture maven. Tv guru. Creator. Friendly twitter evangelist.',1,'2019-08-10 17:48:53','2019-08-10 17:48:53',0,0,0,1,119,NULL,'2019-08-10 17:48:53',0,'2019-08-10 17:48:53'),(120,'Joshua','Mason','joshua.mason@email.com','$2a$08$EfoMXblxEFhBxSCOxI/bju0G4oVwGgtCig6INKKOJbchvNw5XhoTW','th_d74e7019-b860-4dac-b64c-7e444e0f24c0.jpg','1999-07-29','General internet geek. Avid zombie practitioner. Tv aficionado. Food specialist. Beer expert. Twitter fan. Subtly charming music scholar.',1,'2019-08-10 17:48:53','2019-08-10 17:48:53',0,0,0,1,120,NULL,'2019-08-10 17:48:53',0,'2019-08-10 17:48:53'),(121,'Zak','Wright','zak.wright@email.com','$2a$08$EfoMXblxEFhBxSCOxI/bju0G4oVwGgtCig6INKKOJbchvNw5XhoTW','th_4815f728-9857-4f4b-8e8e-1b95d272d568.jpg','1989-02-11','Pop culture ninja. Amateur creator. Total analyst. Friendly web specialist. Social media buff. Infuriatingly humble thinker. Travel fanatic.',1,'2019-08-10 17:48:54','2019-08-10 17:48:54',0,0,0,1,121,NULL,'2019-08-10 17:48:54',0,'2019-08-10 17:48:54'),(122,'Liam','Robinson','liam.robinson@email.com','$2a$08$EfoMXblxEFhBxSCOxI/bju0G4oVwGgtCig6INKKOJbchvNw5XhoTW','th_3efbed10-2bec-4862-bacc-f6feaeea8733.jpg','1990-08-10','Unapologetic music fan. Food guru. Travel specialist. Social media practitioner.',1,'2019-08-10 17:48:56','2019-08-10 17:48:56',0,0,0,1,122,NULL,'2019-08-10 17:48:56',0,'2019-08-10 17:48:56'),(123,'Michael','Kelly','michael.kelly@email.com','$2a$08$EfoMXblxEFhBxSCOxI/bju0G4oVwGgtCig6INKKOJbchvNw5XhoTW','th_01681c15-9cb5-4a64-ab2e-5cdc391e4669.jpg','1990-06-19','Subtly charming troublemaker. Communicator. Analyst. Pop culture scholar. Total coffee buff.',1,'2019-08-10 17:48:57','2019-08-10 17:48:57',0,0,0,1,123,NULL,'2019-08-10 17:48:57',0,'2019-08-10 17:48:57'),(124,'Antonio','Neri','antonio.neri@email.com','$2a$08$EfoMXblxEFhBxSCOxI/bju0G4oVwGgtCig6INKKOJbchvNw5XhoTW','th_325b7425-dd2d-45a2-a587-bfbd97c9f40a.jpg','1996-02-29','Internet nerd. Zombie expert. Pop culture lover. Writer. Amateur twitter advocate.',1,'2019-09-01 08:21:53','2019-09-01 08:21:53',0,0,0,1,124,NULL,'2019-09-01 08:21:53',0,'2019-09-01 08:21:53'),(125,'Giorgio','Monti','giorgio.monti@email.com','$2a$08$EfoMXblxEFhBxSCOxI/bju0G4oVwGgtCig6INKKOJbchvNw5XhoTW','th_475ee8c2-5ee9-44c9-ace2-c4b6b0a1e13d.jpg','1996-01-24','Subtly charming analyst. Friendly internet guru. Beeraholic. Prone to fits of apathy. Explorer. Entrepreneur.',1,'2019-09-01 08:21:54','2019-09-01 08:21:54',0,0,0,1,125,NULL,'2019-09-01 08:21:54',0,'2019-09-01 08:21:54'),(126,'Jacopo','Santoro','jacopo.santoro@email.com','$2a$08$EfoMXblxEFhBxSCOxI/bju0G4oVwGgtCig6INKKOJbchvNw5XhoTW','th_24aeaae0-f4c4-4f80-b975-fcf085c1bc75.jpg','1995-04-02','Tv practitioner. Infuriatingly humble coffee ninja. Friendly music fan. General twitter expert. Introvert.',1,'2019-09-01 08:21:55','2019-09-01 08:21:55',0,0,0,1,126,NULL,'2019-09-01 08:21:55',0,'2019-09-01 08:21:55'),(127,'Davide','Palumbo','davide.palumbo@email.com','$2a$08$EfoMXblxEFhBxSCOxI/bju0G4oVwGgtCig6INKKOJbchvNw5XhoTW','th_5d81df8a-526a-48e2-8922-a649357a3c89.jpg','1997-04-15','Alcohol advocate. Social media fanatic. Proud twitter expert. Passionate bacon enthusiast. Falls down a lot.',1,'2019-09-01 08:21:56','2019-09-01 08:21:56',0,0,0,1,127,NULL,'2019-09-01 08:21:56',0,'2019-09-01 08:21:56'),(128,'Mattia','Caputo','mattia.caputo@email.com','$2a$08$EfoMXblxEFhBxSCOxI/bju0G4oVwGgtCig6INKKOJbchvNw5XhoTW','th_c5a5fc2a-f852-41af-8e27-ee05f576335e.jpg','1996-08-07','Infuriatingly humble social media expert. Music guru. Freelance alcohol fan. Friend of animals everywhere.',1,'2019-09-01 08:21:57','2019-09-01 08:21:57',0,0,0,1,128,NULL,'2019-09-01 08:21:57',0,'2019-09-01 08:21:57'),(129,'Enrico','Bruno','enrico.bruno@email.com','$2a$08$EfoMXblxEFhBxSCOxI/bju0G4oVwGgtCig6INKKOJbchvNw5XhoTW','th_1aebcfb7-5ee5-4ac4-8238-c93ff0993516.jpg','1998-04-09','Unapologetic thinker. Subtly charming web practitioner. General problem solver. Internet evangelist.',1,'2019-09-01 08:21:58','2019-09-01 08:21:58',0,0,0,1,129,NULL,'2019-09-01 08:21:58',0,'2019-09-01 08:21:58'),(130,'Francesco','Damico','francesco.damico@email.com','$2a$08$EfoMXblxEFhBxSCOxI/bju0G4oVwGgtCig6INKKOJbchvNw5XhoTW','th_ad24df8e-3a92-4b74-af9c-7e390dc0d85e.jpg','1999-10-02','Bacon fanatic. Troublemaker. Proud tv nerd. Alcohol scholar. Beer trailblazer. Extreme introvert. Communicator.',1,'2019-09-01 08:21:58','2019-09-01 08:21:58',0,0,0,1,130,NULL,'2019-09-01 08:21:58',0,'2019-09-01 08:21:58'),(131,'Luca','Morelli','luca.morelli@email.com','$2a$08$EfoMXblxEFhBxSCOxI/bju0G4oVwGgtCig6INKKOJbchvNw5XhoTW','th_127c3e7f-9f35-4782-bd46-e93bf08ebbba.jpg','1999-05-21','Infuriatingly humble zombie trailblazer. Writer. Friend of animals everywhere. Food fan.',1,'2019-09-01 08:21:59','2019-09-01 08:21:59',0,0,0,1,131,NULL,'2019-09-01 08:21:59',0,'2019-09-01 08:21:59'),(132,'Andrea','Rizzi','andrea.rizzi@email.com','$2a$08$EfoMXblxEFhBxSCOxI/bju0G4oVwGgtCig6INKKOJbchvNw5XhoTW','th_f91eeac2-8ee8-4725-ba34-70b4d2223ec4.jpg','1994-03-17','Total twitter junkie. Student. Communicator. Falls down a lot. Alcohol evangelist. Beer lover.',1,'2019-09-01 08:22:00','2019-09-01 08:22:00',0,0,0,1,132,NULL,'2019-09-01 08:22:00',0,'2019-09-01 08:22:00'),(133,'Davide','Martino','davide.martino@email.com','$2a$08$EfoMXblxEFhBxSCOxI/bju0G4oVwGgtCig6INKKOJbchvNw5XhoTW','th_a80e526f-51f3-4083-ab27-e689c5fe9e3d.jpg','1998-12-11','Prone to fits of apathy. Problem solver. Internet geek. Wannabe bacon practitioner. Tv enthusiast.',1,'2019-09-01 08:22:01','2019-09-01 08:22:01',0,0,0,1,133,NULL,'2019-09-01 08:22:01',0,'2019-09-01 08:22:01'),(134,'Владимир','Фадеев','vladimir.fadeev@email.com','$2a$08$EfoMXblxEFhBxSCOxI/bju0G4oVwGgtCig6INKKOJbchvNw5XhoTW','th_79f71c6c-cebe-4606-826c-c8726a5d2e82.jpg','1995-05-08','Web expert. Extreme analyst. Student. Introvert. Certified bacon junkie. Twitter evangelist.',1,'2019-09-01 08:22:03','2019-09-01 08:22:03',0,0,0,1,134,NULL,'2019-09-01 08:22:03',0,'2019-09-01 08:22:03'),(135,'Олег','Давыдов','oleg.davidov@email.com','$2a$08$EfoMXblxEFhBxSCOxI/bju0G4oVwGgtCig6INKKOJbchvNw5XhoTW','th_4dc4f111-b682-4ee4-a6db-b248e8ea50d6.jpg','1997-08-08','Organizer. General web fan. Internet trailblazer. Pop culture fanatic. Typical beer advocate.',1,'2019-09-01 08:22:04','2019-09-01 08:22:04',0,0,0,1,135,NULL,'2019-09-01 08:22:04',0,'2019-09-01 08:22:04'),(136,'Богдан','Мельник','bogdan.melnik@email.com','$2a$08$EfoMXblxEFhBxSCOxI/bju0G4oVwGgtCig6INKKOJbchvNw5XhoTW','th_74826b4b-87f5-40cf-adc1-bedd8385946b.jpg','1998-10-27','Friendly travel fan. Writer. Music specialist. Bacon advocate. Beer fanatic. Devoted tv aficionado. Web trailblazer.',1,'2019-09-01 08:22:04','2019-09-01 08:22:04',0,0,0,1,136,NULL,'2019-09-01 08:22:04',0,'2019-09-01 08:22:04'),(137,'Влад','Румянцев','vlad.rumjantsev@email.com','$2a$08$EfoMXblxEFhBxSCOxI/bju0G4oVwGgtCig6INKKOJbchvNw5XhoTW','th_78664e05-7045-4d6c-8cd3-1f3b012794c2.jpg','1993-06-16','Web evangelist. Travel nerd. Coffee practitioner. Bacon enthusiast. Devoted gamer. Alcohol lover.',1,'2019-09-01 08:22:05','2019-09-01 08:22:05',0,0,0,1,137,NULL,'2019-09-01 08:22:05',0,'2019-09-01 08:22:05'),(138,'Трофим','Яковлев','trofim.jakovlev@email.com','$2a$08$EfoMXblxEFhBxSCOxI/bju0G4oVwGgtCig6INKKOJbchvNw5XhoTW','th_8a3d35f4-c4c4-479b-84cb-0cb2a3096718.jpg','1998-01-11','Amateur social media fanatic. Professional alcohol guru. Twitter advocate. Troublemaker.',1,'2019-09-01 08:22:06','2019-09-01 08:22:06',0,0,0,1,138,NULL,'2019-09-01 08:22:06',0,'2019-09-01 08:22:06'),(139,'Muhammad','Smith','muhammad.smith@email.com','$2a$08$EfoMXblxEFhBxSCOxI/bju0G4oVwGgtCig6INKKOJbchvNw5XhoTW','th_872ade7b-e572-45fa-ae0c-ae16b7ec300b.jpg','1992-05-18','Food nerd. Professional gamer. Writer. Travel guru. Problem solver. Internet ninja. Bacon expert.',1,'2019-09-01 08:22:07','2019-09-01 08:22:07',0,0,0,1,139,NULL,'2019-09-01 08:22:07',0,'2019-09-01 08:22:07'),(140,'Alfie','Martin','alfie.martin@email.com','$2a$08$EfoMXblxEFhBxSCOxI/bju0G4oVwGgtCig6INKKOJbchvNw5XhoTW','th_26a2aa5a-35a6-4874-8abc-c656531906e8.jpg','1990-05-10','General web scholar. Zombie expert. Creator. Reader. Food fanatic. Music aficionado. Coffee ninja.',1,'2019-09-01 08:22:08','2019-09-01 08:22:08',0,0,0,1,140,NULL,'2019-09-01 08:22:08',0,'2019-09-01 08:22:08'),(141,'Jack','Richards','jack.richards@email.com','$2a$08$EfoMXblxEFhBxSCOxI/bju0G4oVwGgtCig6INKKOJbchvNw5XhoTW','th_33a198af-caa1-4952-b585-fc06d03054e3.jpg','1999-08-04','Student. Pop culture lover. Web evangelist. Friend of animals everywhere. Organizer. Reader. Music maven.',1,'2019-09-01 08:22:09','2019-09-01 08:22:09',0,0,0,1,141,NULL,'2019-09-01 08:22:09',0,'2019-09-01 08:22:09'),(142,'Samuel','Walsh','samuel.walsh@email.com','$2a$08$EfoMXblxEFhBxSCOxI/bju0G4oVwGgtCig6INKKOJbchvNw5XhoTW','th_18458045-0c36-47f8-9cee-60966e1fe5fb.jpg','1990-02-04','Passionate web fanatic. Internet geek. Freelance coffee expert. General tv lover. Travel enthusiast. Subtly charming social media ninja.',1,'2019-09-01 08:22:10','2019-09-01 08:22:10',0,0,0,1,142,NULL,'2019-09-01 08:22:10',0,'2019-09-01 08:22:10'),(143,'Corey','Owen','corey.owen@email.com','$2a$08$EfoMXblxEFhBxSCOxI/bju0G4oVwGgtCig6INKKOJbchvNw5XhoTW','th_7c134b7d-a511-43ee-9ed0-5841db5be289.jpg','1998-11-14','Amateur explorer. Alcohol ninja. Twitter fanatic. Infuriatingly humble social media buff.',1,'2019-09-01 08:22:11','2019-09-01 08:22:11',0,0,0,1,143,NULL,'2019-09-01 08:22:11',0,'2019-09-01 08:22:11'),(144,'new firstname','new lastname','test@email.com','$2a$08$Sybz4WTQ2T2CaLpCXChQc.9moJ4ACPnE4VeyJmtmIWmhzTjDp2TSK',NULL,'1999-08-31',NULL,NULL,'2019-09-01 08:22:13','2019-09-01 08:22:13',0,0,0,1,NULL,NULL,'2019-09-01 08:22:13',0,'2019-09-01 08:22:13'),(146,'Giorgio','Rinaldi','giorgio.rinaldi@email.com','$2a$08$EfoMXblxEFhBxSCOxI/bju0G4oVwGgtCig6INKKOJbchvNw5XhoTW','th_e7c0d515-81eb-481f-a0b9-f22170c98f6d.jpg','1998-02-23','General internet lover. Passionate food ninja. Twitter nerd. Music fanatic. Bacon scholar.',1,'2019-09-01 08:28:50','2019-09-01 08:28:50',0,0,0,1,144,NULL,'2019-09-01 08:28:50',0,'2019-09-01 08:28:50'),(147,'Christian','Martini','christian.martini@email.com','$2a$08$EfoMXblxEFhBxSCOxI/bju0G4oVwGgtCig6INKKOJbchvNw5XhoTW','th_9aab1576-2ffa-40f7-8ad7-8917a8fdd43f.jpg','1993-04-05','Zombie buff. Explorer. Hipster-friendly entrepreneur. Troublemaker. Creator. Amateur baconaholic.',1,'2019-09-01 08:28:51','2019-09-01 08:28:51',0,0,0,1,145,NULL,'2019-09-01 08:28:51',0,'2019-09-01 08:28:51'),(148,'Giacomo','Martinelli','giacomo.martinelli@email.com','$2a$08$EfoMXblxEFhBxSCOxI/bju0G4oVwGgtCig6INKKOJbchvNw5XhoTW','th_0c70e949-d56e-42ea-94b5-726886aa06cd.jpg','1998-06-21','Professional zombie geek. Social media fan. Web trailblazer. Introvert. Wannabe troublemaker. Student. Falls down a lot.',1,'2019-09-01 08:28:52','2019-09-01 08:28:52',0,0,0,1,146,NULL,'2019-09-01 08:28:52',0,'2019-09-01 08:28:52'),(149,'Edoardo','Bernardi','edoardo.bernardi@email.com','$2a$08$EfoMXblxEFhBxSCOxI/bju0G4oVwGgtCig6INKKOJbchvNw5XhoTW','th_57911397-92c4-4bee-88a2-94aab22b2df2.jpg','1998-07-13','Bacon geek. Student. Proud web nerd. Pop culture aficionado. Coffee fanatic. Avid zombie evangelist.',1,'2019-09-01 08:28:53','2019-09-01 08:28:53',0,0,0,1,147,NULL,'2019-09-01 08:28:53',0,'2019-09-01 08:28:53'),(150,'Federico','Mazza','federico.mazza@email.com','$2a$08$EfoMXblxEFhBxSCOxI/bju0G4oVwGgtCig6INKKOJbchvNw5XhoTW','th_983480eb-4d1f-493e-bedb-9a46a64e1484.jpg','1995-05-30','Food evangelist. Troublemaker. Award-winning travel lover. Subtly charming beer scholar.',1,'2019-09-01 08:28:54','2019-09-01 08:28:54',0,0,0,1,148,NULL,'2019-09-01 08:28:54',0,'2019-09-01 08:28:54'),(151,'Salvatore','Lombardi','salvatore.lombardi@email.com','$2a$08$EfoMXblxEFhBxSCOxI/bju0G4oVwGgtCig6INKKOJbchvNw5XhoTW','th_375c5f4b-98dd-44e9-b7bb-2e3835c39b7b.jpg','1992-02-20','Coffee fanatic. Troublemaker. Writer. Organizer. Proud twitter lover. General analyst. Travel practitioner. Web buff. Alcohol ninja.',1,'2019-09-01 08:28:55','2019-09-01 08:28:55',0,0,0,1,149,NULL,'2019-09-01 08:28:55',0,'2019-09-01 08:28:55'),(152,'Michele','Valentini','michele.valentini@email.com','$2a$08$EfoMXblxEFhBxSCOxI/bju0G4oVwGgtCig6INKKOJbchvNw5XhoTW','th_711ad65a-eec9-4243-84ca-35d47a0b53fb.jpg','1994-04-09','Food guru. Reader. Explorer. Social media evangelist. Infuriatingly humble organizer.',1,'2019-09-01 08:28:56','2019-09-01 08:28:56',0,0,0,1,150,NULL,'2019-09-01 08:28:56',0,'2019-09-01 08:28:56'),(153,'Marco','Damico','marco.damico@email.com','$2a$08$EfoMXblxEFhBxSCOxI/bju0G4oVwGgtCig6INKKOJbchvNw5XhoTW','th_8890aba0-8955-4832-8d81-ce1ea1ab37f4.jpg','1991-07-31','Professional coffee maven. Communicator. Freelance reader. Twitter practitioner. Bacon fan. Social media geek. Passionate food lover.',1,'2019-09-01 08:28:57','2019-09-01 08:28:57',0,0,0,1,151,NULL,'2019-09-01 08:28:57',0,'2019-09-01 08:28:57'),(154,'Gianluca','Pellegrin','gianluca.pellegrin@email.com','$2a$08$EfoMXblxEFhBxSCOxI/bju0G4oVwGgtCig6INKKOJbchvNw5XhoTW','th_f14955b0-78ad-411e-a35a-cfc5be0deaa0.jpg','1989-09-17','Internet trailblazer. Incurable gamer. Extreme thinker. Introvert. Beer evangelist. Twitter ninja.',1,'2019-09-01 08:28:58','2019-09-01 08:28:58',0,0,0,1,152,NULL,'2019-09-01 08:28:58',0,'2019-09-01 08:28:58'),(155,'Alessandro','Negri','alessandro.negri@email.com','$2a$08$EfoMXblxEFhBxSCOxI/bju0G4oVwGgtCig6INKKOJbchvNw5XhoTW','th_83954d25-3efd-49ce-aa23-314c527234fb.jpg','1998-07-27','Avid social media fanatic. Unapologetic twitter expert. Wannabe introvert. Travel advocate.',1,'2019-09-01 08:28:58','2019-09-01 08:28:58',0,0,0,1,153,NULL,'2019-09-01 08:28:58',0,'2019-09-01 08:28:58'),(156,'Данил','Рыбалко','danil.ribalko@email.com','$2a$08$EfoMXblxEFhBxSCOxI/bju0G4oVwGgtCig6INKKOJbchvNw5XhoTW','th_5e6ca599-1a72-4a3b-93b8-54415aec5bcb.jpg','1993-03-11','Creator. Zombie guru. Avid beer evangelist. Social media aficionado. Wannabe explorer.',1,'2019-09-01 08:29:00','2019-09-01 08:29:00',0,0,0,1,154,NULL,'2019-09-01 08:29:00',0,'2019-09-01 08:29:00'),(157,'Павел','Григорьев','pavel.grigorev@email.com','$2a$08$EfoMXblxEFhBxSCOxI/bju0G4oVwGgtCig6INKKOJbchvNw5XhoTW','th_f9e52fc9-0904-402e-8919-7058eacacae8.jpg','1997-05-29','Total explorer. Travel scholar. Internet advocate. Analyst. Organizer. Tv buff. Zombie guru.',1,'2019-09-01 08:29:01','2019-09-01 08:29:01',0,0,0,1,155,NULL,'2019-09-01 08:29:01',0,'2019-09-01 08:29:01'),(158,'Владимир','Фомин','vladimir.fomin@email.com','$2a$08$EfoMXblxEFhBxSCOxI/bju0G4oVwGgtCig6INKKOJbchvNw5XhoTW','th_4daf73b3-6d1b-41a3-8e71-1ed8b7d3fec2.jpg','1992-07-14','Hipster-friendly communicator. Social media fanatic. Travel ninja. Music nerd. Alcohol trailblazer. Student. Prone to fits of apathy.',1,'2019-09-01 08:29:03','2019-09-01 08:29:03',0,0,0,1,156,NULL,'2019-09-01 08:29:03',0,'2019-09-01 08:29:03');
/*!40000 ALTER TABLE `AK_USER` ENABLE KEYS */;
UNLOCK TABLES;

--
-- Table structure for table `AK_USER_AUTHORITY`
--

DROP TABLE IF EXISTS `AK_USER_AUTHORITY`;
/*!40101 SET @saved_cs_client     = @@character_set_client */;
/*!50503 SET character_set_client = utf8mb4 */;
CREATE TABLE `AK_USER_AUTHORITY` (
  `ID` int(11) NOT NULL AUTO_INCREMENT,
  `USER_ID` int(11) NOT NULL,
  `AUTHORITY_ID` int(11) NOT NULL,
  PRIMARY KEY (`ID`),
  UNIQUE KEY `USER_AUTHORITY_USER_ID_AUTHORITY_ID_U` (`USER_ID`,`AUTHORITY_ID`),
  KEY `USER_AUTHORITY_AUTHORITY_ID_FK` (`AUTHORITY_ID`),
  CONSTRAINT `USER_AUTHORITY_AUTHORITY_ID_FK` FOREIGN KEY (`AUTHORITY_ID`) REFERENCES `AK_AUTHORITY` (`ID`) ON DELETE CASCADE ON UPDATE CASCADE,
  CONSTRAINT `USER_AUTHORITY_USER_ID_FK` FOREIGN KEY (`USER_ID`) REFERENCES `AK_USER` (`ID`) ON DELETE CASCADE ON UPDATE CASCADE
) ENGINE=InnoDB AUTO_INCREMENT=158 DEFAULT CHARSET=utf8mb4 COLLATE=utf8mb4_0900_ai_ci;
/*!40101 SET character_set_client = @saved_cs_client */;

--
-- Dumping data for table `AK_USER_AUTHORITY`
--

LOCK TABLES `AK_USER_AUTHORITY` WRITE;
/*!40000 ALTER TABLE `AK_USER_AUTHORITY` DISABLE KEYS */;
INSERT INTO `AK_USER_AUTHORITY` VALUES (1,1,1),(2,1,2),(3,2,1),(4,4,1),(5,5,1),(6,6,1),(7,7,1),(8,8,1),(9,9,1),(10,10,1),(11,11,1),(12,12,1),(13,13,1),(14,14,1),(15,15,1),(16,16,1),(17,17,1),(18,18,1),(19,19,1),(20,20,1),(21,21,1),(22,22,1),(23,23,1),(24,24,1),(25,25,1),(26,26,1),(27,27,1),(28,28,1),(29,29,1),(30,30,1),(31,31,1),(32,32,1),(33,33,1),(34,34,1),(35,35,1),(36,36,1),(37,37,1),(38,38,1),(39,39,1),(40,40,1),(41,41,1),(42,42,1),(43,43,1),(44,44,1),(45,45,1),(46,46,1),(47,47,1),(48,48,1),(49,49,1),(50,50,1),(51,51,1),(52,52,1),(53,53,1),(54,54,1),(55,55,1),(56,56,1),(57,57,1),(58,58,1),(59,59,1),(60,60,1),(61,61,1),(62,62,1),(63,63,1),(64,64,1),(65,65,1),(66,66,1),(67,67,1),(68,68,1),(69,69,1),(70,70,1),(71,71,1),(72,72,1),(73,73,1),(74,74,1),(75,75,1),(76,76,1),(77,77,1),(78,78,1),(79,79,1),(80,80,1),(81,81,1),(82,82,1),(83,83,1),(84,84,1),(85,85,1),(86,86,1),(87,87,1),(88,88,1),(89,89,1),(90,90,1),(91,91,1),(92,92,1),(93,93,1),(94,94,1),(95,95,1),(96,96,1),(97,97,1),(98,98,1),(99,99,1),(100,100,1),(101,101,1),(102,102,1),(103,103,1),(104,104,1),(105,105,1),(106,106,1),(107,107,1),(108,108,1),(109,109,1),(110,110,1),(111,111,1),(112,112,1),(113,113,1),(114,114,1),(115,115,1),(116,116,1),(117,117,1),(118,118,1),(119,119,1),(120,120,1),(121,121,1),(122,122,1),(123,123,1),(124,124,1),(125,125,1),(126,126,1),(127,127,1),(128,128,1),(129,129,1),(130,130,1),(131,131,1),(132,132,1),(133,133,1),(134,134,1),(135,135,1),(136,136,1),(137,137,1),(138,138,1),(139,139,1),(140,140,1),(141,141,1),(142,142,1),(143,143,1),(144,144,1),(145,146,1),(146,147,1),(147,148,1),(148,149,1),(149,150,1),(150,151,1),(151,152,1),(152,153,1),(153,154,1),(154,155,1),(155,156,1),(156,157,1),(157,158,1);
/*!40000 ALTER TABLE `AK_USER_AUTHORITY` ENABLE KEYS */;
UNLOCK TABLES;

--
-- Table structure for table `AK_USER_IMAGE`
--

DROP TABLE IF EXISTS `AK_USER_IMAGE`;
/*!40101 SET @saved_cs_client     = @@character_set_client */;
/*!50503 SET character_set_client = utf8mb4 */;
CREATE TABLE `AK_USER_IMAGE` (
  `ID` int(11) NOT NULL AUTO_INCREMENT,
  `USER_ID` int(11) NOT NULL,
  `IMAGE_NAME` varchar(255) DEFAULT NULL,
  `POSITION` int(11) NOT NULL,
  PRIMARY KEY (`ID`),
  UNIQUE KEY `USER_IMAGE_USER_ID_POSITION_U` (`USER_ID`,`POSITION`),
  CONSTRAINT `USER_IMAGE_USER_ID_FK` FOREIGN KEY (`USER_ID`) REFERENCES `AK_USER` (`ID`) ON DELETE CASCADE ON UPDATE CASCADE
) ENGINE=InnoDB AUTO_INCREMENT=158 DEFAULT CHARSET=utf8mb4 COLLATE=utf8mb4_0900_ai_ci;
/*!40101 SET character_set_client = @saved_cs_client */;

--
-- Dumping data for table `AK_USER_IMAGE`
--

LOCK TABLES `AK_USER_IMAGE` WRITE;
/*!40000 ALTER TABLE `AK_USER_IMAGE` DISABLE KEYS */;
INSERT INTO `AK_USER_IMAGE` VALUES (1,1,NULL,1),(2,1,NULL,2),(3,4,'a6fb82ea-5bd8-4bab-af06-98d00cd765db.jpg',1),(4,5,'58cc76b7-22e1-49af-8523-ecc08378c88d.jpg',1),(5,6,'10a9f943-eafb-42c3-88c9-9f6ce7afcbb9.jpg',1),(6,7,'5db563d3-c055-4331-b6d2-e5085cd2e7f9.jpg',1),(7,8,'c871508e-ffb5-4649-9f3c-0c645c19b5b6.jpg',1),(8,9,'7e673b43-2229-481d-b05a-82e42e0767e5.jpg',1),(9,10,'8894b032-4b4b-490b-ace3-035716c59320.jpg',1),(10,11,'85708b2e-d33b-4a5b-8d3d-4ffd4510b70e.jpg',1),(11,12,'66b5ef8b-2c19-49be-9ff6-4f47896d4770.jpg',1),(12,13,'ae2ebed8-cc83-4f32-9d32-35b6ad12b32b.jpg',1),(13,14,'c076980f-9f53-4e70-aed2-3c73ca628b7d.jpg',1),(14,15,'788f13bb-d62e-4715-9433-23fab458af9a.jpg',1),(15,16,'b18add39-d86e-4776-8f8a-89b5f6e4b7e9.jpg',1),(16,17,'5a2b7e65-9c27-4181-a977-d606eb11b56a.jpg',1),(17,18,'62e63f92-30d5-445f-a119-baec821e6c36.jpg',1),(18,19,'e9af5e2d-6e6e-4a4a-b81d-420ee8ec9b8c.jpg',1),(19,20,'b934af00-5c1e-4585-abca-f192a1c17e72.jpg',1),(20,21,'775bd6c1-0587-4b3c-b021-fc9089fe4158.jpg',1),(21,22,'7d5f0ccf-bfcd-4a6e-8d2a-2e193673d55a.jpg',1),(22,23,'2a561fcf-df3a-4c2f-9c42-a1ec246c6178.jpg',1),(23,24,'2a681a33-8c62-4856-83a9-1cc5f7968056.jpg',1),(24,25,'a813f505-c9cc-4e6c-b2a4-85a4ee7cbe2d.jpg',1),(25,26,'45d528aa-ac9f-42b2-b1f3-b38e4613b4a2.jpg',1),(26,27,'292ba292-61eb-4145-b60d-09de1db6bfb4.jpg',1),(27,28,'c004ea7b-81e9-499f-a651-01927be3ec60.jpg',1),(28,29,'4ff53492-cd04-4c51-9138-4166281f2b54.jpg',1),(29,30,'5b790bc7-079f-44fc-b874-56cd8afc4d18.jpg',1),(30,31,'19c1a48e-17a2-46b0-a337-c71745d2a0f9.jpg',1),(31,32,'9123c900-aba0-47f7-8a42-189a6afbd533.jpg',1),(32,33,'40b3ad4b-2f2e-499d-b2e0-434b77091a2d.jpg',1),(33,34,'5849d78f-41f8-4f97-80f0-47c0849c7c97.jpg',1),(34,35,'d7f1a2da-33c9-4ccb-8db6-d66026c6056d.jpg',1),(35,36,'e35ed960-ec4b-4a99-93e8-2daf35f8a32c.jpg',1),(36,37,'709504b5-8ded-4147-8af0-0f2ba121eec7.jpg',1),(37,38,'db8d7a4e-d78a-48fe-a03b-11fa044a28ed.jpg',1),(38,39,'c61064f8-ab9c-4dff-889f-88d8df0f1220.jpg',1),(39,40,'57af94c8-3d45-49c4-8f35-a8ef9685c12d.jpg',1),(40,41,'0e1f3a8c-a7c4-4863-ae96-ec89c6df47f5.jpg',1),(41,42,'cad719c9-5e92-4c0f-b087-f597b3ef7149.jpg',1),(42,43,'139fe53a-0947-4f54-a279-22b8bd6063bb.jpg',1),(43,44,'48a67e8f-faab-4c8a-8372-6ec26a3530ce.jpg',1),(44,45,'8c8ea25c-737d-40f9-959f-c4f20cfdad91.jpg',1),(45,46,'ed43a885-ca09-42df-9833-384798863b91.jpg',1),(46,47,'b7c2e804-6b65-43bf-82ea-82cf3953dd6d.jpg',1),(47,48,'08a3d188-18e8-4716-ba04-d186e707d020.jpg',1),(48,49,'32b2985d-7233-4d61-bb84-3920f4ff5ae5.jpg',1),(49,50,'c97e9ba5-937c-41f0-b03a-18bf7bc156f8.jpg',1),(50,51,'28e91472-64fa-4dd8-a113-cedcee9a8745.jpg',1),(51,52,'72663beb-95a1-445f-a25b-f341bab2adab.jpg',1),(52,53,'0e2a05b8-591e-4633-bb44-074eafec2f62.jpg',1),(53,54,'de15dfcb-3338-4e8d-9888-b428d4055ea9.jpg',1),(54,55,'0d319934-314e-482e-af00-992dc544166c.jpg',1),(55,56,'8019941a-1947-4296-88da-f180d3faa0e7.jpg',1),(56,57,'5321a0b0-3c10-443b-a1a9-61ba7a6da1bc.jpg',1),(57,58,'f9460665-8144-43db-bb0b-7f90e5aead98.jpg',1),(58,59,'975ee4b5-b983-4160-aed5-ecb5e405c221.jpg',1),(59,60,'e0b9f7eb-4a76-4672-a334-0d24ea881068.jpg',1),(60,61,'d7c92199-fc35-442e-8586-917ef00be4ea.jpg',1),(61,62,'8e2a8f76-8c5c-4b31-a90b-968a1b4ec403.jpg',1),(62,63,'a2289cd5-f2f2-44f1-80f9-86834819ddca.jpg',1),(63,64,'4e64bc89-8e82-4411-a8e3-173d2dbc8e44.jpg',1),(64,65,'de3b4865-b3d7-4bfc-bbaa-08eed3396d05.jpg',1),(65,66,'4e3406e1-7d74-4d4b-8d52-b0a23e9a4763.jpg',1),(66,67,'8d91a646-2863-4d7e-bfc3-4dc17ecb8999.jpg',1),(67,68,'2196168f-2334-4e34-96fa-9d3750be2f64.jpg',1),(68,69,'cbe0be09-3931-450a-8eb1-e21ab91fa22a.jpg',1),(69,70,'e1779904-57c0-420c-9374-7480d45fa99e.jpg',1),(70,71,'48175559-8f1b-4a99-b427-263688d32352.jpg',1),(71,72,'90c32d10-abe3-4592-86e6-04b2c0a41156.jpg',1),(72,73,'2512c4ce-198c-4269-8143-d737aae13f76.jpg',1),(73,74,'b100174f-d07c-40fe-81b2-607d2d47f175.jpg',1),(74,75,'4a787a16-e6c3-44ff-916b-8126f40dd870.jpg',1),(75,76,'93e57a58-60da-4624-ba1f-6af758967a3f.jpg',1),(76,77,'4b163cfa-0e38-4dea-9945-ebfcb326f24d.jpg',1),(77,78,'1032ca91-6fb5-41e5-803a-3d1158f72454.jpg',1),(78,79,'a4619bae-52cf-4a8f-89b0-e7d8db92bbb0.jpg',1),(79,80,'010c87b6-f725-470f-ab65-8c83735cfd2b.jpg',1),(80,81,'d74bd2e2-1904-49a0-9578-aa5945e9d194.jpg',1),(81,82,'cd5fd16d-b3c7-40d2-8fd3-3e8430dd6013.jpg',1),(82,83,'8fd049fd-2843-4240-93c3-eb871391312b.jpg',1),(83,84,'078c4c36-a3c3-4103-934f-6e3e36bdbb8e.jpg',1),(84,85,'29e3355e-f09c-445a-9d79-215aa8052dc8.jpg',1),(85,86,'17bebeba-f924-4b5d-bf7c-03d57c306759.jpg',1),(86,87,'c30ffd69-9829-4659-99b4-cd53544b5831.jpg',1),(87,88,'25a6f108-78fc-4480-b83c-fa238af26faa.jpg',1),(88,89,'a82546dd-0b92-47a8-8379-d9d4358e01db.jpg',1),(89,90,'54eb83d1-25f1-4002-8d00-e5b9baa33e71.jpg',1),(90,91,'b5f7bcfd-19fd-4997-9e78-3118c2bda861.jpg',1),(91,92,'c78e0969-b55d-407e-969a-c7818a0e781c.jpg',1),(92,93,'9e0861bd-bceb-4c12-8da8-fa0eb6f0adbe.jpg',1),(93,94,'ac027e0a-220a-46b1-af7d-ed8d58d5db64.jpg',1),(94,95,'b3b92d72-d9db-4e19-838c-a8bec9f79b45.jpg',1),(95,96,'8df8ce0f-afce-44fd-aa9a-533f46a9f6a9.jpg',1),(96,97,'7c5271ad-ddee-43e6-b34d-12c18579594a.jpg',1),(97,98,'778103a4-35d3-40ce-9170-ea1f90f35064.jpg',1),(98,99,'1272ad7f-aa84-4faa-adae-303511f7f1a9.jpg',1),(99,100,'c3bbca8c-6b0a-490c-b6ae-ea1a472d2e55.jpg',1),(100,101,'5ec3ad36-3e5d-4874-b3f2-c99e9ac5afea.jpg',1),(101,102,'2cb477fe-c6a3-4577-a4e7-e45cdc55bd32.jpg',1),(102,103,'1a1e6817-ddad-4440-a789-421226015eea.jpg',1),(103,4,'f8d2bad9-945c-4447-a779-182784229086.jpg',2),(104,104,'469316fc-e022-4ea4-958a-8ee69ef49419.jpg',1),(105,105,'4c8a75d5-7da2-447c-9b30-1f4f6815b7a3.jpg',1),(106,106,'f6d8dcfc-09de-4c3d-8d40-15f45d238e80.jpg',1),(107,107,'76349ac9-0111-456c-83ba-6872de180c6f.jpg',1),(108,108,'d1666f7b-848f-4a72-b551-807931c6ffc6.jpg',1),(109,109,'c6692f0f-d6f1-45f4-aa19-5b5cd06ca4c3.jpg',1),(110,110,'a7092f0e-fd28-42f0-b9d7-db8c78acade6.jpg',1),(111,111,'74e54b62-1a52-48a3-a682-ea42811f7936.jpg',1),(112,112,'b0b7687d-58b5-4224-893f-1c471e1c1cba.jpg',1),(113,113,'98dd4a2e-a2fa-4879-8a81-1b0804e81a9b.jpg',1),(114,114,'bbe8017b-5c58-4269-97a4-c225047b58fd.jpg',1),(115,115,'518db44e-f081-476a-9362-3c6ced34ab25.jpg',1),(116,116,'6099cc48-a8a1-4565-9a9a-dc74c468e1c0.jpg',1),(117,117,'9f13ef61-7f77-42ba-8072-64e1d3cab358.jpg',1),(118,118,'af471d2f-ed82-4133-a3c4-593ef3f52955.jpg',1),(119,119,'a0a88af7-4702-42c7-bcaf-8a1d4d22bef6.jpg',1),(120,120,'d74e7019-b860-4dac-b64c-7e444e0f24c0.jpg',1),(121,121,'4815f728-9857-4f4b-8e8e-1b95d272d568.jpg',1),(122,122,'3efbed10-2bec-4862-bacc-f6feaeea8733.jpg',1),(123,123,'01681c15-9cb5-4a64-ab2e-5cdc391e4669.jpg',1),(124,4,'0f34ee06-4e89-4239-b1d0-a0195aa60a05.jpg',3),(125,124,'325b7425-dd2d-45a2-a587-bfbd97c9f40a.jpg',1),(126,125,'475ee8c2-5ee9-44c9-ace2-c4b6b0a1e13d.jpg',1),(127,126,'24aeaae0-f4c4-4f80-b975-fcf085c1bc75.jpg',1),(128,127,'5d81df8a-526a-48e2-8922-a649357a3c89.jpg',1),(129,128,'c5a5fc2a-f852-41af-8e27-ee05f576335e.jpg',1),(130,129,'1aebcfb7-5ee5-4ac4-8238-c93ff0993516.jpg',1),(131,130,'ad24df8e-3a92-4b74-af9c-7e390dc0d85e.jpg',1),(132,131,'127c3e7f-9f35-4782-bd46-e93bf08ebbba.jpg',1),(133,132,'f91eeac2-8ee8-4725-ba34-70b4d2223ec4.jpg',1),(134,133,'a80e526f-51f3-4083-ab27-e689c5fe9e3d.jpg',1),(135,134,'79f71c6c-cebe-4606-826c-c8726a5d2e82.jpg',1),(136,135,'4dc4f111-b682-4ee4-a6db-b248e8ea50d6.jpg',1),(137,136,'74826b4b-87f5-40cf-adc1-bedd8385946b.jpg',1),(138,137,'78664e05-7045-4d6c-8cd3-1f3b012794c2.jpg',1),(139,138,'8a3d35f4-c4c4-479b-84cb-0cb2a3096718.jpg',1),(140,139,'872ade7b-e572-45fa-ae0c-ae16b7ec300b.jpg',1),(141,140,'26a2aa5a-35a6-4874-8abc-c656531906e8.jpg',1),(142,141,'33a198af-caa1-4952-b585-fc06d03054e3.jpg',1),(143,142,'18458045-0c36-47f8-9cee-60966e1fe5fb.jpg',1),(144,143,'7c134b7d-a511-43ee-9ed0-5841db5be289.jpg',1),(145,146,'e7c0d515-81eb-481f-a0b9-f22170c98f6d.jpg',1),(146,147,'9aab1576-2ffa-40f7-8ad7-8917a8fdd43f.jpg',1),(147,148,'0c70e949-d56e-42ea-94b5-726886aa06cd.jpg',1),(148,149,'57911397-92c4-4bee-88a2-94aab22b2df2.jpg',1),(149,150,'983480eb-4d1f-493e-bedb-9a46a64e1484.jpg',1),(150,151,'375c5f4b-98dd-44e9-b7bb-2e3835c39b7b.jpg',1),(151,152,'711ad65a-eec9-4243-84ca-35d47a0b53fb.jpg',1),(152,153,'8890aba0-8955-4832-8d81-ce1ea1ab37f4.jpg',1),(153,154,'f14955b0-78ad-411e-a35a-cfc5be0deaa0.jpg',1),(154,155,'83954d25-3efd-49ce-aa23-314c527234fb.jpg',1),(155,156,'5e6ca599-1a72-4a3b-93b8-54415aec5bcb.jpg',1),(156,157,'f9e52fc9-0904-402e-8919-7058eacacae8.jpg',1),(157,158,'4daf73b3-6d1b-41a3-8e71-1ed8b7d3fec2.jpg',1);
/*!40000 ALTER TABLE `AK_USER_IMAGE` ENABLE KEYS */;
UNLOCK TABLES;

--
-- Table structure for table `oauth_access_token`
--

DROP TABLE IF EXISTS `oauth_access_token`;
/*!40101 SET @saved_cs_client     = @@character_set_client */;
/*!50503 SET character_set_client = utf8mb4 */;
CREATE TABLE `oauth_access_token` (
  `token_id` varchar(256) DEFAULT NULL,
  `token` varbinary(1024) DEFAULT NULL,
  `authentication_id` varchar(256) NOT NULL,
  `user_name` varchar(256) DEFAULT NULL,
  `client_id` varchar(256) DEFAULT NULL,
  `authentication` varbinary(4096) DEFAULT NULL,
  `refresh_token` varchar(256) DEFAULT NULL,
  PRIMARY KEY (`authentication_id`)
) ENGINE=InnoDB DEFAULT CHARSET=utf8mb4 COLLATE=utf8mb4_0900_ai_ci;
/*!40101 SET character_set_client = @saved_cs_client */;

--
-- Dumping data for table `oauth_access_token`
--

LOCK TABLES `oauth_access_token` WRITE;
/*!40000 ALTER TABLE `oauth_access_token` DISABLE KEYS */;
INSERT INTO `oauth_access_token` VALUES ('913c1ea5c985b5ba465a89aeff8abbcd',_binary '\\0sr\0Corg.springframework.security.oauth2.common.DefaultOAuth2AccessToken6$\\0L\0additionalInformationt\0Ljava/util/Map;L\0\nexpirationt\0Ljava/util/Date;L\0refreshTokent\0?Lorg/springframework/security/oauth2/common/OAuth2RefreshToken;L\0scopet\0Ljava/util/Set;L\0	tokenTypet\0Ljava/lang/String;L\0valueq\0~\0xpsr\0java.util.Collections$EmptyMapY6Z\\\\0\0xpsr\0java.util.DatehjKYt\0\0xpw\0\0l-xsr\0Lorg.springframework.security.oauth2.common.DefaultExpiringOAuth2RefreshToken/\Gc\ɷ\0L\0\nexpirationq\0~\0xr\0Dorg.springframework.security.oauth2.common.DefaultOAuth2RefreshTokens\\ncT\^\0L\0valueq\0~\0xpt\0$09b4e977-788d-47ab-9622-dc8302a20e10sq\0~\0	w\0\0m\Wxsr\0%java.util.Collections$UnmodifiableSetяU\0\0xr\0,java.util.Collections$UnmodifiableCollectionB\0\^\\0L\0ct\0Ljava/util/Collection;xpsr\0java.util.LinkedHashSet\l\Z\*\0\0xr\0java.util.HashSetD4\0\0xpw\0\0\0?@\0\0\0\0\0t\0readt\0writext\0bearert\0$084193fd-7d62-4803-9832-d09528a1ccaa','1f3abc610ca40144266f732c88a4c37a','email1@email.com','spring-security-oauth2-read-write-client',_binary '\\0sr\0Aorg.springframework.security.oauth2.provider.OAuth2Authentication@bR\0L\0\rstoredRequestt\0<Lorg/springframework/security/oauth2/provider/OAuth2Request;L\0userAuthenticationt\02Lorg/springframework/security/core/Authentication;xr\0Gorg.springframework.security.authentication.AbstractAuthenticationTokenӪ(~nGd\0Z\0\rauthenticatedL\0authoritiest\0Ljava/util/Collection;L\0detailst\0Ljava/lang/Object;xp\0sr\0&java.util.Collections$UnmodifiableList%1\\0L\0listt\0Ljava/util/List;xr\0,java.util.Collections$UnmodifiableCollectionB\0\^\\0L\0cq\0~\0xpsr\0java.util.ArrayListx\\a\0I\0sizexp\0\0\0w\0\0\0sr\0Borg.springframework.security.core.authority.SimpleGrantedAuthority\0\0\0\0\0\0\0L\0rolet\0Ljava/lang/String;xpt\0ADMINsq\0~\0\rt\0USERxq\0~\0psr\0:org.springframework.security.oauth2.provider.OAuth2Request\0\0\0\0\0\0\0\0Z\0approvedL\0authoritiesq\0~\0L\0\nextensionst\0Ljava/util/Map;L\0redirectUriq\0~\0L\0refresht\0;Lorg/springframework/security/oauth2/provider/TokenRequest;L\0resourceIdst\0Ljava/util/Set;L\0\rresponseTypesq\0~\0xr\08org.springframework.security.oauth2.provider.BaseRequest6(z>qi\0L\0clientIdq\0~\0L\0requestParametersq\0~\0L\0scopeq\0~\0xpt\0(spring-security-oauth2-read-write-clientsr\0%java.util.Collections$UnmodifiableMap\t\B\0L\0mq\0~\0xpsr\0java.util.HashMap\\`\\0F\0\nloadFactorI\0	thresholdxp?@\0\0\0\0\0w\0\0\0\0\0\0t\0\ngrant_typet\0passwordt\0usernamet\0email1@email.comxsr\0%java.util.Collections$UnmodifiableSetяU\0\0xq\0~\0	sr\0java.util.LinkedHashSet\l\Z\*\0\0xr\0java.util.HashSetD4\0\0xpw\0\0\0?@\0\0\0\0\0t\0readt\0writexsq\0~\0%w\0\0\0?@\0\0\0\0\0sq\0~\0\rt\0USERxsq\0~\0?@\0\0\0\0\0\0w\0\0\0\0\0\0\0xppsq\0~\0%w\0\0\0?@\0\0\0\0\0t\0resource-server-rest-apixsq\0~\0%w\0\0\0?@\0\0\0\0\0\0xsr\0Oorg.springframework.security.authentication.UsernamePasswordAuthenticationToken\0\0\0\0\0\0\0L\0credentialsq\0~\0L\0	principalq\0~\0xq\0~\0sq\0~\0sq\0~\0\0\0\0w\0\0\0q\0~\0q\0~\0xq\0~\03sr\0java.util.LinkedHashMap4N\\l\0Z\0accessOrderxq\0~\0?@\0\0\0\0\0w\0\0\0\0\0\0q\0~\0q\0~\0q\0~\0 q\0~\0!x\0psr\0)com.icebreaker.be.auth.UserDetailsDefault4\k*Q\0L\0usert\0&Lcom/icebreaker/be/service/model/User;xpsr\0$com.icebreaker.be.service.model.User?6\\˚\0Z\0accountExpiredZ\0\raccountLockedZ\0credentialsExpiredI\0creditsZ\0enabledI\0idL\0authoritiesq\0~\0L\0bioq\0~\0L\0birthdayt\0Ljava/time/LocalDate;L\0	createdAtt\0Ljava/time/LocalDateTime;L\0creditsUpdatedAtq\0~\0;L\0emailq\0~\0L\0	firstNameq\0~\0L\0fullNameq\0~\0L\0gendert\0(Lcom/icebreaker/be/service/model/Gender;L\0imgUrlq\0~\0L\0lastNameq\0~\0L\0lastSeenq\0~\0;L\0passwordHashq\0~\0xp\0\0\0\0\0\0\0\0\0sq\0~\0\0\0\0w\0\0\0sr\0)com.icebreaker.be.service.model.AuthorityMZF\\0I\0idL\0nameq\0~\0xp\0\0\0q\0~\0sq\0~\0?\0\0\0q\0~\0xpsr\0\rjava.time.Ser]\"H\0\0xpw\0\0\xsq\0~\0Bw\n\0\0\\Z$\xsq\0~\0Bw\n\0\0\\n:\xt\0email1@email.comt\0FirstName 1t\0FirstName 1 LastName 1ppt\0\nLastName 1sq\0~\0Bw\n\0\0\	\n\xt\0<$2a$08$EfoMXblxEFhBxSCOxI/bju0G4oVwGgtCig6INKKOJbchvNw5XhoTW','92942fa0586f2a85e21843b7f5b27306'),('94fd7c1e98019079c7923432c4fe3444',_binary '\\0sr\0Corg.springframework.security.oauth2.common.DefaultOAuth2AccessToken6$\\0L\0additionalInformationt\0Ljava/util/Map;L\0\nexpirationt\0Ljava/util/Date;L\0refreshTokent\0?Lorg/springframework/security/oauth2/common/OAuth2RefreshToken;L\0scopet\0Ljava/util/Set;L\0	tokenTypet\0Ljava/lang/String;L\0valueq\0~\0xpsr\0java.util.Collections$EmptyMapY6Z\\\\0\0xpsr\0java.util.DatehjKYt\0\0xpw\0\0l}$2yxsr\0Lorg.springframework.security.oauth2.common.DefaultExpiringOAuth2RefreshToken/\Gc\ɷ\0L\0\nexpirationq\0~\0xr\0Dorg.springframework.security.oauth2.common.DefaultOAuth2RefreshTokens\\ncT\^\0L\0valueq\0~\0xpt\0$fcaeaf88-5491-488b-8407-ae779bb8b778sq\0~\0	w\0\0m.\xsr\0%java.util.Collections$UnmodifiableSetяU\0\0xr\0,java.util.Collections$UnmodifiableCollectionB\0\^\\0L\0ct\0Ljava/util/Collection;xpsr\0java.util.LinkedHashSet\l\Z\*\0\0xr\0java.util.HashSetD4\0\0xpw\0\0\0?@\0\0\0\0\0t\0readt\0writext\0bearert\0$70027cf8-12a7-45e0-b5db-15ca03b1cfca','417d08f2b23716f68f2ff713ccbc035f','ilaria.monti@email.com','spring-security-oauth2-read-write-client',_binary '\\0sr\0Aorg.springframework.security.oauth2.provider.OAuth2Authentication@bR\0L\0\rstoredRequestt\0<Lorg/springframework/security/oauth2/provider/OAuth2Request;L\0userAuthenticationt\02Lorg/springframework/security/core/Authentication;xr\0Gorg.springframework.security.authentication.AbstractAuthenticationTokenӪ(~nGd\0Z\0\rauthenticatedL\0authoritiest\0Ljava/util/Collection;L\0detailst\0Ljava/lang/Object;xp\0sr\0&java.util.Collections$UnmodifiableList%1\\0L\0listt\0Ljava/util/List;xr\0,java.util.Collections$UnmodifiableCollectionB\0\^\\0L\0cq\0~\0xpsr\0java.util.ArrayListx\\a\0I\0sizexp\0\0\0w\0\0\0sr\0Borg.springframework.security.core.authority.SimpleGrantedAuthority\0\0\0\0\0\0\0L\0rolet\0Ljava/lang/String;xpt\0USERxq\0~\0psr\0:org.springframework.security.oauth2.provider.OAuth2Request\0\0\0\0\0\0\0\0Z\0approvedL\0authoritiesq\0~\0L\0\nextensionst\0Ljava/util/Map;L\0redirectUriq\0~\0L\0refresht\0;Lorg/springframework/security/oauth2/provider/TokenRequest;L\0resourceIdst\0Ljava/util/Set;L\0\rresponseTypesq\0~\0xr\08org.springframework.security.oauth2.provider.BaseRequest6(z>qi\0L\0clientIdq\0~\0L\0requestParametersq\0~\0L\0scopeq\0~\0xpt\0(spring-security-oauth2-read-write-clientsr\0%java.util.Collections$UnmodifiableMap\t\B\0L\0mq\0~\0xpsr\0java.util.HashMap\\`\\0F\0\nloadFactorI\0	thresholdxp?@\0\0\0\0\0w\0\0\0\0\0\0t\0\ngrant_typet\0passwordt\0usernamet\0ilaria.monti@email.comxsr\0%java.util.Collections$UnmodifiableSetяU\0\0xq\0~\0	sr\0java.util.LinkedHashSet\l\Z\*\0\0xr\0java.util.HashSetD4\0\0xpw\0\0\0?@\0\0\0\0\0t\0readt\0writexsq\0~\0#w\0\0\0?@\0\0\0\0\0sq\0~\0\rt\0USERxsq\0~\0\Z?@\0\0\0\0\0\0w\0\0\0\0\0\0\0xppsq\0~\0#w\0\0\0?@\0\0\0\0\0t\0resource-server-rest-apixsq\0~\0#w\0\0\0?@\0\0\0\0\0\0xsr\0Oorg.springframework.security.authentication.UsernamePasswordAuthenticationToken\0\0\0\0\0\0\0L\0credentialsq\0~\0L\0	principalq\0~\0xq\0~\0sq\0~\0sq\0~\0\0\0\0w\0\0\0q\0~\0xq\0~\01sr\0java.util.LinkedHashMap4N\\l\0Z\0accessOrderxq\0~\0\Z?@\0\0\0\0\0w\0\0\0\0\0\0q\0~\0q\0~\0q\0~\0q\0~\0x\0psr\0)com.icebreaker.be.auth.UserDetailsDefault4\k*Q\0L\0usert\0&Lcom/icebreaker/be/service/model/User;xpsr\0$com.icebreaker.be.service.model.User?6\\˚\0Z\0accountExpiredZ\0\raccountLockedZ\0credentialsExpiredI\0creditsZ\0enabledI\0idL\0authoritiesq\0~\0L\0bioq\0~\0L\0birthdayt\0Ljava/time/LocalDate;L\0	createdAtt\0Ljava/time/LocalDateTime;L\0creditsUpdatedAtq\0~\09L\0emailq\0~\0L\0	firstNameq\0~\0L\0fullNameq\0~\0L\0gendert\0(Lcom/icebreaker/be/service/model/Gender;L\0imgUrlq\0~\0L\0lastNameq\0~\0L\0lastSeenq\0~\09L\0passwordHashq\0~\0xp\0\0\0\0\0\0\0\0\0sq\0~\0\0\0\0w\0\0\0sr\0)com.icebreaker.be.service.model.AuthorityMZF\\0I\0idL\0nameq\0~\0xp\0\0\0q\0~\0xt\0WTv guru. Introvert. Social media expert. Travel fan. Alcohol enthusiast. Twitter ninja.sr\0\rjava.time.Ser]\"H\0\0xpw\0\0\\nxsq\0~\0@w\n\0\0\\Z$\xsq\0~\0@w\n\0\0\\n:\xt\0ilaria.monti@email.comt\0Ilariat\0Ilaria Monti~r\0&com.icebreaker.be.service.model.Gender\0\0\0\0\0\0\0\0\0\0xr\0java.lang.Enum\0\0\0\0\0\0\0\0\0\0xpt\0FEMALEt\0+th_83105e98-8a29-4d99-848e-e443043b4ec5.jpgt\0Montisq\0~\0@w\n\0\0\\n\0\xt\0<$2a$08$EfoMXblxEFhBxSCOxI/bju0G4oVwGgtCig6INKKOJbchvNw5XhoTW','581fc59401d5879763d68f2c2a5ec9d8');
/*!40000 ALTER TABLE `oauth_access_token` ENABLE KEYS */;
UNLOCK TABLES;

--
-- Table structure for table `oauth_approvals`
--

DROP TABLE IF EXISTS `oauth_approvals`;
/*!40101 SET @saved_cs_client     = @@character_set_client */;
/*!50503 SET character_set_client = utf8mb4 */;
CREATE TABLE `oauth_approvals` (
  `userId` varchar(256) DEFAULT NULL,
  `clientId` varchar(256) DEFAULT NULL,
  `scope` varchar(256) DEFAULT NULL,
  `status` varchar(10) DEFAULT NULL,
  `expiresAt` timestamp NULL DEFAULT NULL,
  `lastModifiedAt` timestamp NULL DEFAULT NULL
) ENGINE=InnoDB DEFAULT CHARSET=utf8mb4 COLLATE=utf8mb4_0900_ai_ci;
/*!40101 SET character_set_client = @saved_cs_client */;

--
-- Dumping data for table `oauth_approvals`
--

LOCK TABLES `oauth_approvals` WRITE;
/*!40000 ALTER TABLE `oauth_approvals` DISABLE KEYS */;
/*!40000 ALTER TABLE `oauth_approvals` ENABLE KEYS */;
UNLOCK TABLES;

--
-- Table structure for table `oauth_client_details`
--

DROP TABLE IF EXISTS `oauth_client_details`;
/*!40101 SET @saved_cs_client     = @@character_set_client */;
/*!50503 SET character_set_client = utf8mb4 */;
CREATE TABLE `oauth_client_details` (
  `client_id` varchar(255) NOT NULL,
  `client_secret` varchar(255) NOT NULL,
  `web_server_redirect_uri` varchar(2048) DEFAULT NULL,
  `scope` varchar(255) DEFAULT NULL,
  `access_token_validity` int(11) DEFAULT NULL,
  `refresh_token_validity` int(11) DEFAULT NULL,
  `resource_ids` varchar(1024) DEFAULT NULL,
  `authorized_grant_types` varchar(1024) DEFAULT NULL,
  `authorities` varchar(1024) DEFAULT NULL,
  `additional_information` varchar(4096) DEFAULT NULL,
  `autoapprove` varchar(255) DEFAULT NULL,
  PRIMARY KEY (`client_id`)
) ENGINE=InnoDB DEFAULT CHARSET=utf8mb4 COLLATE=utf8mb4_0900_ai_ci;
/*!40101 SET character_set_client = @saved_cs_client */;

--
-- Dumping data for table `oauth_client_details`
--

LOCK TABLES `oauth_client_details` WRITE;
/*!40000 ALTER TABLE `oauth_client_details` DISABLE KEYS */;
INSERT INTO `oauth_client_details` VALUES ('spring-security-oauth2-read-client','$2a$04$WGq2P9egiOYoOFemBRfsiO9qTcyJtNRnPKNBl5tokP7IP.eZn93km',NULL,'read',10800,2592000,'resource-server-rest-api','password,authorization_code,refresh_token,implicit,social','USER',NULL,NULL),('spring-security-oauth2-read-write-client','$2a$04$soeOR.QFmClXeFIrhJVLWOQxfHjsJLSpWrU1iGxcMGdu.a5hvfY4W',NULL,'read,write',10800,2592000,'resource-server-rest-api','password,authorization_code,refresh_token,implicit,social','USER',NULL,NULL),('spring-security-oauth2-read-write-client-fb','$2a$04$soeOR.QFmClXeFIrhJVLWOQxfHjsJLSpWrU1iGxcMGdu.a5hvfY4W',NULL,'read,write',10800,2592000,'resource-server-rest-api','password,authorization_code,refresh_token,implicit,social','USER',NULL,NULL);
/*!40000 ALTER TABLE `oauth_client_details` ENABLE KEYS */;
UNLOCK TABLES;

--
-- Table structure for table `oauth_client_token`
--

DROP TABLE IF EXISTS `oauth_client_token`;
/*!40101 SET @saved_cs_client     = @@character_set_client */;
/*!50503 SET character_set_client = utf8mb4 */;
CREATE TABLE `oauth_client_token` (
  `token_id` varchar(256) DEFAULT NULL,
  `token` varbinary(1024) DEFAULT NULL,
  `authentication_id` varchar(256) NOT NULL,
  `user_name` varchar(256) DEFAULT NULL,
  `client_id` varchar(256) DEFAULT NULL,
  PRIMARY KEY (`authentication_id`)
) ENGINE=InnoDB DEFAULT CHARSET=utf8mb4 COLLATE=utf8mb4_0900_ai_ci;
/*!40101 SET character_set_client = @saved_cs_client */;

--
-- Dumping data for table `oauth_client_token`
--

LOCK TABLES `oauth_client_token` WRITE;
/*!40000 ALTER TABLE `oauth_client_token` DISABLE KEYS */;
/*!40000 ALTER TABLE `oauth_client_token` ENABLE KEYS */;
UNLOCK TABLES;

--
-- Table structure for table `oauth_code`
--

DROP TABLE IF EXISTS `oauth_code`;
/*!40101 SET @saved_cs_client     = @@character_set_client */;
/*!50503 SET character_set_client = utf8mb4 */;
CREATE TABLE `oauth_code` (
  `code` varchar(256) DEFAULT NULL,
  `authentication` varbinary(4096) DEFAULT NULL
) ENGINE=InnoDB DEFAULT CHARSET=utf8mb4 COLLATE=utf8mb4_0900_ai_ci;
/*!40101 SET character_set_client = @saved_cs_client */;

--
-- Dumping data for table `oauth_code`
--

LOCK TABLES `oauth_code` WRITE;
/*!40000 ALTER TABLE `oauth_code` DISABLE KEYS */;
/*!40000 ALTER TABLE `oauth_code` ENABLE KEYS */;
UNLOCK TABLES;

--
-- Table structure for table `oauth_refresh_token`
--

DROP TABLE IF EXISTS `oauth_refresh_token`;
/*!40101 SET @saved_cs_client     = @@character_set_client */;
/*!50503 SET character_set_client = utf8mb4 */;
CREATE TABLE `oauth_refresh_token` (
  `token_id` varchar(256) DEFAULT NULL,
  `token` varbinary(1024) DEFAULT NULL,
  `authentication` varbinary(4096) DEFAULT NULL
) ENGINE=InnoDB DEFAULT CHARSET=utf8mb4 COLLATE=utf8mb4_0900_ai_ci;
/*!40101 SET character_set_client = @saved_cs_client */;

--
-- Dumping data for table `oauth_refresh_token`
--

LOCK TABLES `oauth_refresh_token` WRITE;
/*!40000 ALTER TABLE `oauth_refresh_token` DISABLE KEYS */;
INSERT INTO `oauth_refresh_token` VALUES ('581fc59401d5879763d68f2c2a5ec9d8',_binary '\\0sr\0Lorg.springframework.security.oauth2.common.DefaultExpiringOAuth2RefreshToken/\Gc\ɷ\0L\0\nexpirationt\0Ljava/util/Date;xr\0Dorg.springframework.security.oauth2.common.DefaultOAuth2RefreshTokens\\ncT\^\0L\0valuet\0Ljava/lang/String;xpt\0$fcaeaf88-5491-488b-8407-ae779bb8b778sr\0java.util.DatehjKYt\0\0xpw\0\0m.\x',_binary '\\0sr\0Aorg.springframework.security.oauth2.provider.OAuth2Authentication@bR\0L\0\rstoredRequestt\0<Lorg/springframework/security/oauth2/provider/OAuth2Request;L\0userAuthenticationt\02Lorg/springframework/security/core/Authentication;xr\0Gorg.springframework.security.authentication.AbstractAuthenticationTokenӪ(~nGd\0Z\0\rauthenticatedL\0authoritiest\0Ljava/util/Collection;L\0detailst\0Ljava/lang/Object;xp\0sr\0&java.util.Collections$UnmodifiableList%1\\0L\0listt\0Ljava/util/List;xr\0,java.util.Collections$UnmodifiableCollectionB\0\^\\0L\0cq\0~\0xpsr\0java.util.ArrayListx\\a\0I\0sizexp\0\0\0w\0\0\0sr\0Borg.springframework.security.core.authority.SimpleGrantedAuthority\0\0\0\0\0\0\0L\0rolet\0Ljava/lang/String;xpt\0USERxq\0~\0psr\0:org.springframework.security.oauth2.provider.OAuth2Request\0\0\0\0\0\0\0\0Z\0approvedL\0authoritiesq\0~\0L\0\nextensionst\0Ljava/util/Map;L\0redirectUriq\0~\0L\0refresht\0;Lorg/springframework/security/oauth2/provider/TokenRequest;L\0resourceIdst\0Ljava/util/Set;L\0\rresponseTypesq\0~\0xr\08org.springframework.security.oauth2.provider.BaseRequest6(z>qi\0L\0clientIdq\0~\0L\0requestParametersq\0~\0L\0scopeq\0~\0xpt\0(spring-security-oauth2-read-write-clientsr\0%java.util.Collections$UnmodifiableMap\t\B\0L\0mq\0~\0xpsr\0java.util.HashMap\\`\\0F\0\nloadFactorI\0	thresholdxp?@\0\0\0\0\0w\0\0\0\0\0\0t\0\ngrant_typet\0passwordt\0usernamet\0ilaria.monti@email.comxsr\0%java.util.Collections$UnmodifiableSetяU\0\0xq\0~\0	sr\0java.util.LinkedHashSet\l\Z\*\0\0xr\0java.util.HashSetD4\0\0xpw\0\0\0?@\0\0\0\0\0t\0readt\0writexsq\0~\0#w\0\0\0?@\0\0\0\0\0sq\0~\0\rt\0USERxsq\0~\0\Z?@\0\0\0\0\0\0w\0\0\0\0\0\0\0xppsq\0~\0#w\0\0\0?@\0\0\0\0\0t\0resource-server-rest-apixsq\0~\0#w\0\0\0?@\0\0\0\0\0\0xsr\0Oorg.springframework.security.authentication.UsernamePasswordAuthenticationToken\0\0\0\0\0\0\0L\0credentialsq\0~\0L\0	principalq\0~\0xq\0~\0sq\0~\0sq\0~\0\0\0\0w\0\0\0q\0~\0xq\0~\01sr\0java.util.LinkedHashMap4N\\l\0Z\0accessOrderxq\0~\0\Z?@\0\0\0\0\0w\0\0\0\0\0\0q\0~\0q\0~\0q\0~\0q\0~\0x\0psr\0)com.icebreaker.be.auth.UserDetailsDefault4\k*Q\0L\0usert\0&Lcom/icebreaker/be/service/model/User;xpsr\0$com.icebreaker.be.service.model.User?6\\˚\0Z\0accountExpiredZ\0\raccountLockedZ\0credentialsExpiredI\0creditsZ\0enabledI\0idL\0authoritiesq\0~\0L\0bioq\0~\0L\0birthdayt\0Ljava/time/LocalDate;L\0	createdAtt\0Ljava/time/LocalDateTime;L\0creditsUpdatedAtq\0~\09L\0emailq\0~\0L\0	firstNameq\0~\0L\0fullNameq\0~\0L\0gendert\0(Lcom/icebreaker/be/service/model/Gender;L\0imgUrlq\0~\0L\0lastNameq\0~\0L\0lastSeenq\0~\09L\0passwordHashq\0~\0xp\0\0\0\0\0\0\0\0\0sq\0~\0\0\0\0w\0\0\0sr\0)com.icebreaker.be.service.model.AuthorityMZF\\0I\0idL\0nameq\0~\0xp\0\0\0q\0~\0xt\0WTv guru. Introvert. Social media expert. Travel fan. Alcohol enthusiast. Twitter ninja.sr\0\rjava.time.Ser]\"H\0\0xpw\0\0\\nxsq\0~\0@w\n\0\0\\Z$\xsq\0~\0@w\n\0\0\\n:\xt\0ilaria.monti@email.comt\0Ilariat\0Ilaria Monti~r\0&com.icebreaker.be.service.model.Gender\0\0\0\0\0\0\0\0\0\0xr\0java.lang.Enum\0\0\0\0\0\0\0\0\0\0xpt\0FEMALEt\0+th_83105e98-8a29-4d99-848e-e443043b4ec5.jpgt\0Montisq\0~\0@w\n\0\0\\Z$\xt\0<$2a$08$EfoMXblxEFhBxSCOxI/bju0G4oVwGgtCig6INKKOJbchvNw5XhoTW'),('92942fa0586f2a85e21843b7f5b27306',_binary '\\0sr\0Lorg.springframework.security.oauth2.common.DefaultExpiringOAuth2RefreshToken/\Gc\ɷ\0L\0\nexpirationt\0Ljava/util/Date;xr\0Dorg.springframework.security.oauth2.common.DefaultOAuth2RefreshTokens\\ncT\^\0L\0valuet\0Ljava/lang/String;xpt\0$09b4e977-788d-47ab-9622-dc8302a20e10sr\0java.util.DatehjKYt\0\0xpw\0\0m\Wx',_binary '\\0sr\0Aorg.springframework.security.oauth2.provider.OAuth2Authentication@bR\0L\0\rstoredRequestt\0<Lorg/springframework/security/oauth2/provider/OAuth2Request;L\0userAuthenticationt\02Lorg/springframework/security/core/Authentication;xr\0Gorg.springframework.security.authentication.AbstractAuthenticationTokenӪ(~nGd\0Z\0\rauthenticatedL\0authoritiest\0Ljava/util/Collection;L\0detailst\0Ljava/lang/Object;xp\0sr\0&java.util.Collections$UnmodifiableList%1\\0L\0listt\0Ljava/util/List;xr\0,java.util.Collections$UnmodifiableCollectionB\0\^\\0L\0cq\0~\0xpsr\0java.util.ArrayListx\\a\0I\0sizexp\0\0\0w\0\0\0sr\0Borg.springframework.security.core.authority.SimpleGrantedAuthority\0\0\0\0\0\0\0L\0rolet\0Ljava/lang/String;xpt\0ADMINsq\0~\0\rt\0USERxq\0~\0psr\0:org.springframework.security.oauth2.provider.OAuth2Request\0\0\0\0\0\0\0\0Z\0approvedL\0authoritiesq\0~\0L\0\nextensionst\0Ljava/util/Map;L\0redirectUriq\0~\0L\0refresht\0;Lorg/springframework/security/oauth2/provider/TokenRequest;L\0resourceIdst\0Ljava/util/Set;L\0\rresponseTypesq\0~\0xr\08org.springframework.security.oauth2.provider.BaseRequest6(z>qi\0L\0clientIdq\0~\0L\0requestParametersq\0~\0L\0scopeq\0~\0xpt\0(spring-security-oauth2-read-write-clientsr\0%java.util.Collections$UnmodifiableMap\t\B\0L\0mq\0~\0xpsr\0java.util.HashMap\\`\\0F\0\nloadFactorI\0	thresholdxp?@\0\0\0\0\0w\0\0\0\0\0\0t\0\ngrant_typet\0passwordt\0usernamet\0email1@email.comxsr\0%java.util.Collections$UnmodifiableSetяU\0\0xq\0~\0	sr\0java.util.LinkedHashSet\l\Z\*\0\0xr\0java.util.HashSetD4\0\0xpw\0\0\0?@\0\0\0\0\0t\0readt\0writexsq\0~\0%w\0\0\0?@\0\0\0\0\0sq\0~\0\rt\0USERxsq\0~\0?@\0\0\0\0\0\0w\0\0\0\0\0\0\0xppsq\0~\0%w\0\0\0?@\0\0\0\0\0t\0resource-server-rest-apixsq\0~\0%w\0\0\0?@\0\0\0\0\0\0xsr\0Oorg.springframework.security.authentication.UsernamePasswordAuthenticationToken\0\0\0\0\0\0\0L\0credentialsq\0~\0L\0	principalq\0~\0xq\0~\0sq\0~\0sq\0~\0\0\0\0w\0\0\0q\0~\0q\0~\0xq\0~\03sr\0java.util.LinkedHashMap4N\\l\0Z\0accessOrderxq\0~\0?@\0\0\0\0\0w\0\0\0\0\0\0q\0~\0q\0~\0q\0~\0 q\0~\0!x\0psr\0)com.icebreaker.be.auth.UserDetailsDefault4\k*Q\0L\0usert\0&Lcom/icebreaker/be/service/model/User;xpsr\0$com.icebreaker.be.service.model.User?6\\˚\0Z\0accountExpiredZ\0\raccountLockedZ\0credentialsExpiredI\0creditsZ\0enabledI\0idL\0authoritiesq\0~\0L\0bioq\0~\0L\0birthdayt\0Ljava/time/LocalDate;L\0	createdAtt\0Ljava/time/LocalDateTime;L\0creditsUpdatedAtq\0~\0;L\0emailq\0~\0L\0	firstNameq\0~\0L\0fullNameq\0~\0L\0gendert\0(Lcom/icebreaker/be/service/model/Gender;L\0imgUrlq\0~\0L\0lastNameq\0~\0L\0lastSeenq\0~\0;L\0passwordHashq\0~\0xp\0\0\0\0\0\0\0\0\0sq\0~\0\0\0\0w\0\0\0sr\0)com.icebreaker.be.service.model.AuthorityMZF\\0I\0idL\0nameq\0~\0xp\0\0\0q\0~\0sq\0~\0?\0\0\0q\0~\0xpsr\0\rjava.time.Ser]\"H\0\0xpw\0\0\xsq\0~\0Bw\n\0\0\\Z$\xsq\0~\0Bw\n\0\0\\n:\xt\0email1@email.comt\0FirstName 1t\0FirstName 1 LastName 1ppt\0\nLastName 1sq\0~\0Bw\n\0\0\	\n\xt\0<$2a$08$EfoMXblxEFhBxSCOxI/bju0G4oVwGgtCig6INKKOJbchvNw5XhoTW');
/*!40000 ALTER TABLE `oauth_refresh_token` ENABLE KEYS */;
UNLOCK TABLES;
/*!40103 SET TIME_ZONE=@OLD_TIME_ZONE */;

/*!40101 SET SQL_MODE=@OLD_SQL_MODE */;
/*!40014 SET FOREIGN_KEY_CHECKS=@OLD_FOREIGN_KEY_CHECKS */;
/*!40014 SET UNIQUE_CHECKS=@OLD_UNIQUE_CHECKS */;
/*!40101 SET CHARACTER_SET_CLIENT=@OLD_CHARACTER_SET_CLIENT */;
/*!40101 SET CHARACTER_SET_RESULTS=@OLD_CHARACTER_SET_RESULTS */;
/*!40101 SET COLLATION_CONNECTION=@OLD_COLLATION_CONNECTION */;
/*!40111 SET SQL_NOTES=@OLD_SQL_NOTES */;

-- Dump completed on 2019-09-07 14:00:41
