-- MySQL dump 10.13  Distrib 8.0.17, for Linux (x86_64)
--
-- Host: localhost    Database: kofify
-- ------------------------------------------------------
-- Server version	8.0.17

/*!40101 SET @OLD_CHARACTER_SET_CLIENT=@@CHARACTER_SET_CLIENT */;
/*!40101 SET @OLD_CHARACTER_SET_RESULTS=@@CHARACTER_SET_RESULTS */;
/*!40101 SET @OLD_COLLATION_CONNECTION=@@COLLATION_CONNECTION */;
/*!50503 SET NAMES utf8mb4 */;
/*!40103 SET @OLD_TIME_ZONE=@@TIME_ZONE */;
/*!40103 SET TIME_ZONE='+00:00' */;
/*!40014 SET @OLD_UNIQUE_CHECKS=@@UNIQUE_CHECKS, UNIQUE_CHECKS=0 */;
/*!40014 SET @OLD_FOREIGN_KEY_CHECKS=@@FOREIGN_KEY_CHECKS, FOREIGN_KEY_CHECKS=0 */;
/*!40101 SET @OLD_SQL_MODE=@@SQL_MODE, SQL_MODE='NO_AUTO_VALUE_ON_ZERO' */;
/*!40111 SET @OLD_SQL_NOTES=@@SQL_NOTES, SQL_NOTES=0 */;

--
-- Table structure for table `AK_AUTHORITY`
--

DROP TABLE IF EXISTS `AK_AUTHORITY`;
/*!40101 SET @saved_cs_client     = @@character_set_client */;
/*!50503 SET character_set_client = utf8mb4 */;
CREATE TABLE `AK_AUTHORITY` (
  `ID` int(11) NOT NULL AUTO_INCREMENT,
  `NAME` varchar(255) NOT NULL,
  PRIMARY KEY (`ID`),
  UNIQUE KEY `AUTHORITY_NAME_U` (`NAME`)
) ENGINE=InnoDB AUTO_INCREMENT=3 DEFAULT CHARSET=utf8mb4 COLLATE=utf8mb4_0900_ai_ci;
/*!40101 SET character_set_client = @saved_cs_client */;

--
-- Dumping data for table `AK_AUTHORITY`
--

LOCK TABLES `AK_AUTHORITY` WRITE;
/*!40000 ALTER TABLE `AK_AUTHORITY` DISABLE KEYS */;
INSERT INTO `AK_AUTHORITY` VALUES (2,'ADMIN'),(1,'USER');
/*!40000 ALTER TABLE `AK_AUTHORITY` ENABLE KEYS */;
UNLOCK TABLES;

--
-- Table structure for table `AK_CHAT`
--

DROP TABLE IF EXISTS `AK_CHAT`;
/*!40101 SET @saved_cs_client     = @@character_set_client */;
/*!50503 SET character_set_client = utf8mb4 */;
CREATE TABLE `AK_CHAT` (
  `ID` int(11) NOT NULL AUTO_INCREMENT,
  `TITLE` varchar(255) DEFAULT NULL,
  `CREATED_AT` timestamp NOT NULL DEFAULT CURRENT_TIMESTAMP,
  `UPDATED_AT` timestamp NOT NULL DEFAULT CURRENT_TIMESTAMP,
  PRIMARY KEY (`ID`)
) ENGINE=InnoDB AUTO_INCREMENT=5 DEFAULT CHARSET=utf8mb4 COLLATE=utf8mb4_0900_ai_ci;
/*!40101 SET character_set_client = @saved_cs_client */;

--
-- Dumping data for table `AK_CHAT`
--

LOCK TABLES `AK_CHAT` WRITE;
/*!40000 ALTER TABLE `AK_CHAT` DISABLE KEYS */;
INSERT INTO `AK_CHAT` VALUES (1,'Chat 1','2019-08-10 14:58:21','2019-08-10 14:58:21'),(2,NULL,'2019-09-08 17:13:24','2019-09-08 17:13:24'),(3,NULL,'2019-09-14 15:37:05','2019-09-14 15:37:05'),(4,NULL,'2019-09-15 15:43:30','2019-09-15 15:43:30');
/*!40000 ALTER TABLE `AK_CHAT` ENABLE KEYS */;
UNLOCK TABLES;

--
-- Table structure for table `AK_CHAT_LINE`
--

DROP TABLE IF EXISTS `AK_CHAT_LINE`;
/*!40101 SET @saved_cs_client     = @@character_set_client */;
/*!50503 SET character_set_client = utf8mb4 */;
CREATE TABLE `AK_CHAT_LINE` (
  `ID` int(11) NOT NULL AUTO_INCREMENT,
  `CHAT_USER_ID` int(11) NOT NULL,
  `CONTENT` text NOT NULL,
  `TYPE` int(11) NOT NULL DEFAULT '0',
  `READ_BY` varchar(255) NOT NULL DEFAULT '[]',
  `CREATED_AT` timestamp NOT NULL DEFAULT CURRENT_TIMESTAMP,
  `UPDATED_AT` timestamp NOT NULL DEFAULT CURRENT_TIMESTAMP,
  PRIMARY KEY (`ID`),
  KEY `CHAT_LINE_USER_ID_FK` (`CHAT_USER_ID`),
  CONSTRAINT `CHAT_LINE_USER_ID_FK` FOREIGN KEY (`CHAT_USER_ID`) REFERENCES `AK_CHAT_USER` (`ID`) ON DELETE CASCADE ON UPDATE CASCADE
) ENGINE=InnoDB AUTO_INCREMENT=7 DEFAULT CHARSET=utf8mb4 COLLATE=utf8mb4_0900_ai_ci;
/*!40101 SET character_set_client = @saved_cs_client */;

--
-- Dumping data for table `AK_CHAT_LINE`
--

LOCK TABLES `AK_CHAT_LINE` WRITE;
/*!40000 ALTER TABLE `AK_CHAT_LINE` DISABLE KEYS */;
/*!40000 ALTER TABLE `AK_CHAT_LINE` ENABLE KEYS */;
UNLOCK TABLES;

--
-- Table structure for table `AK_CHAT_USER`
--

DROP TABLE IF EXISTS `AK_CHAT_USER`;
/*!40101 SET @saved_cs_client     = @@character_set_client */;
/*!50503 SET character_set_client = utf8mb4 */;
CREATE TABLE `AK_CHAT_USER` (
  `ID` int(11) NOT NULL AUTO_INCREMENT,
  `CHAT_ID` int(11) NOT NULL,
  `USER_ID` int(11) NOT NULL,
  `ENABLED` tinyint(1) DEFAULT '0',
  `UPDATED_AT` timestamp NOT NULL DEFAULT CURRENT_TIMESTAMP,
  `CREATED_AT` timestamp NOT NULL DEFAULT CURRENT_TIMESTAMP,
  PRIMARY KEY (`ID`),
  UNIQUE KEY `CHAT_USER_CHAT_ID_USER_ID_U` (`CHAT_ID`,`USER_ID`),
  KEY `CHAT_USER_USER_ID_FK` (`USER_ID`),
  CONSTRAINT `CHAT_USER_CHAT_ID_FK` FOREIGN KEY (`CHAT_ID`) REFERENCES `AK_CHAT` (`ID`) ON DELETE CASCADE ON UPDATE CASCADE,
  CONSTRAINT `CHAT_USER_USER_ID_FK` FOREIGN KEY (`USER_ID`) REFERENCES `AK_USER` (`ID`) ON DELETE CASCADE ON UPDATE CASCADE
) ENGINE=InnoDB AUTO_INCREMENT=11 DEFAULT CHARSET=utf8mb4 COLLATE=utf8mb4_0900_ai_ci;
/*!40101 SET character_set_client = @saved_cs_client */;

--
-- Dumping data for table `AK_CHAT_USER`
--

LOCK TABLES `AK_CHAT_USER` WRITE;
/*!40000 ALTER TABLE `AK_CHAT_USER` DISABLE KEYS */;
INSERT INTO `AK_CHAT_USER` VALUES (8,4,1,1,'2019-09-15 15:43:30','2019-09-15 15:43:30'),(9,4,10,0,'2019-09-15 15:43:31','2019-09-15 15:43:31'),(10,4,58,0,'2019-09-15 15:43:31','2019-09-15 15:43:31');
/*!40000 ALTER TABLE `AK_CHAT_USER` ENABLE KEYS */;
UNLOCK TABLES;

--
-- Table structure for table `AK_CREDIT_LOG`
--

DROP TABLE IF EXISTS `AK_CREDIT_LOG`;
/*!40101 SET @saved_cs_client     = @@character_set_client */;
/*!50503 SET character_set_client = utf8mb4 */;
CREATE TABLE `AK_CREDIT_LOG` (
  `ID` int(11) NOT NULL AUTO_INCREMENT,
  `CREDIT_TYPE` int(1) NOT NULL,
  `CREDIT_OPERATION` int(1) NOT NULL,
  `USER_ID` int(11) NOT NULL,
  `AMOUNT` int(11) NOT NULL DEFAULT '0',
  `UPDATED_AT` timestamp NOT NULL DEFAULT CURRENT_TIMESTAMP,
  `CREATED_AT` timestamp NOT NULL DEFAULT CURRENT_TIMESTAMP,
  `DESCRIPTION` varchar(255) DEFAULT NULL,
  PRIMARY KEY (`ID`)
) ENGINE=InnoDB AUTO_INCREMENT=3 DEFAULT CHARSET=utf8mb4 COLLATE=utf8mb4_0900_ai_ci;
/*!40101 SET character_set_client = @saved_cs_client */;

--
-- Dumping data for table `AK_CREDIT_LOG`
--

LOCK TABLES `AK_CREDIT_LOG` WRITE;
/*!40000 ALTER TABLE `AK_CREDIT_LOG` DISABLE KEYS */;
INSERT INTO `AK_CREDIT_LOG` VALUES (2,6,1,1,1,'2019-09-15 15:43:30','2019-09-15 15:43:30','removes 1 credits for chat creation');
/*!40000 ALTER TABLE `AK_CREDIT_LOG` ENABLE KEYS */;
UNLOCK TABLES;

--
-- Table structure for table `AK_NOTIFICATION`
--

DROP TABLE IF EXISTS `AK_NOTIFICATION`;
/*!40101 SET @saved_cs_client     = @@character_set_client */;
/*!50503 SET character_set_client = utf8mb4 */;
CREATE TABLE `AK_NOTIFICATION` (
  `ID` int(11) NOT NULL AUTO_INCREMENT,
  `TITLE` tinytext NOT NULL,
  `DESCRIPTION` text,
  `CREATED_AT` timestamp NOT NULL DEFAULT CURRENT_TIMESTAMP,
  `UPDATED_AT` timestamp NOT NULL DEFAULT CURRENT_TIMESTAMP,
  PRIMARY KEY (`ID`)
) ENGINE=InnoDB DEFAULT CHARSET=utf8mb4 COLLATE=utf8mb4_0900_ai_ci;
/*!40101 SET character_set_client = @saved_cs_client */;

--
-- Dumping data for table `AK_NOTIFICATION`
--

LOCK TABLES `AK_NOTIFICATION` WRITE;
/*!40000 ALTER TABLE `AK_NOTIFICATION` DISABLE KEYS */;
/*!40000 ALTER TABLE `AK_NOTIFICATION` ENABLE KEYS */;
UNLOCK TABLES;

--
-- Table structure for table `AK_POSITION`
--

DROP TABLE IF EXISTS `AK_POSITION`;
/*!40101 SET @saved_cs_client     = @@character_set_client */;
/*!50503 SET character_set_client = utf8mb4 */;
CREATE TABLE `AK_POSITION` (
  `ID` int(11) NOT NULL AUTO_INCREMENT,
  `LAT` decimal(10,0) NOT NULL,
  `LON` decimal(10,0) NOT NULL,
  `CREATED_AT` timestamp NOT NULL DEFAULT CURRENT_TIMESTAMP,
  `UPDATED_AT` timestamp NOT NULL DEFAULT CURRENT_TIMESTAMP,
  PRIMARY KEY (`ID`)
) ENGINE=InnoDB AUTO_INCREMENT=257 DEFAULT CHARSET=utf8mb4 COLLATE=utf8mb4_0900_ai_ci;
/*!40101 SET character_set_client = @saved_cs_client */;

--
-- Dumping data for table `AK_POSITION`
--

LOCK TABLES `AK_POSITION` WRITE;
/*!40000 ALTER TABLE `AK_POSITION` DISABLE KEYS */;
INSERT INTO `AK_POSITION` VALUES (1,45,9,'2019-07-26 17:36:30','2019-09-14 13:20:12'),(2,45,9,'2019-07-26 17:36:30','2019-07-26 17:36:30'),(3,46,9,'2019-07-26 17:36:30','2019-07-26 17:36:30'),(4,45,9,'2019-07-26 19:36:46','2019-09-08 17:19:49'),(5,46,9,'2019-07-26 19:36:47','2019-07-26 19:36:47'),(6,45,9,'2019-07-26 19:36:48','2019-07-26 19:36:48'),(7,45,9,'2019-07-26 19:36:49','2019-07-26 19:36:49'),(8,45,9,'2019-07-26 19:36:50','2019-07-26 19:36:50'),(9,46,9,'2019-07-26 19:36:51','2019-07-26 19:36:51'),(10,45,9,'2019-07-26 19:36:52','2019-07-26 19:36:52'),(11,45,9,'2019-07-26 19:36:53','2019-07-26 19:36:53'),(12,46,9,'2019-07-26 19:36:54','2019-07-26 19:36:54'),(13,46,9,'2019-07-26 19:36:55','2019-07-26 19:36:55'),(14,46,9,'2019-07-26 19:36:56','2019-07-26 19:36:56'),(15,46,9,'2019-07-26 19:36:57','2019-07-26 19:36:57'),(16,46,9,'2019-07-26 19:36:58','2019-07-26 19:36:58'),(17,45,9,'2019-07-26 19:36:59','2019-07-26 19:36:59'),(18,46,9,'2019-07-26 19:36:59','2019-07-26 19:36:59'),(19,45,9,'2019-07-26 19:37:00','2019-07-26 19:37:00'),(20,45,9,'2019-07-26 19:37:01','2019-07-26 19:37:01'),(21,46,9,'2019-07-26 19:37:02','2019-07-26 19:37:02'),(22,46,9,'2019-07-26 19:37:03','2019-07-26 19:37:03'),(23,45,9,'2019-07-26 19:37:04','2019-07-26 19:37:04'),(24,46,9,'2019-07-26 19:37:05','2019-07-26 19:37:05'),(25,45,9,'2019-07-26 19:37:06','2019-07-26 19:37:06'),(26,45,9,'2019-07-26 19:37:07','2019-07-26 19:37:07'),(27,45,9,'2019-07-26 19:37:08','2019-07-26 19:37:08'),(28,45,9,'2019-07-26 19:37:10','2019-07-26 19:37:10'),(29,45,9,'2019-07-26 19:37:11','2019-07-26 19:37:11'),(30,46,9,'2019-07-26 19:37:11','2019-07-26 19:37:11'),(31,45,9,'2019-07-26 19:37:12','2019-07-26 19:37:12'),(32,45,9,'2019-07-26 19:37:13','2019-07-26 19:37:13'),(33,46,9,'2019-07-26 19:37:14','2019-07-26 19:37:14'),(34,45,9,'2019-07-26 19:37:15','2019-07-26 19:37:15'),(35,46,9,'2019-07-26 19:37:16','2019-07-26 19:37:16'),(36,45,9,'2019-07-26 19:37:17','2019-07-26 19:37:17'),(37,46,9,'2019-07-26 19:37:18','2019-07-26 19:37:18'),(38,45,9,'2019-07-26 19:37:18','2019-07-26 19:37:18'),(39,45,9,'2019-07-26 19:37:19','2019-07-26 19:37:19'),(40,46,9,'2019-07-26 19:37:20','2019-07-26 19:37:20'),(41,45,9,'2019-07-26 19:37:21','2019-07-26 19:37:21'),(42,46,9,'2019-07-26 19:37:22','2019-07-26 19:37:22'),(43,45,9,'2019-07-26 19:37:23','2019-07-26 19:37:23'),(44,45,9,'2019-07-26 19:37:24','2019-07-26 19:37:24'),(45,46,9,'2019-07-26 19:37:25','2019-07-26 19:37:25'),(46,45,9,'2019-07-26 19:37:26','2019-07-26 19:37:26'),(47,45,9,'2019-07-26 19:37:27','2019-07-26 19:37:27'),(48,46,9,'2019-07-26 19:37:29','2019-07-26 19:37:29'),(49,45,9,'2019-07-26 19:37:31','2019-07-26 19:37:31'),(50,46,9,'2019-07-26 19:37:32','2019-07-26 19:37:32'),(51,46,9,'2019-07-26 19:37:33','2019-07-26 19:37:33'),(52,45,9,'2019-07-26 19:37:34','2019-07-26 19:37:34'),(53,45,9,'2019-07-26 19:37:35','2019-07-26 19:37:35'),(54,45,9,'2019-07-26 19:37:36','2019-07-26 19:37:36'),(55,45,9,'2019-07-26 19:37:36','2019-07-26 19:37:36'),(56,45,9,'2019-07-26 19:37:37','2019-07-26 19:37:37'),(57,46,9,'2019-07-26 19:37:38','2019-07-26 19:37:38'),(58,45,9,'2019-07-26 19:37:39','2019-07-26 19:37:39'),(59,45,9,'2019-07-26 19:37:40','2019-07-26 19:37:40'),(60,45,9,'2019-07-26 19:37:41','2019-07-26 19:37:41'),(61,45,9,'2019-07-26 19:37:42','2019-07-26 19:37:42'),(62,45,9,'2019-07-26 19:37:42','2019-07-26 19:37:42'),(63,45,9,'2019-07-26 19:37:43','2019-07-26 19:37:43'),(64,45,9,'2019-07-26 19:37:44','2019-07-26 19:37:44'),(65,45,9,'2019-07-26 19:37:45','2019-07-26 19:37:45'),(66,46,9,'2019-07-26 19:37:46','2019-07-26 19:37:46'),(67,46,9,'2019-07-26 19:37:47','2019-07-26 19:37:47'),(68,46,9,'2019-07-26 19:37:48','2019-07-26 19:37:48'),(69,46,9,'2019-07-26 19:37:48','2019-07-26 19:37:48'),(70,45,9,'2019-07-26 19:37:49','2019-07-26 19:37:49'),(71,45,9,'2019-07-26 19:37:50','2019-07-26 19:37:50'),(72,46,9,'2019-07-26 19:37:51','2019-07-26 19:37:51'),(73,46,9,'2019-07-26 19:37:52','2019-07-26 19:37:52'),(74,45,9,'2019-07-26 19:37:53','2019-07-26 19:37:53'),(75,46,9,'2019-07-26 19:37:54','2019-07-26 19:37:54'),(76,45,9,'2019-07-26 19:37:55','2019-07-26 19:37:55'),(77,46,9,'2019-07-26 19:37:56','2019-07-26 19:37:56'),(78,45,9,'2019-07-26 19:37:57','2019-07-26 19:37:57'),(79,45,9,'2019-07-26 19:37:58','2019-07-26 19:37:58'),(80,46,9,'2019-07-26 19:37:59','2019-07-26 19:37:59'),(81,46,9,'2019-07-26 19:38:00','2019-07-26 19:38:00'),(82,45,9,'2019-07-26 19:38:00','2019-07-26 19:38:00'),(83,45,9,'2019-07-26 19:38:01','2019-07-26 19:38:01'),(84,46,9,'2019-07-26 19:38:02','2019-07-26 19:38:02'),(85,45,9,'2019-07-26 19:38:03','2019-07-26 19:38:03'),(86,45,9,'2019-07-26 19:38:04','2019-07-26 19:38:04'),(87,45,9,'2019-07-26 19:38:05','2019-07-26 19:38:05'),(88,45,9,'2019-07-26 19:38:05','2019-07-26 19:38:05'),(89,46,9,'2019-07-26 19:38:06','2019-07-26 19:38:06'),(90,45,9,'2019-07-26 19:38:07','2019-07-26 19:38:07'),(91,45,9,'2019-07-26 19:38:08','2019-07-26 19:38:08'),(92,46,9,'2019-07-26 19:38:09','2019-07-26 19:38:09'),(93,45,9,'2019-07-26 19:38:09','2019-07-26 19:38:09'),(94,46,9,'2019-07-26 19:38:10','2019-07-26 19:38:10'),(95,45,9,'2019-07-26 19:38:11','2019-07-26 19:38:11'),(96,45,9,'2019-07-26 19:38:12','2019-07-26 19:38:12'),(97,45,9,'2019-07-26 19:38:13','2019-07-26 19:38:13'),(98,45,9,'2019-07-26 19:38:14','2019-07-26 19:38:14'),(99,46,9,'2019-07-26 19:38:15','2019-07-26 19:38:15'),(100,46,9,'2019-07-26 19:38:15','2019-07-26 19:38:15'),(101,46,9,'2019-07-26 19:38:16','2019-07-26 19:38:16'),(102,45,9,'2019-07-26 19:38:17','2019-07-26 19:38:17'),(103,46,9,'2019-07-26 19:38:18','2019-07-26 19:38:18'),(104,45,9,'2019-08-10 17:48:33','2019-08-10 17:48:33'),(105,45,9,'2019-08-10 17:48:37','2019-08-10 17:48:37'),(106,45,9,'2019-08-10 17:48:39','2019-08-10 17:48:39'),(107,45,9,'2019-08-10 17:48:40','2019-08-10 17:48:40'),(108,45,9,'2019-08-10 17:48:41','2019-08-10 17:48:41'),(109,45,9,'2019-08-10 17:48:42','2019-08-10 17:48:42'),(110,45,9,'2019-08-10 17:48:43','2019-08-10 17:48:43'),(111,45,9,'2019-08-10 17:48:44','2019-08-10 17:48:44'),(112,45,9,'2019-08-10 17:48:45','2019-08-10 17:48:45'),(113,45,9,'2019-08-10 17:48:46','2019-08-10 17:48:46'),(114,46,9,'2019-08-10 17:48:47','2019-08-10 17:48:47'),(115,45,9,'2019-08-10 17:48:48','2019-08-10 17:48:48'),(116,46,9,'2019-08-10 17:48:49','2019-08-10 17:48:49'),(117,45,9,'2019-08-10 17:48:50','2019-08-10 17:48:50'),(118,45,9,'2019-08-10 17:48:52','2019-08-10 17:48:52'),(119,45,9,'2019-08-10 17:48:53','2019-08-10 17:48:53'),(120,45,9,'2019-08-10 17:48:53','2019-08-10 17:48:53'),(121,45,9,'2019-08-10 17:48:54','2019-08-10 17:48:54'),(122,45,9,'2019-08-10 17:48:56','2019-08-10 17:48:56'),(123,45,9,'2019-08-10 17:48:57','2019-08-10 17:48:57'),(124,45,9,'2019-09-01 08:21:53','2019-09-01 08:21:53'),(125,45,9,'2019-09-01 08:21:54','2019-09-01 08:21:54'),(126,46,9,'2019-09-01 08:21:55','2019-09-01 08:21:55'),(127,45,9,'2019-09-01 08:21:56','2019-09-01 08:21:56'),(128,45,9,'2019-09-01 08:21:57','2019-09-01 08:21:57'),(129,45,9,'2019-09-01 08:21:58','2019-09-01 08:21:58'),(130,45,9,'2019-09-01 08:21:58','2019-09-01 08:21:58'),(131,45,9,'2019-09-01 08:21:59','2019-09-01 08:21:59'),(132,45,9,'2019-09-01 08:22:00','2019-09-01 08:22:00'),(133,46,9,'2019-09-01 08:22:01','2019-09-01 08:22:01'),(134,45,9,'2019-09-01 08:22:03','2019-09-01 08:22:03'),(135,45,9,'2019-09-01 08:22:04','2019-09-01 08:22:04'),(136,45,9,'2019-09-01 08:22:04','2019-09-01 08:22:04'),(137,46,9,'2019-09-01 08:22:05','2019-09-01 08:22:05'),(138,46,9,'2019-09-01 08:22:06','2019-09-01 08:22:06'),(139,45,9,'2019-09-01 08:22:07','2019-09-01 08:22:07'),(140,46,9,'2019-09-01 08:22:08','2019-09-01 08:22:08'),(141,45,9,'2019-09-01 08:22:09','2019-09-01 08:22:09'),(142,45,9,'2019-09-01 08:22:10','2019-09-01 08:22:10'),(143,45,9,'2019-09-01 08:22:11','2019-09-01 08:22:11'),(144,46,9,'2019-09-01 08:28:50','2019-09-01 08:28:50'),(145,46,9,'2019-09-01 08:28:51','2019-09-01 08:28:51'),(146,45,9,'2019-09-01 08:28:52','2019-09-01 08:28:52'),(147,45,9,'2019-09-01 08:28:53','2019-09-01 08:28:53'),(148,45,9,'2019-09-01 08:28:54','2019-09-01 08:28:54'),(149,46,9,'2019-09-01 08:28:55','2019-09-01 08:28:55'),(150,45,9,'2019-09-01 08:28:56','2019-09-01 08:28:56'),(151,45,9,'2019-09-01 08:28:57','2019-09-01 08:28:57'),(152,45,9,'2019-09-01 08:28:57','2019-09-01 08:28:57'),(153,45,9,'2019-09-01 08:28:58','2019-09-01 08:28:58'),(154,45,9,'2019-09-01 08:29:00','2019-09-01 08:29:00'),(155,46,9,'2019-09-01 08:29:01','2019-09-01 08:29:01'),(156,45,9,'2019-09-01 08:29:03','2019-09-01 08:29:03'),(157,45,9,'2019-09-08 16:47:54','2019-09-08 16:47:54'),(158,45,9,'2019-09-08 16:47:55','2019-09-08 16:47:55'),(159,45,9,'2019-09-08 16:47:56','2019-09-08 16:47:56'),(160,45,9,'2019-09-08 16:47:56','2019-09-08 16:47:56'),(161,45,9,'2019-09-08 16:47:57','2019-09-08 16:47:57'),(162,45,9,'2019-09-08 16:47:59','2019-09-08 16:47:59'),(163,46,9,'2019-09-08 16:48:00','2019-09-08 16:48:00'),(164,46,9,'2019-09-08 16:48:01','2019-09-08 16:48:01'),(165,45,9,'2019-09-08 16:48:02','2019-09-08 16:48:02'),(166,45,9,'2019-09-08 16:48:03','2019-09-08 16:48:03'),(167,46,9,'2019-09-08 16:48:04','2019-09-08 16:48:04'),(168,45,9,'2019-09-08 16:48:05','2019-09-08 16:48:05'),(169,46,9,'2019-09-08 16:48:06','2019-09-08 16:48:06'),(170,45,9,'2019-09-08 16:48:07','2019-09-08 16:48:07'),(171,46,9,'2019-09-08 16:48:08','2019-09-08 16:48:08'),(172,45,9,'2019-09-08 16:48:09','2019-09-08 16:48:09'),(173,45,9,'2019-09-08 16:48:10','2019-09-08 16:48:10'),(174,45,9,'2019-09-08 16:48:12','2019-09-08 16:48:12'),(175,45,9,'2019-09-08 16:48:13','2019-09-08 16:48:13'),(176,45,9,'2019-09-08 16:48:14','2019-09-08 16:48:14'),(177,45,9,'2019-09-08 16:49:14','2019-09-08 16:49:14'),(178,45,9,'2019-09-08 16:49:15','2019-09-08 16:49:15'),(179,46,9,'2019-09-08 16:49:17','2019-09-08 16:49:17'),(180,46,9,'2019-09-08 16:49:19','2019-09-08 16:49:19'),(181,45,9,'2019-09-08 16:49:20','2019-09-08 16:49:20'),(182,45,9,'2019-09-08 16:49:21','2019-09-08 16:49:21'),(183,46,9,'2019-09-08 16:49:23','2019-09-08 16:49:23'),(184,46,9,'2019-09-08 16:49:24','2019-09-08 16:49:24'),(185,45,9,'2019-09-08 16:49:25','2019-09-08 16:49:25'),(186,45,9,'2019-09-08 16:49:26','2019-09-08 16:49:26'),(187,45,9,'2019-09-08 16:49:27','2019-09-08 16:49:27'),(188,45,9,'2019-09-08 16:49:28','2019-09-08 16:49:28'),(189,45,9,'2019-09-08 16:49:30','2019-09-08 16:49:30'),(190,46,9,'2019-09-08 16:49:32','2019-09-08 16:49:32'),(191,45,9,'2019-09-08 16:49:33','2019-09-08 16:49:33'),(192,45,9,'2019-09-08 16:49:34','2019-09-08 16:49:34'),(193,45,9,'2019-09-08 16:49:36','2019-09-08 16:49:36'),(194,45,9,'2019-09-08 16:49:38','2019-09-08 16:49:38'),(195,46,9,'2019-09-08 16:49:39','2019-09-08 16:49:39'),(196,45,9,'2019-09-08 16:49:40','2019-09-08 16:49:40'),(197,45,9,'2019-09-08 16:51:26','2019-09-08 16:51:26'),(198,45,9,'2019-09-08 16:51:27','2019-09-08 16:51:27'),(199,45,9,'2019-09-08 16:51:28','2019-09-08 16:51:28'),(200,45,9,'2019-09-08 16:51:29','2019-09-08 16:51:29'),(201,46,9,'2019-09-08 16:51:31','2019-09-08 16:51:31'),(202,45,9,'2019-09-08 16:51:31','2019-09-08 16:51:31'),(203,45,9,'2019-09-08 16:51:33','2019-09-08 16:51:33'),(204,45,9,'2019-09-08 16:51:34','2019-09-08 16:51:34'),(205,45,9,'2019-09-08 16:51:35','2019-09-08 16:51:35'),(206,45,9,'2019-09-08 16:51:36','2019-09-08 16:51:36'),(207,46,9,'2019-09-08 16:51:37','2019-09-08 16:51:37'),(208,45,9,'2019-09-08 16:51:38','2019-09-08 16:51:38'),(209,46,9,'2019-09-08 16:51:39','2019-09-08 16:51:39'),(210,46,9,'2019-09-08 16:51:40','2019-09-08 16:51:40'),(211,46,9,'2019-09-08 16:51:41','2019-09-08 16:51:41'),(212,45,9,'2019-09-08 16:51:42','2019-09-08 16:51:42'),(213,45,9,'2019-09-08 16:51:43','2019-09-08 16:51:43'),(214,45,9,'2019-09-08 16:51:44','2019-09-08 16:51:44'),(215,45,9,'2019-09-08 16:51:45','2019-09-08 16:51:45'),(216,45,9,'2019-09-08 16:51:46','2019-09-08 16:51:46'),(217,46,9,'2019-09-08 18:13:39','2019-09-08 18:13:39'),(218,45,9,'2019-09-08 18:13:40','2019-09-08 18:13:40'),(219,45,9,'2019-09-08 18:13:41','2019-09-08 18:13:41'),(220,45,9,'2019-09-08 18:13:42','2019-09-08 18:13:42'),(221,45,9,'2019-09-08 18:13:43','2019-09-08 18:13:43'),(222,45,9,'2019-09-08 18:13:44','2019-09-08 18:13:44'),(223,45,9,'2019-09-08 18:13:45','2019-09-08 18:13:45'),(224,45,9,'2019-09-08 18:13:46','2019-09-08 18:13:46'),(225,45,9,'2019-09-08 18:13:47','2019-09-08 18:13:47'),(226,45,9,'2019-09-08 18:13:47','2019-09-08 18:13:47'),(227,45,9,'2019-09-08 18:13:48','2019-09-08 18:13:48'),(228,45,9,'2019-09-08 18:13:49','2019-09-08 18:13:49'),(229,45,9,'2019-09-08 18:13:50','2019-09-08 18:13:50'),(230,46,9,'2019-09-08 18:13:51','2019-09-08 18:13:51'),(231,45,9,'2019-09-08 18:13:52','2019-09-08 18:13:52'),(232,45,9,'2019-09-08 18:13:53','2019-09-08 18:13:53'),(233,45,9,'2019-09-08 18:13:54','2019-09-08 18:13:54'),(234,45,9,'2019-09-08 18:13:55','2019-09-08 18:13:55'),(235,46,9,'2019-09-08 18:13:56','2019-09-08 18:13:56'),(236,45,9,'2019-09-08 18:13:57','2019-09-08 18:13:57'),(237,46,9,'2019-09-14 13:01:18','2019-09-14 13:01:18'),(238,46,9,'2019-09-14 13:01:19','2019-09-14 13:01:19'),(239,45,9,'2019-09-14 13:01:20','2019-09-14 13:01:20'),(240,46,9,'2019-09-14 13:01:21','2019-09-14 13:01:21'),(241,46,9,'2019-09-14 13:01:22','2019-09-14 13:01:22'),(242,45,9,'2019-09-14 13:01:23','2019-09-14 13:01:23'),(243,45,9,'2019-09-14 13:01:24','2019-09-14 13:01:24'),(244,45,9,'2019-09-14 13:01:25','2019-09-14 13:01:25'),(245,45,9,'2019-09-14 13:01:26','2019-09-14 13:01:26'),(246,45,9,'2019-09-14 13:01:27','2019-09-14 13:01:27'),(247,46,9,'2019-09-14 13:01:28','2019-09-14 13:01:28'),(248,46,9,'2019-09-14 13:01:29','2019-09-14 13:01:29'),(249,45,9,'2019-09-14 13:01:30','2019-09-14 13:01:30'),(250,45,9,'2019-09-14 13:01:31','2019-09-14 13:01:31'),(251,46,9,'2019-09-14 13:01:32','2019-09-14 13:01:32'),(252,46,9,'2019-09-14 13:01:33','2019-09-14 13:01:33'),(253,45,9,'2019-09-14 13:01:34','2019-09-14 13:01:34'),(254,46,9,'2019-09-14 13:01:35','2019-09-14 13:01:35'),(255,45,9,'2019-09-14 13:01:36','2019-09-14 13:01:36'),(256,46,9,'2019-09-14 13:01:37','2019-09-14 13:01:37');
/*!40000 ALTER TABLE `AK_POSITION` ENABLE KEYS */;
UNLOCK TABLES;

--
-- Table structure for table `AK_PRODUCT`
--

DROP TABLE IF EXISTS `AK_PRODUCT`;
/*!40101 SET @saved_cs_client     = @@character_set_client */;
/*!50503 SET character_set_client = utf8mb4 */;
CREATE TABLE `AK_PRODUCT` (
  `ID` int(11) NOT NULL AUTO_INCREMENT,
  `NAME` varchar(255) NOT NULL,
  `STORE` int(11) NOT NULL,
  `DESCRIPTION` varchar(255) DEFAULT NULL,
  `CREATED_AT` timestamp NULL DEFAULT CURRENT_TIMESTAMP,
  `UPDATED_AT` timestamp NULL DEFAULT CURRENT_TIMESTAMP,
  PRIMARY KEY (`ID`)
) ENGINE=InnoDB AUTO_INCREMENT=4 DEFAULT CHARSET=utf8mb4 COLLATE=utf8mb4_0900_ai_ci;
/*!40101 SET character_set_client = @saved_cs_client */;

--
-- Dumping data for table `AK_PRODUCT`
--

LOCK TABLES `AK_PRODUCT` WRITE;
/*!40000 ALTER TABLE `AK_PRODUCT` DISABLE KEYS */;
INSERT INTO `AK_PRODUCT` VALUES (1,'sdfsdfsdf',0,'product1 android','2019-09-14 14:35:53','2019-09-14 14:35:53'),(2,'sdfsdfsdf',0,'product2 android','2019-09-14 14:35:53','2019-09-14 14:35:53'),(3,'sdfsdfsf',1,'product3 ios','2019-09-14 14:35:53','2019-09-14 14:35:53');
/*!40000 ALTER TABLE `AK_PRODUCT` ENABLE KEYS */;
UNLOCK TABLES;

--
-- Table structure for table `AK_PUSH`
--

DROP TABLE IF EXISTS `AK_PUSH`;
/*!40101 SET @saved_cs_client     = @@character_set_client */;
/*!50503 SET character_set_client = utf8mb4 */;
CREATE TABLE `AK_PUSH` (
  `ID` int(11) NOT NULL AUTO_INCREMENT,
  `USER_ID` varchar(255) NOT NULL,
  `PUSH_TOKEN` varchar(255) NOT NULL,
  `CREATED_AT` timestamp NOT NULL DEFAULT CURRENT_TIMESTAMP,
  `UPDATED_AT` timestamp NOT NULL DEFAULT CURRENT_TIMESTAMP,
  PRIMARY KEY (`ID`)
) ENGINE=InnoDB AUTO_INCREMENT=2 DEFAULT CHARSET=utf8mb4 COLLATE=utf8mb4_0900_ai_ci;
/*!40101 SET character_set_client = @saved_cs_client */;

--
-- Dumping data for table `AK_PUSH`
--

LOCK TABLES `AK_PUSH` WRITE;
/*!40000 ALTER TABLE `AK_PUSH` DISABLE KEYS */;
INSERT INTO `AK_PUSH` VALUES (1,'9e2cd27f-d9dd-4124-a9af-967415ab39aa','f_Bv3vQ18So:APA91bH13qwC4LtKq5XTt1l1Oy4UB_5KrynAOiTlTVSuu2RFiZtkOTg_zMnR7aa7IHia5ubFS0ds84D4DIMkn3--YwNBxt3Jaljhu314jBvSB6Lowxn82X33p-k7p9ScR7Lvinbwxbwi','2019-08-10 17:07:02','2019-08-10 17:07:02');
/*!40000 ALTER TABLE `AK_PUSH` ENABLE KEYS */;
UNLOCK TABLES;

--
-- Table structure for table `AK_SOCIAL`
--

DROP TABLE IF EXISTS `AK_SOCIAL`;
/*!40101 SET @saved_cs_client     = @@character_set_client */;
/*!50503 SET character_set_client = utf8mb4 */;
CREATE TABLE `AK_SOCIAL` (
  `ID` int(11) NOT NULL AUTO_INCREMENT,
  `USER_ID` int(11) NOT NULL,
  `SOCIAL_ID` varchar(255) NOT NULL,
  `SOCIAL_TYPE` int(11) NOT NULL,
  `EMAIL` varchar(255) NOT NULL,
  `CREATED_AT` timestamp NOT NULL DEFAULT CURRENT_TIMESTAMP,
  `UPDATED_AT` timestamp NOT NULL DEFAULT CURRENT_TIMESTAMP,
  PRIMARY KEY (`ID`),
  UNIQUE KEY `SOCIAL_USER_ID_SOCIAL_ID_U` (`USER_ID`,`SOCIAL_ID`),
  UNIQUE KEY `SOCIAL_EMAIL_U` (`EMAIL`),
  CONSTRAINT `SOCIAL_USER_ID_FK` FOREIGN KEY (`USER_ID`) REFERENCES `AK_USER` (`ID`) ON DELETE CASCADE ON UPDATE CASCADE
) ENGINE=InnoDB DEFAULT CHARSET=utf8mb4 COLLATE=utf8mb4_0900_ai_ci;
/*!40101 SET character_set_client = @saved_cs_client */;

--
-- Dumping data for table `AK_SOCIAL`
--

LOCK TABLES `AK_SOCIAL` WRITE;
/*!40000 ALTER TABLE `AK_SOCIAL` DISABLE KEYS */;
/*!40000 ALTER TABLE `AK_SOCIAL` ENABLE KEYS */;
UNLOCK TABLES;

--
-- Table structure for table `AK_USER`
--

DROP TABLE IF EXISTS `AK_USER`;
/*!40101 SET @saved_cs_client     = @@character_set_client */;
/*!50503 SET character_set_client = utf8mb4 */;
CREATE TABLE `AK_USER` (
  `ID` int(11) NOT NULL AUTO_INCREMENT,
  `FIRST_NAME` varchar(255) NOT NULL,
  `LAST_NAME` varchar(255) NOT NULL,
  `EMAIL` varchar(255) NOT NULL,
  `PASSWORD_HASH` varchar(255) DEFAULT NULL,
  `IMG_URL` varchar(255) DEFAULT NULL,
  `BIRTHDAY` date NOT NULL,
  `BIO` varchar(255) DEFAULT NULL,
  `GENDER` int(11) DEFAULT NULL COMMENT '1-male,0-female',
  `CREATED_AT` timestamp NOT NULL DEFAULT CURRENT_TIMESTAMP,
  `UPDATED_AT` timestamp NOT NULL DEFAULT CURRENT_TIMESTAMP,
  `ACCOUNT_EXPIRED` tinyint(1) DEFAULT '0',
  `ACCOUNT_LOCKED` tinyint(1) DEFAULT '0',
  `CREDENTIALS_EXPIRED` tinyint(1) DEFAULT '0',
  `ENABLED` tinyint(1) DEFAULT '1',
  `POSITION_ID` int(11) DEFAULT NULL,
  `PUSH_ID` int(11) DEFAULT NULL,
  `LAST_SEEN` timestamp NOT NULL DEFAULT CURRENT_TIMESTAMP,
  `CREDITS` int(11) NOT NULL DEFAULT '5',
  `CREDITS_UPDATED_AT` timestamp NOT NULL DEFAULT CURRENT_TIMESTAMP,
  `ADMOB_COUNT` int(11) DEFAULT '0',
  `ADMOB_UPDATED_AT` timestamp NULL DEFAULT CURRENT_TIMESTAMP,
  `INVITED_BY` int(11) DEFAULT NULL,
  PRIMARY KEY (`ID`),
  UNIQUE KEY `USER_EMAIL_U` (`EMAIL`),
  KEY `USER_ID_FK` (`POSITION_ID`),
  KEY `PUSH_ID_FK` (`PUSH_ID`),
  KEY `USER_USER_ID_FK` (`INVITED_BY`),
  CONSTRAINT `USER_POSITION_ID_FK` FOREIGN KEY (`POSITION_ID`) REFERENCES `AK_POSITION` (`ID`) ON DELETE CASCADE ON UPDATE CASCADE,
  CONSTRAINT `USER_PUSH_ID_FK` FOREIGN KEY (`PUSH_ID`) REFERENCES `AK_PUSH` (`ID`) ON DELETE CASCADE ON UPDATE CASCADE,
  CONSTRAINT `USER_USER_ID_FK` FOREIGN KEY (`INVITED_BY`) REFERENCES `AK_USER` (`ID`) ON DELETE SET NULL ON UPDATE CASCADE
) ENGINE=InnoDB AUTO_INCREMENT=261 DEFAULT CHARSET=utf8mb4 COLLATE=utf8mb4_0900_ai_ci;
/*!40101 SET character_set_client = @saved_cs_client */;

--
-- Dumping data for table `AK_USER`
--

LOCK TABLES `AK_USER` WRITE;
/*!40000 ALTER TABLE `AK_USER` DISABLE KEYS */;
INSERT INTO `AK_USER` VALUES (1,'FirstName 1','LastName 1','email1@email.com','$2a$08$EfoMXblxEFhBxSCOxI/bju0G4oVwGgtCig6INKKOJbchvNw5XhoTW','th_8e2a8f76-8c5c-4b31-a90b-968a1b4ec403.jpg','2007-06-18',NULL,NULL,'2019-07-26 17:36:30','2019-09-15 15:48:01',0,0,0,1,1,NULL,'2019-09-15 15:47:59',28,'2019-09-14 14:32:42',0,'2019-09-08 15:36:06',2),(2,'FirstName 2','LastName 2','email2@email.com','$2a$08$EfoMXblxEFhBxSCOxI/bju0G4oVwGgtCig6INKKOJbchvNw5XhoTW','th_ae2ebed8-cc83-4f32-9d32-35b6ad12b32b.jpg','2009-06-18',NULL,NULL,'2019-07-26 17:36:30','2019-09-08 17:05:27',0,0,0,1,2,NULL,'2019-09-08 17:05:27',10,'2019-09-08 16:40:25',0,'2019-09-08 15:36:06',NULL),(3,'FirstName 3','LastName 3','email3@email.com','$2a$08$EfoMXblxEFhBxSCOxI/bju0G4oVwGgtCig6INKKOJbchvNw5XhoTW','th_788f13bb-d62e-4715-9433-23fab458af9a.jpg','2010-06-18',NULL,NULL,'2019-07-26 17:36:30','2019-07-26 17:36:30',0,0,0,1,3,NULL,'2019-07-26 17:36:30',5,'2019-08-10 14:58:20',0,'2019-09-08 15:36:06',NULL),(4,'Ilaria','Monti','ilaria.monti@email.com','$2a$08$EfoMXblxEFhBxSCOxI/bju0G4oVwGgtCig6INKKOJbchvNw5XhoTW','th_83105e98-8a29-4d99-848e-e443043b4ec5.jpg','1989-10-31','Tv guru. Introvert. Social media expert. Travel fan. Alcohol enthusiast. Twitter ninja.',0,'2019-07-26 19:36:46','2019-09-08 17:19:49',0,0,0,1,4,1,'2019-09-08 17:19:49',19,'2019-09-08 17:06:06',0,'2019-09-08 15:36:06',2),(5,'Jessica De','Luca','jessica de.luca@email.com','$2a$08$EfoMXblxEFhBxSCOxI/bju0G4oVwGgtCig6INKKOJbchvNw5XhoTW','th_58cc76b7-22e1-49af-8523-ecc08378c88d.jpg','1990-12-08','General analyst. Music guru. Social mediaholic. Alcohol fan. Bacon geek. Pop culture lover. Explorer.',0,'2019-07-26 19:36:47','2019-07-26 19:36:47',0,0,0,1,5,NULL,'2019-07-26 19:36:47',5,'2019-08-10 14:58:20',0,'2019-09-08 15:36:06',NULL),(6,'Francesca','Barone','francesca.barone@email.com','$2a$08$EfoMXblxEFhBxSCOxI/bju0G4oVwGgtCig6INKKOJbchvNw5XhoTW','th_10a9f943-eafb-42c3-88c9-9f6ce7afcbb9.jpg','1992-04-20','Bacon lover. Organizer. Unapologetic pop culture expert. Avid alcohol ninja. Travel enthusiast. Friendly gamer. Zombie junkie. Tv geek.',0,'2019-07-26 19:36:48','2019-07-26 19:36:48',0,0,0,1,6,NULL,'2019-07-26 19:36:48',5,'2019-08-10 14:58:20',0,'2019-09-08 15:36:06',NULL),(7,'Giulia','Coppola','giulia.coppola@email.com','$2a$08$EfoMXblxEFhBxSCOxI/bju0G4oVwGgtCig6INKKOJbchvNw5XhoTW','th_5db563d3-c055-4331-b6d2-e5085cd2e7f9.jpg','1996-09-07','Evil student. Lifelong introvert. Problem solver. Gamer. Food junkie. Freelance alcohol specialist. Incurable travel aficionado.',0,'2019-07-26 19:36:49','2019-07-26 19:36:49',0,0,0,1,7,NULL,'2019-07-26 19:36:49',5,'2019-08-10 14:58:20',0,'2019-09-08 15:36:06',NULL),(8,'Nicole','Marino','nicole.marino@email.com','$2a$08$EfoMXblxEFhBxSCOxI/bju0G4oVwGgtCig6INKKOJbchvNw5XhoTW','th_c871508e-ffb5-4649-9f3c-0c645c19b5b6.jpg','1998-04-06','Coffee ninja. Music junkie. Tv lover. Communicator. Devoted web scholar. Twitter fanatic. Entrepreneur.',0,'2019-07-26 19:36:50','2019-07-26 19:36:50',0,0,0,1,8,NULL,'2019-07-26 19:36:50',5,'2019-08-10 14:58:20',0,'2019-09-08 15:36:06',NULL),(9,'Valeria','Greco','valeria.greco@email.com','$2a$08$EfoMXblxEFhBxSCOxI/bju0G4oVwGgtCig6INKKOJbchvNw5XhoTW','th_7e673b43-2229-481d-b05a-82e42e0767e5.jpg','1996-12-15','Analyst. Coffeeaholic. Creator. Unapologetic gamer. Web expert. Hipster-friendly travel fanatic. Organizer. Thinker.',0,'2019-07-26 19:36:51','2019-07-26 19:36:51',0,0,0,1,9,NULL,'2019-07-26 19:36:51',5,'2019-08-10 14:58:20',0,'2019-09-08 15:36:06',NULL),(10,'Eleonora','Piras','eleonora.piras@email.com','$2a$08$EfoMXblxEFhBxSCOxI/bju0G4oVwGgtCig6INKKOJbchvNw5XhoTW','th_8894b032-4b4b-490b-ace3-035716c59320.jpg','1998-01-07','Web practitioner. Hardcore problem solver. Troublemaker. Infuriatingly humble pop culture expert. Bacon maven. Amateur music scholar.',0,'2019-07-26 19:36:52','2019-07-26 19:36:52',0,0,0,1,10,NULL,'2019-07-26 19:36:52',5,'2019-08-10 14:58:20',0,'2019-09-08 15:36:06',NULL),(11,'Cristina','Rinaldi','cristina.rinaldi@email.com','$2a$08$EfoMXblxEFhBxSCOxI/bju0G4oVwGgtCig6INKKOJbchvNw5XhoTW','th_85708b2e-d33b-4a5b-8d3d-4ffd4510b70e.jpg','1996-11-04','Hipster-friendly writer. Certified organizer. Zombie practitioner. Tv trailblazer. Alcohol scholar.',0,'2019-07-26 19:36:53','2019-07-26 19:36:53',0,0,0,1,11,NULL,'2019-07-26 19:36:53',5,'2019-08-10 14:58:20',0,'2019-09-08 15:36:06',NULL),(12,'Giada','Milani','giada.milani@email.com','$2a$08$EfoMXblxEFhBxSCOxI/bju0G4oVwGgtCig6INKKOJbchvNw5XhoTW','th_66b5ef8b-2c19-49be-9ff6-4f47896d4770.jpg','1994-08-30','Coffee specialist. Subtly charming travel practitioner. Thinker. Communicator. Certified food ninja.',0,'2019-07-26 19:36:54','2019-07-26 19:36:54',0,0,0,1,12,NULL,'2019-07-26 19:36:54',5,'2019-08-10 14:58:20',0,'2019-09-08 15:36:06',NULL),(13,'Maria','Caruso','maria.caruso@email.com','$2a$08$EfoMXblxEFhBxSCOxI/bju0G4oVwGgtCig6INKKOJbchvNw5XhoTW','th_ae2ebed8-cc83-4f32-9d32-35b6ad12b32b.jpg','1997-08-09','Explorer. Alcohol junkie. Music nerd. Food specialist. Amateur web practitioner. Tv maven.',0,'2019-07-26 19:36:55','2019-07-26 19:36:55',0,0,0,1,13,NULL,'2019-07-26 19:36:55',5,'2019-08-10 14:58:20',0,'2019-09-08 15:36:06',NULL),(14,'Paola','Russo','paola.russo@email.com','$2a$08$EfoMXblxEFhBxSCOxI/bju0G4oVwGgtCig6INKKOJbchvNw5XhoTW','th_c076980f-9f53-4e70-aed2-3c73ca628b7d.jpg','1998-02-08','Twitter fanatic. Alcohol evangelist. Thinker. Introvert. Pop culture geek. Web ninja. Music junkie. Baconaholic. Writer.',0,'2019-07-26 19:36:56','2019-07-26 19:36:56',0,0,0,1,14,NULL,'2019-07-26 19:36:56',5,'2019-08-10 14:58:20',0,'2019-09-08 15:36:06',NULL),(15,'Ilaria','Esposito','ilaria.esposito@email.com','$2a$08$EfoMXblxEFhBxSCOxI/bju0G4oVwGgtCig6INKKOJbchvNw5XhoTW','th_788f13bb-d62e-4715-9433-23fab458af9a.jpg','1989-10-19','Total webaholic. Twitter maven. Certified food junkie. Alcohol fanatic. Music enthusiast. Pop culture specialist. Incurable organizer.',0,'2019-07-26 19:36:57','2019-07-26 19:36:57',0,0,0,1,15,NULL,'2019-07-26 19:36:57',5,'2019-08-10 14:58:20',0,'2019-09-08 15:36:06',NULL),(16,'Erica','Ferrari','erica.ferrari@email.com','$2a$08$EfoMXblxEFhBxSCOxI/bju0G4oVwGgtCig6INKKOJbchvNw5XhoTW','th_b18add39-d86e-4776-8f8a-89b5f6e4b7e9.jpg','1989-05-30','Entrepreneur. Beer geek. Coffee fan. Infuriatingly humble creator. General twitter nerd. Gamer.',0,'2019-07-26 19:36:58','2019-07-26 19:36:58',0,0,0,1,16,NULL,'2019-07-26 19:36:58',5,'2019-08-10 14:58:20',0,'2019-09-08 15:36:06',NULL),(17,'Caterina','Esposito','caterina.esposito@email.com','$2a$08$EfoMXblxEFhBxSCOxI/bju0G4oVwGgtCig6INKKOJbchvNw5XhoTW','th_5a2b7e65-9c27-4181-a977-d606eb11b56a.jpg','1994-07-08','Alcohol fan. Proud internet guru. Creator. Analyst. Thinker. Pop culture fanatic. Writer.',0,'2019-07-26 19:36:59','2019-07-26 19:36:59',0,0,0,1,17,NULL,'2019-07-26 19:36:59',5,'2019-08-10 14:58:20',0,'2019-09-08 15:36:06',NULL),(18,'Chiara','Gallo','chiara.gallo@email.com','$2a$08$EfoMXblxEFhBxSCOxI/bju0G4oVwGgtCig6INKKOJbchvNw5XhoTW','th_62e63f92-30d5-445f-a119-baec821e6c36.jpg','1989-11-05','Falls down a lot. Writer. Student. Music scholar. Explorer. Friendly internet fanatic. Analyst. Devoted creator. Twitter fan.',0,'2019-07-26 19:36:59','2019-07-26 19:36:59',0,0,0,1,18,NULL,'2019-07-26 19:36:59',5,'2019-08-10 14:58:20',0,'2019-09-08 15:36:06',NULL),(19,'Erika','Sanna','erika.sanna@email.com','$2a$08$EfoMXblxEFhBxSCOxI/bju0G4oVwGgtCig6INKKOJbchvNw5XhoTW','th_e9af5e2d-6e6e-4a4a-b81d-420ee8ec9b8c.jpg','1990-10-16','Falls down a lot. Pop culture buff. Friendly beer ninja. Social media trailblazer. Twitter expert.',0,'2019-07-26 19:37:00','2019-07-26 19:37:00',0,0,0,1,19,NULL,'2019-07-26 19:37:00',5,'2019-08-10 14:58:20',0,'2019-09-08 15:36:06',NULL),(20,'Martina De','Luca','martina de.luca@email.com','$2a$08$EfoMXblxEFhBxSCOxI/bju0G4oVwGgtCig6INKKOJbchvNw5XhoTW','th_b934af00-5c1e-4585-abca-f192a1c17e72.jpg','1993-11-20','Avid pop cultureaholic. Student. Bacon fan. Music buff. Tv fanatic. Alcohol junkie. Beer advocate. Twitter maven. Wannabe zombie practitioner.',0,'2019-07-26 19:37:01','2019-07-26 19:37:01',0,0,0,1,20,NULL,'2019-07-26 19:37:01',5,'2019-08-10 14:58:20',0,'2019-09-08 15:36:06',NULL),(21,'Ilaria','Parisi','ilaria.parisi@email.com','$2a$08$EfoMXblxEFhBxSCOxI/bju0G4oVwGgtCig6INKKOJbchvNw5XhoTW','th_775bd6c1-0587-4b3c-b021-fc9089fe4158.jpg','1999-06-12','Alcohol fanatic. Hardcore internet scholar. Incurable thinker. Prone to fits of apathy. Web maven.',0,'2019-07-26 19:37:02','2019-07-26 19:37:02',0,0,0,1,21,NULL,'2019-07-26 19:37:02',5,'2019-08-10 14:58:20',0,'2019-09-08 15:36:06',NULL),(22,'Nicole','Conti','nicole.conti@email.com','$2a$08$EfoMXblxEFhBxSCOxI/bju0G4oVwGgtCig6INKKOJbchvNw5XhoTW','th_7d5f0ccf-bfcd-4a6e-8d2a-2e193673d55a.jpg','1990-11-13','Coffee maven. Infuriatingly humble bacon specialist. Food geek. Hardcore internet aficionado.',0,'2019-07-26 19:37:03','2019-07-26 19:37:03',0,0,0,1,22,NULL,'2019-07-26 19:37:03',5,'2019-08-10 14:58:20',0,'2019-09-08 15:36:06',NULL),(23,'Jessica','Leone','jessica.leone@email.com','$2a$08$EfoMXblxEFhBxSCOxI/bju0G4oVwGgtCig6INKKOJbchvNw5XhoTW','th_2a561fcf-df3a-4c2f-9c42-a1ec246c6178.jpg','1989-10-29','Reader. General tv expert. Music advocate. Entrepreneur. Lifelong gamer. Twitter guru.',0,'2019-07-26 19:37:04','2019-07-26 19:37:04',0,0,0,1,23,NULL,'2019-07-26 19:37:04',5,'2019-08-10 14:58:20',0,'2019-09-08 15:36:06',NULL),(24,'Valentina','Fiore','valentina.fiore@email.com','$2a$08$EfoMXblxEFhBxSCOxI/bju0G4oVwGgtCig6INKKOJbchvNw5XhoTW','th_2a681a33-8c62-4856-83a9-1cc5f7968056.jpg','1991-03-01','Award-winning pop culture enthusiast. Travel aficionado. Thinker. Writer. Twitter expert.',0,'2019-07-26 19:37:05','2019-07-26 19:37:05',0,0,0,1,24,NULL,'2019-07-26 19:37:05',5,'2019-08-10 14:58:20',0,'2019-09-08 15:36:06',NULL),(25,'Alessia','Messina','alessia.messina@email.com','$2a$08$EfoMXblxEFhBxSCOxI/bju0G4oVwGgtCig6INKKOJbchvNw5XhoTW','th_a813f505-c9cc-4e6c-b2a4-85a4ee7cbe2d.jpg','1995-12-10','Social media specialist. Pop culture aficionado. Analyst. Problem solver. Internet advocate.',0,'2019-07-26 19:37:06','2019-07-26 19:37:06',0,0,0,1,25,NULL,'2019-07-26 19:37:06',5,'2019-08-10 14:58:20',0,'2019-09-08 15:36:06',NULL),(26,'Michela','Amato','michela.amato@email.com','$2a$08$EfoMXblxEFhBxSCOxI/bju0G4oVwGgtCig6INKKOJbchvNw5XhoTW','th_45d528aa-ac9f-42b2-b1f3-b38e4613b4a2.jpg','1991-10-01','Extreme tv fanatic. Wannabe zombie expert. Proud music aficionado. Incurable social media scholar.',0,'2019-07-26 19:37:07','2019-07-26 19:37:07',0,0,0,1,26,NULL,'2019-07-26 19:37:07',5,'2019-08-10 14:58:20',0,'2019-09-08 15:36:06',NULL),(27,'Chiara','Bellini','chiara.bellini@email.com','$2a$08$EfoMXblxEFhBxSCOxI/bju0G4oVwGgtCig6INKKOJbchvNw5XhoTW','th_292ba292-61eb-4145-b60d-09de1db6bfb4.jpg','1999-08-06','Entrepreneur. Student. Wannabe bacon enthusiast. Award-winning tvaholic. Creator. Twitter lover.',0,'2019-07-26 19:37:08','2019-07-26 19:37:08',0,0,0,1,27,NULL,'2019-07-26 19:37:08',5,'2019-08-10 14:58:20',0,'2019-09-08 15:36:06',NULL),(28,'Michela','Martino','michela.martino@email.com','$2a$08$EfoMXblxEFhBxSCOxI/bju0G4oVwGgtCig6INKKOJbchvNw5XhoTW','th_c004ea7b-81e9-499f-a651-01927be3ec60.jpg','1992-12-09','Writer. Tv nerd. Problem solver. Pop culture enthusiast. Internet scholar. Evil music fanatic. Alcohol maven.',0,'2019-07-26 19:37:10','2019-07-26 19:37:10',0,0,0,1,28,NULL,'2019-07-26 19:37:10',5,'2019-08-10 14:58:20',0,'2019-09-08 15:36:06',NULL),(29,'Alessandra','Giannini','alessandra.giannini@email.com','$2a$08$EfoMXblxEFhBxSCOxI/bju0G4oVwGgtCig6INKKOJbchvNw5XhoTW','th_4ff53492-cd04-4c51-9138-4166281f2b54.jpg','1996-03-11','Entrepreneur. Music scholar. Bacon practitioner. Internet enthusiast. Analyst. Introvert. Student.',0,'2019-07-26 19:37:11','2019-07-26 19:37:11',0,0,0,1,29,NULL,'2019-07-26 19:37:11',5,'2019-08-10 14:58:20',0,'2019-09-08 15:36:06',NULL),(30,'Lisa','Sartori','lisa.sartori@email.com','$2a$08$EfoMXblxEFhBxSCOxI/bju0G4oVwGgtCig6INKKOJbchvNw5XhoTW','th_5b790bc7-079f-44fc-b874-56cd8afc4d18.jpg','1999-02-10','Music buff. Alcohol junkie. Devoted travel specialist. Pop culture fanatic. Passionate reader. Extreme web fan.',0,'2019-07-26 19:37:11','2019-07-26 19:37:11',0,0,0,1,30,NULL,'2019-07-26 19:37:11',5,'2019-08-10 14:58:20',0,'2019-09-08 15:36:06',NULL),(31,'Valentina','Salvi','valentina.salvi@email.com','$2a$08$EfoMXblxEFhBxSCOxI/bju0G4oVwGgtCig6INKKOJbchvNw5XhoTW','th_19c1a48e-17a2-46b0-a337-c71745d2a0f9.jpg','1991-09-01','Professional beer guru. Thinker. Troublemaker. Zombie lover. Pop culture fan. Travel aficionado.',0,'2019-07-26 19:37:12','2019-07-26 19:37:12',0,0,0,1,31,NULL,'2019-07-26 19:37:12',5,'2019-08-10 14:58:20',0,'2019-09-08 15:36:06',NULL),(32,'Roberta','Fabbri','roberta.fabbri@email.com','$2a$08$EfoMXblxEFhBxSCOxI/bju0G4oVwGgtCig6INKKOJbchvNw5XhoTW','th_9123c900-aba0-47f7-8a42-189a6afbd533.jpg','1997-10-12','Devoted coffee specialist. Entrepreneur. Zombie guru. Internet geek. Music trailblazer.',0,'2019-07-26 19:37:13','2019-07-26 19:37:13',0,0,0,1,32,NULL,'2019-07-26 19:37:13',5,'2019-08-10 14:58:20',0,'2019-09-08 15:36:06',NULL),(33,'Ilaria','Pagano','ilaria.pagano@email.com','$2a$08$EfoMXblxEFhBxSCOxI/bju0G4oVwGgtCig6INKKOJbchvNw5XhoTW','th_40b3ad4b-2f2e-499d-b2e0-434b77091a2d.jpg','1990-04-21','Food maven. Entrepreneur. Organizer. Coffee aficionado. Alcohol fanatic. Tv trailblazer. Future teen idol. Creator.',0,'2019-07-26 19:37:14','2019-07-26 19:37:14',0,0,0,1,33,NULL,'2019-07-26 19:37:14',5,'2019-08-10 14:58:20',0,'2019-09-08 15:36:06',NULL),(34,'Nicole','Palazzo','nicole.palazzo@email.com','$2a$08$EfoMXblxEFhBxSCOxI/bju0G4oVwGgtCig6INKKOJbchvNw5XhoTW','th_5849d78f-41f8-4f97-80f0-47c0849c7c97.jpg','1992-10-25','Social media maven. Beeraholic. Music fanatic. Proud alcohol fan. Twitter practitioner. Problem solver. Creator.',0,'2019-07-26 19:37:15','2019-07-26 19:37:15',0,0,0,1,34,NULL,'2019-07-26 19:37:15',5,'2019-08-10 14:58:20',0,'2019-09-08 15:36:06',NULL),(35,'Caterina','Testa','caterina.testa@email.com','$2a$08$EfoMXblxEFhBxSCOxI/bju0G4oVwGgtCig6INKKOJbchvNw5XhoTW','th_d7f1a2da-33c9-4ccb-8db6-d66026c6056d.jpg','1994-03-21','Beer nerd. Proud coffee advocate. Problem solver. Pop culture geek. Lifelong creator. Bacon guru. Award-winning entrepreneur.',0,'2019-07-26 19:37:16','2019-07-26 19:37:16',0,0,0,1,35,NULL,'2019-07-26 19:37:16',5,'2019-08-10 14:58:20',0,'2019-09-08 15:36:06',NULL),(36,'Monica','Fiore','monica.fiore@email.com','$2a$08$EfoMXblxEFhBxSCOxI/bju0G4oVwGgtCig6INKKOJbchvNw5XhoTW','th_e35ed960-ec4b-4a99-93e8-2daf35f8a32c.jpg','1994-02-24','Freelance organizer. Internet evangelist. Proud thinker. Coffee practitioner. Problem solver. Pop culture geek.',0,'2019-07-26 19:37:17','2019-07-26 19:37:17',0,0,0,1,36,NULL,'2019-07-26 19:37:17',5,'2019-08-10 14:58:20',0,'2019-09-08 15:36:06',NULL),(37,'Michela','Rizzo','michela.rizzo@email.com','$2a$08$EfoMXblxEFhBxSCOxI/bju0G4oVwGgtCig6INKKOJbchvNw5XhoTW','th_709504b5-8ded-4147-8af0-0f2ba121eec7.jpg','1991-09-19','Writer. Internet nerd. Evil alcohol scholar. Organizer. Coffee expert. Analyst. Proud food advocate.',0,'2019-07-26 19:37:18','2019-07-26 19:37:18',0,0,0,1,37,NULL,'2019-07-26 19:37:18',5,'2019-08-10 14:58:20',0,'2019-09-08 15:36:06',NULL),(38,'Erika','Bernardi','erika.bernardi@email.com','$2a$08$EfoMXblxEFhBxSCOxI/bju0G4oVwGgtCig6INKKOJbchvNw5XhoTW','th_db8d7a4e-d78a-48fe-a03b-11fa044a28ed.jpg','1989-02-12','Social media fanatic. Hipster-friendly writer. Proud coffee maven. Total pop culture ninja.',0,'2019-07-26 19:37:18','2019-07-26 19:37:18',0,0,0,1,38,NULL,'2019-07-26 19:37:18',5,'2019-08-10 14:58:20',0,'2019-09-08 15:36:06',NULL),(39,'Roberta','Ferretti','roberta.ferretti@email.com','$2a$08$EfoMXblxEFhBxSCOxI/bju0G4oVwGgtCig6INKKOJbchvNw5XhoTW','th_c61064f8-ab9c-4dff-889f-88d8df0f1220.jpg','1994-09-10','Bacon fanatic. Tv junkie. Wannabe problem solver. Award-winning food evangelist.',0,'2019-07-26 19:37:19','2019-07-26 19:37:19',0,0,0,1,39,NULL,'2019-07-26 19:37:19',5,'2019-08-10 14:58:20',0,'2019-09-08 15:36:06',NULL),(40,'Francesca','Marchetti','francesca.marchetti@email.com','$2a$08$EfoMXblxEFhBxSCOxI/bju0G4oVwGgtCig6INKKOJbchvNw5XhoTW','th_57af94c8-3d45-49c4-8f35-a8ef9685c12d.jpg','1997-05-07','Coffee maven. Travel lover. Tv ninja. Evil thinker. Extreme bacon expert.',0,'2019-07-26 19:37:20','2019-07-26 19:37:20',0,0,0,1,40,NULL,'2019-07-26 19:37:20',5,'2019-08-10 14:58:20',0,'2019-09-08 15:36:06',NULL),(41,'Angela','Fontana','angela.fontana@email.com','$2a$08$EfoMXblxEFhBxSCOxI/bju0G4oVwGgtCig6INKKOJbchvNw5XhoTW','th_0e1f3a8c-a7c4-4863-ae96-ec89c6df47f5.jpg','1998-02-06','Bacon evangelist. Zombie fanatic. Internet advocate. Alcohol trailblazer. Total web practitioner.',0,'2019-07-26 19:37:21','2019-07-26 19:37:21',0,0,0,1,41,NULL,'2019-07-26 19:37:21',5,'2019-08-10 14:58:20',0,'2019-09-08 15:36:06',NULL),(42,'Valentina','Giuliani','valentina.giuliani@email.com','$2a$08$EfoMXblxEFhBxSCOxI/bju0G4oVwGgtCig6INKKOJbchvNw5XhoTW','th_cad719c9-5e92-4c0f-b087-f597b3ef7149.jpg','1997-01-11','Zombie practitioner. Organizer. Proud social media fanatic. Award-winning creator. Twitter guru.',0,'2019-07-26 19:37:22','2019-07-26 19:37:22',0,0,0,1,42,NULL,'2019-07-26 19:37:22',5,'2019-08-10 14:58:20',0,'2019-09-08 15:36:06',NULL),(43,'Vanessa','Giannini','vanessa.giannini@email.com','$2a$08$EfoMXblxEFhBxSCOxI/bju0G4oVwGgtCig6INKKOJbchvNw5XhoTW','th_139fe53a-0947-4f54-a279-22b8bd6063bb.jpg','1991-12-01','Lifelong writer. Zombie lover. Baconaholic. Internet guru. Social media practitioner. Avid twitter expert.',0,'2019-07-26 19:37:23','2019-07-26 19:37:23',0,0,0,1,43,NULL,'2019-07-26 19:37:23',5,'2019-08-10 14:58:20',0,'2019-09-08 15:36:06',NULL),(44,'Giorgia','Carbone','giorgia.carbone@email.com','$2a$08$EfoMXblxEFhBxSCOxI/bju0G4oVwGgtCig6INKKOJbchvNw5XhoTW','th_48a67e8f-faab-4c8a-8372-6ec26a3530ce.jpg','1990-02-19','Writer. Evil communicator. Bacon fanatic. Infuriatingly humble twitter specialist. Social media lover.',0,'2019-07-26 19:37:24','2019-07-26 19:37:24',0,0,0,1,44,NULL,'2019-07-26 19:37:24',5,'2019-08-10 14:58:20',0,'2019-09-08 15:36:06',NULL),(45,'Greta','Sala','greta.sala@email.com','$2a$08$EfoMXblxEFhBxSCOxI/bju0G4oVwGgtCig6INKKOJbchvNw5XhoTW','th_8c8ea25c-737d-40f9-959f-c4f20cfdad91.jpg','1997-05-16','Wannabe music enthusiast. Incurable tvaholic. Thinker. Alcohol evangelist. Coffee specialist.',0,'2019-07-26 19:37:25','2019-07-26 19:37:25',0,0,0,1,45,NULL,'2019-07-26 19:37:25',5,'2019-08-10 14:58:20',0,'2019-09-08 15:36:06',NULL),(46,'Valeria','Palmieri','valeria.palmieri@email.com','$2a$08$EfoMXblxEFhBxSCOxI/bju0G4oVwGgtCig6INKKOJbchvNw5XhoTW','th_ed43a885-ca09-42df-9833-384798863b91.jpg','1993-10-29','Beer enthusiast. Entrepreneur. Bacon expert. Gamer. Web geek. Music maven. Travel specialist.',0,'2019-07-26 19:37:26','2019-07-26 19:37:26',0,0,0,1,46,NULL,'2019-07-26 19:37:26',5,'2019-08-10 14:58:20',0,'2019-09-08 15:36:06',NULL),(47,'Irene','Adami','irene.adami@email.com','$2a$08$EfoMXblxEFhBxSCOxI/bju0G4oVwGgtCig6INKKOJbchvNw5XhoTW','th_b7c2e804-6b65-43bf-82ea-82cf3953dd6d.jpg','1999-06-03','Writer. Infuriatingly humble tv enthusiast. Explorer. General analyst. Troublemaker. Web maven. Travel specialist.',0,'2019-07-26 19:37:27','2019-07-26 19:37:27',0,0,0,1,47,NULL,'2019-07-26 19:37:27',5,'2019-08-10 14:58:20',0,'2019-09-08 15:36:06',NULL),(48,'Sofia','Ferrari','sofia.ferrari@email.com','$2a$08$EfoMXblxEFhBxSCOxI/bju0G4oVwGgtCig6INKKOJbchvNw5XhoTW','th_08a3d188-18e8-4716-ba04-d186e707d020.jpg','1998-10-07','Lifelong internet ninja. Typical twitter trailblazer. Proud travel buff. Freelance bacon advocate.',0,'2019-07-26 19:37:29','2019-07-26 19:37:29',0,0,0,1,48,NULL,'2019-07-26 19:37:29',5,'2019-08-10 14:58:20',0,'2019-09-08 15:36:06',NULL),(49,'Alice','Testa','alice.testa@email.com','$2a$08$EfoMXblxEFhBxSCOxI/bju0G4oVwGgtCig6INKKOJbchvNw5XhoTW','th_32b2985d-7233-4d61-bb84-3920f4ff5ae5.jpg','1989-01-24','General problem solver. Bacon fanatic. Lifelong writer. Web evangelist. Beer ninja. Alcohol guru.',0,'2019-07-26 19:37:31','2019-07-26 19:37:31',0,0,0,1,49,NULL,'2019-07-26 19:37:31',5,'2019-08-10 14:58:20',0,'2019-09-08 15:36:06',NULL),(50,'Laura','Giannini','laura.giannini@email.com','$2a$08$EfoMXblxEFhBxSCOxI/bju0G4oVwGgtCig6INKKOJbchvNw5XhoTW','th_c97e9ba5-937c-41f0-b03a-18bf7bc156f8.jpg','1992-10-06','Social media fanatic. Avid writer. Music evangelist. Web geek. Food advocate. Zombie maven.',0,'2019-07-26 19:37:32','2019-07-26 19:37:32',0,0,0,1,50,NULL,'2019-07-26 19:37:32',5,'2019-08-10 14:58:20',0,'2019-09-08 15:36:06',NULL),(51,'Giada','Piras','giada.piras@email.com','$2a$08$EfoMXblxEFhBxSCOxI/bju0G4oVwGgtCig6INKKOJbchvNw5XhoTW','th_28e91472-64fa-4dd8-a113-cedcee9a8745.jpg','1997-09-15','Proud travel geek. Award-winning web fan. Organizer. Twitter guru. Professional writer. Beer lover.',0,'2019-07-26 19:37:33','2019-07-26 19:37:33',0,0,0,1,51,NULL,'2019-07-26 19:37:33',5,'2019-08-10 14:58:20',0,'2019-09-08 15:36:06',NULL),(52,'Gaia','Vitali','gaia.vitali@email.com','$2a$08$EfoMXblxEFhBxSCOxI/bju0G4oVwGgtCig6INKKOJbchvNw5XhoTW','th_72663beb-95a1-445f-a25b-f341bab2adab.jpg','1992-10-16','Alcohol practitioner. Problem solver. Internet geek. Beer aficionado. Travel advocate. Passionate zombieaholic. Twitter fanatic.',0,'2019-07-26 19:37:34','2019-07-26 19:37:34',0,0,0,1,52,NULL,'2019-07-26 19:37:34',5,'2019-08-10 14:58:20',0,'2019-09-08 15:36:06',NULL),(53,'Chiara','Montanari','chiara.montanari@email.com','$2a$08$EfoMXblxEFhBxSCOxI/bju0G4oVwGgtCig6INKKOJbchvNw5XhoTW','th_0e2a05b8-591e-4633-bb44-074eafec2f62.jpg','1989-12-10','Bacon buff. Problem solver. Passionate music fanatic. Infuriatingly humble tv trailblazer. Freelance alcohol scholar.',0,'2019-07-26 19:37:35','2019-07-26 19:37:35',0,0,0,1,53,NULL,'2019-07-26 19:37:35',5,'2019-08-10 14:58:20',0,'2019-09-08 15:36:06',NULL),(54,'Valentina','Cattaneo','valentina.cattaneo@email.com','$2a$08$EfoMXblxEFhBxSCOxI/bju0G4oVwGgtCig6INKKOJbchvNw5XhoTW','th_de15dfcb-3338-4e8d-9888-b428d4055ea9.jpg','1993-06-13','Amateur internet maven. Hardcore tv junkie. Social media evangelist. Twitter enthusiast. Typical pop culture fanatic.',0,'2019-07-26 19:37:36','2019-07-26 19:37:36',0,0,0,1,54,NULL,'2019-07-26 19:37:36',5,'2019-08-10 14:58:20',0,'2019-09-08 15:36:06',NULL),(55,'Stefania','Cattaneo','stefania.cattaneo@email.com','$2a$08$EfoMXblxEFhBxSCOxI/bju0G4oVwGgtCig6INKKOJbchvNw5XhoTW','th_0d319934-314e-482e-af00-992dc544166c.jpg','1993-03-27','Prone to fits of apathy. Analyst. Pop culture geek. Reader. Bacon buff. Organizer. Coffee fan.',0,'2019-07-26 19:37:36','2019-07-26 19:37:36',0,0,0,1,55,NULL,'2019-07-26 19:37:36',5,'2019-08-10 14:58:20',0,'2019-09-08 15:36:06',NULL),(56,'Erica','Vitali','erica.vitali@email.com','$2a$08$EfoMXblxEFhBxSCOxI/bju0G4oVwGgtCig6INKKOJbchvNw5XhoTW','th_8019941a-1947-4296-88da-f180d3faa0e7.jpg','1994-02-14','Internet guru. Hardcore student. Travel trailblazer. Devoted twitter practitioner. Analyst. Food fan.',0,'2019-07-26 19:37:37','2019-07-26 19:37:37',0,0,0,1,56,NULL,'2019-07-26 19:37:37',5,'2019-08-10 14:58:20',0,'2019-09-08 15:36:06',NULL),(57,'Valentina','Ferrari','valentina.ferrari@email.com','$2a$08$EfoMXblxEFhBxSCOxI/bju0G4oVwGgtCig6INKKOJbchvNw5XhoTW','th_5321a0b0-3c10-443b-a1a9-61ba7a6da1bc.jpg','1996-06-20','Unable to type with boxing gloves on. Award-winning zombie scholar. Alcohol guru.',0,'2019-07-26 19:37:38','2019-07-26 19:37:38',0,0,0,1,57,NULL,'2019-07-26 19:37:38',5,'2019-08-10 14:58:20',0,'2019-09-08 15:36:06',NULL),(58,'Valentina','Santoro','valentina.santoro@email.com','$2a$08$EfoMXblxEFhBxSCOxI/bju0G4oVwGgtCig6INKKOJbchvNw5XhoTW','th_f9460665-8144-43db-bb0b-7f90e5aead98.jpg','1990-10-01','Organizer. Introvert. Communicator. Food maven. Award-winning problem solver. Web specialist. Gamer.',0,'2019-07-26 19:37:39','2019-07-26 19:37:39',0,0,0,1,58,NULL,'2019-07-26 19:37:39',5,'2019-08-10 14:58:20',0,'2019-09-08 15:36:06',NULL),(59,'Anna','Mariani','anna.mariani@email.com','$2a$08$EfoMXblxEFhBxSCOxI/bju0G4oVwGgtCig6INKKOJbchvNw5XhoTW','th_975ee4b5-b983-4160-aed5-ecb5e405c221.jpg','1993-10-02','Hardcore troublemaker. Organizer. Zombie enthusiast. Thinker. Problem solver. Proud introvert.',0,'2019-07-26 19:37:40','2019-07-26 19:37:40',0,0,0,1,59,NULL,'2019-07-26 19:37:40',5,'2019-08-10 14:58:20',0,'2019-09-08 15:36:06',NULL),(60,'Gaia','Colombo','gaia.colombo@email.com','$2a$08$EfoMXblxEFhBxSCOxI/bju0G4oVwGgtCig6INKKOJbchvNw5XhoTW','th_e0b9f7eb-4a76-4672-a334-0d24ea881068.jpg','1990-08-17','Tv buff. Hardcore twitter nerd. Introvert. Certified organizer. Food guru. Bacon junkie.',0,'2019-07-26 19:37:41','2019-07-26 19:37:41',0,0,0,1,60,NULL,'2019-07-26 19:37:41',5,'2019-08-10 14:58:20',0,'2019-09-08 15:36:06',NULL),(61,'Nicole','Barbieri','nicole.barbieri@email.com','$2a$08$EfoMXblxEFhBxSCOxI/bju0G4oVwGgtCig6INKKOJbchvNw5XhoTW','th_d7c92199-fc35-442e-8586-917ef00be4ea.jpg','1997-07-04','Tv advocate. Devoted entrepreneur. Evil beer specialist. Zombie evangelist. Writer.',0,'2019-07-26 19:37:42','2019-07-26 19:37:42',0,0,0,1,61,NULL,'2019-07-26 19:37:42',5,'2019-08-10 14:58:20',0,'2019-09-08 15:36:06',NULL),(62,'Veronica','Rizzi','veronica.rizzi@email.com','$2a$08$EfoMXblxEFhBxSCOxI/bju0G4oVwGgtCig6INKKOJbchvNw5XhoTW','th_8e2a8f76-8c5c-4b31-a90b-968a1b4ec403.jpg','1999-12-14','Travel ninja. Hardcore alcohol geek. Web fanatic. Passionate internet enthusiast.',0,'2019-07-26 19:37:42','2019-07-26 19:37:42',0,0,0,1,62,NULL,'2019-07-26 19:37:42',5,'2019-08-10 14:58:20',0,'2019-09-08 15:36:06',NULL),(63,'Erica','Vitale','erica.vitale@email.com','$2a$08$EfoMXblxEFhBxSCOxI/bju0G4oVwGgtCig6INKKOJbchvNw5XhoTW','th_a2289cd5-f2f2-44f1-80f9-86834819ddca.jpg','1992-07-26','Internet junkie. Total pop culture buff. Social media fanatic. Passionate alcoholaholic. Tv aficionado. Communicator. Zombie lover.',0,'2019-07-26 19:37:43','2019-07-26 19:37:43',0,0,0,1,63,NULL,'2019-07-26 19:37:43',5,'2019-08-10 14:58:20',0,'2019-09-08 15:36:06',NULL),(64,'','a','sofja.nikitina@email.com','$2a$08$EfoMXblxEFhBxSCOxI/bju0G4oVwGgtCig6INKKOJbchvNw5XhoTW','th_4e64bc89-8e82-4411-a8e3-173d2dbc8e44.jpg','1991-07-15','Writer. Zombie fan. Troublemaker. Certified explorer. Alcohol advocate. Friendly thinker. Beer maven. Food junkie.',0,'2019-07-26 19:37:44','2019-07-26 19:37:44',0,0,0,1,64,NULL,'2019-07-26 19:37:44',5,'2019-08-10 14:58:20',0,'2019-09-08 15:36:06',NULL),(65,'','a','aleksandra.ermakova@email.com','$2a$08$EfoMXblxEFhBxSCOxI/bju0G4oVwGgtCig6INKKOJbchvNw5XhoTW','th_de3b4865-b3d7-4bfc-bbaa-08eed3396d05.jpg','1994-06-13','Problem solver. Pop culture fanatic. Tv buff. Travel lover. Thinker. General student.',0,'2019-07-26 19:37:45','2019-07-26 19:37:45',0,0,0,1,65,NULL,'2019-07-26 19:37:45',5,'2019-08-10 14:58:20',0,'2019-09-08 15:36:06',NULL),(66,'','a','marina.burkavtsova@email.com','$2a$08$EfoMXblxEFhBxSCOxI/bju0G4oVwGgtCig6INKKOJbchvNw5XhoTW','th_4e3406e1-7d74-4d4b-8d52-b0a23e9a4763.jpg','1996-12-30','Tv lover. Coffee nerd. Hipster-friendly web geek. Social media fanatic. Beer practitioner.',0,'2019-07-26 19:37:46','2019-07-26 19:37:46',0,0,0,1,66,NULL,'2019-07-26 19:37:46',5,'2019-08-10 14:58:20',0,'2019-09-08 15:36:06',NULL),(67,'','a','alina.zimina@email.com','$2a$08$EfoMXblxEFhBxSCOxI/bju0G4oVwGgtCig6INKKOJbchvNw5XhoTW','th_8d91a646-2863-4d7e-bfc3-4dc17ecb8999.jpg','1999-09-13','Proud tv ninja. Travel fanatic. Infuriatingly humble entrepreneur. Thinker. Zombie enthusiast. Hipster-friendly music junkie. Internet fan.',0,'2019-07-26 19:37:47','2019-07-26 19:37:47',0,0,0,1,67,NULL,'2019-07-26 19:37:47',5,'2019-08-10 14:58:20',0,'2019-09-08 15:36:06',NULL),(68,'','a','inessa.zaytseva@email.com','$2a$08$EfoMXblxEFhBxSCOxI/bju0G4oVwGgtCig6INKKOJbchvNw5XhoTW','th_2196168f-2334-4e34-96fa-9d3750be2f64.jpg','1992-11-17','Friend of animals everywhere. Troublemaker. Proud travel maven. Evil twitter fan. Introvert. Internet fanatic.',0,'2019-07-26 19:37:48','2019-07-26 19:37:48',0,0,0,1,68,NULL,'2019-07-26 19:37:48',5,'2019-08-10 14:58:20',0,'2019-09-08 15:36:06',NULL),(69,'','a','zhanna.jushkova@email.com','$2a$08$EfoMXblxEFhBxSCOxI/bju0G4oVwGgtCig6INKKOJbchvNw5XhoTW','th_cbe0be09-3931-450a-8eb1-e21ab91fa22a.jpg','1993-06-20','Coffee geek. Amateur zombie fan. Thinker. Pop culture evangelist. Web lover. Unapologetic bacon practitioner. Hipster-friendly organizer.',0,'2019-07-26 19:37:48','2019-07-26 19:37:48',0,0,0,1,69,NULL,'2019-07-26 19:37:48',5,'2019-08-10 14:58:20',0,'2019-09-08 15:36:06',NULL),(70,'','a','valerija.avdeeva@email.com','$2a$08$EfoMXblxEFhBxSCOxI/bju0G4oVwGgtCig6INKKOJbchvNw5XhoTW','th_e1779904-57c0-420c-9374-7480d45fa99e.jpg','1997-07-12','Unapologetic bacon specialist. Internet evangelist. Pop culture aficionado. Avid twitter expert. Food scholar. Troublemaker.',0,'2019-07-26 19:37:49','2019-07-26 19:37:49',0,0,0,1,70,NULL,'2019-07-26 19:37:49',5,'2019-08-10 14:58:20',0,'2019-09-08 15:36:06',NULL),(71,'','a','oksana.fedorova@email.com','$2a$08$EfoMXblxEFhBxSCOxI/bju0G4oVwGgtCig6INKKOJbchvNw5XhoTW','th_48175559-8f1b-4a99-b427-263688d32352.jpg','1997-04-22','Typical pop culture buff. Analyst. Beeraholic. Freelance bacon junkie. Problem solver. Internet aficionado. Gamer.',0,'2019-07-26 19:37:50','2019-07-26 19:37:50',0,0,0,1,71,NULL,'2019-07-26 19:37:50',5,'2019-08-10 14:58:20',0,'2019-09-08 15:36:06',NULL),(72,'','a','aleksandra.orlova@email.com','$2a$08$EfoMXblxEFhBxSCOxI/bju0G4oVwGgtCig6INKKOJbchvNw5XhoTW','th_90c32d10-abe3-4592-86e6-04b2c0a41156.jpg','1999-03-19','Prone to fits of apathy. Explorer. Total social media fanatic. Bacon scholar. Coffee expert. Alcohol evangelist. Travel trailblazer.',0,'2019-07-26 19:37:51','2019-07-26 19:37:51',0,0,0,1,72,NULL,'2019-07-26 19:37:51',5,'2019-08-10 14:58:20',0,'2019-09-08 15:36:06',NULL),(73,'','','sofja.kats@email.com','$2a$08$EfoMXblxEFhBxSCOxI/bju0G4oVwGgtCig6INKKOJbchvNw5XhoTW','th_2512c4ce-198c-4269-8143-d737aae13f76.jpg','1993-08-23','Extreme zombie nerd. Beeraholic. Friendly tv scholar. Freelance food ninja. Twitter specialist. Passionate bacon guru.',0,'2019-07-26 19:37:52','2019-07-26 19:37:52',0,0,0,1,73,NULL,'2019-07-26 19:37:52',5,'2019-08-10 14:58:20',0,'2019-09-08 15:36:06',NULL),(74,'','a','snezhana.uglova@email.com','$2a$08$EfoMXblxEFhBxSCOxI/bju0G4oVwGgtCig6INKKOJbchvNw5XhoTW','th_b100174f-d07c-40fe-81b2-607d2d47f175.jpg','1989-12-04','Beer geek. Subtly charming web aficionado. Reader. Professional tv fanatic. Social media lover.',0,'2019-07-26 19:37:53','2019-07-26 19:37:53',0,0,0,1,74,NULL,'2019-07-26 19:37:53',5,'2019-08-10 14:58:20',0,'2019-09-08 15:36:06',NULL),(75,'','a','alina.tsareva@email.com','$2a$08$EfoMXblxEFhBxSCOxI/bju0G4oVwGgtCig6INKKOJbchvNw5XhoTW','th_4a787a16-e6c3-44ff-916b-8126f40dd870.jpg','1991-09-14','Student. Troublemaker. Communicator. Bacon scholar. Organizer. Problem solver. Creator. Zombie enthusiast. Certified analyst.',0,'2019-07-26 19:37:54','2019-07-26 19:37:54',0,0,0,1,75,NULL,'2019-07-26 19:37:54',5,'2019-08-10 14:58:20',0,'2019-09-08 15:36:06',NULL),(76,'','a','elizaveta.schegoleva@email.com','$2a$08$EfoMXblxEFhBxSCOxI/bju0G4oVwGgtCig6INKKOJbchvNw5XhoTW','th_93e57a58-60da-4624-ba1f-6af758967a3f.jpg','1989-11-01','Organizer. Bacon maven. Lifelong food evangelist. Troublemaker. Certified zombie lover.',0,'2019-07-26 19:37:55','2019-07-26 19:37:55',0,0,0,1,76,NULL,'2019-07-26 19:37:55',5,'2019-08-10 14:58:20',0,'2019-09-08 15:36:06',NULL),(77,'','a','arina.abramova@email.com','$2a$08$EfoMXblxEFhBxSCOxI/bju0G4oVwGgtCig6INKKOJbchvNw5XhoTW','th_4b163cfa-0e38-4dea-9945-ebfcb326f24d.jpg','1991-02-10','Hardcore music evangelist. Wannabe troublemaker. Twitter guru. Travel expert. Freelance tv maven.',0,'2019-07-26 19:37:56','2019-07-26 19:37:56',0,0,0,1,77,NULL,'2019-07-26 19:37:56',5,'2019-08-10 14:58:20',0,'2019-09-08 15:36:06',NULL),(78,'','a','zina.jakovleva@email.com','$2a$08$EfoMXblxEFhBxSCOxI/bju0G4oVwGgtCig6INKKOJbchvNw5XhoTW','th_1032ca91-6fb5-41e5-803a-3d1158f72454.jpg','1990-07-07','Beer nerd. Student. Pop culture junkie. Typical food practitioner. Social media aficionado.',0,'2019-07-26 19:37:57','2019-07-26 19:37:57',0,0,0,1,78,NULL,'2019-07-26 19:37:57',5,'2019-08-10 14:58:20',0,'2019-09-08 15:36:06',NULL),(79,'','a','elza.popova@email.com','$2a$08$EfoMXblxEFhBxSCOxI/bju0G4oVwGgtCig6INKKOJbchvNw5XhoTW','th_a4619bae-52cf-4a8f-89b0-e7d8db92bbb0.jpg','1990-06-07','Proud social media enthusiast. Web expert. Troublemaker. Avid travel fan.',0,'2019-07-26 19:37:58','2019-07-26 19:37:58',0,0,0,1,79,NULL,'2019-07-26 19:37:58',5,'2019-08-10 14:58:20',0,'2019-09-08 15:36:06',NULL),(80,'','a','kristina.tsareva@email.com','$2a$08$EfoMXblxEFhBxSCOxI/bju0G4oVwGgtCig6INKKOJbchvNw5XhoTW','th_010c87b6-f725-470f-ab65-8c83735cfd2b.jpg','1998-12-27','Student. Web ninja. Bacon geek. Zombie junkie. Avid gamer. Twitter fanatic. Music trailblazer. Pop culture guru. Travel nerd. Amateur tv enthusiast.',0,'2019-07-26 19:37:59','2019-07-26 19:37:59',0,0,0,1,80,NULL,'2019-07-26 19:37:59',5,'2019-08-10 14:58:20',0,'2019-09-08 15:36:06',NULL),(81,'','a','sofja.ermolina@email.com','$2a$08$EfoMXblxEFhBxSCOxI/bju0G4oVwGgtCig6INKKOJbchvNw5XhoTW','th_d74bd2e2-1904-49a0-9578-aa5945e9d194.jpg','1997-11-27','Entrepreneur. Music guru. Bacon enthusiast. Zombie trailblazer. Coffee buff. Internet fanatic. Gamer. Travel fan.',0,'2019-07-26 19:38:00','2019-07-26 19:38:00',0,0,0,1,81,NULL,'2019-07-26 19:38:00',5,'2019-08-10 14:58:20',0,'2019-09-08 15:36:06',NULL),(82,'','a','tamara.lavrenteva@email.com','$2a$08$EfoMXblxEFhBxSCOxI/bju0G4oVwGgtCig6INKKOJbchvNw5XhoTW','th_cd5fd16d-b3c7-40d2-8fd3-3e8430dd6013.jpg','1990-03-12','General travel expert. Analyst. Beer junkie. Tv lover. Music evangelist. Avid introvert.',0,'2019-07-26 19:38:00','2019-07-26 19:38:00',0,0,0,1,82,NULL,'2019-07-26 19:38:00',5,'2019-08-10 14:58:20',0,'2019-09-08 15:36:06',NULL),(83,'','a','galina.dmitrieva@email.com','$2a$08$EfoMXblxEFhBxSCOxI/bju0G4oVwGgtCig6INKKOJbchvNw5XhoTW','th_8fd049fd-2843-4240-93c3-eb871391312b.jpg','1999-07-14','Internet specialist. Hipster-friendly twitter junkie. Social media fan. Proud music evangelist.',0,'2019-07-26 19:38:01','2019-07-26 19:38:01',0,0,0,1,83,NULL,'2019-07-26 19:38:01',5,'2019-08-10 14:58:20',0,'2019-09-08 15:36:06',NULL),(84,'Aimee','Marshall','aimee.marshall@email.com','$2a$08$EfoMXblxEFhBxSCOxI/bju0G4oVwGgtCig6INKKOJbchvNw5XhoTW','th_078c4c36-a3c3-4103-934f-6e3e36bdbb8e.jpg','1994-11-14','Professional bacon lover. Total food nerd. Beer geek. Social media scholar. Student. General gamer.',0,'2019-07-26 19:38:02','2019-07-26 19:38:02',0,0,0,1,84,NULL,'2019-07-26 19:38:02',5,'2019-08-10 14:58:20',0,'2019-09-08 15:36:06',NULL),(85,'Mia','Fox','mia.fox@email.com','$2a$08$EfoMXblxEFhBxSCOxI/bju0G4oVwGgtCig6INKKOJbchvNw5XhoTW','th_29e3355e-f09c-445a-9d79-215aa8052dc8.jpg','1993-09-01','Travel advocate. Reader. Organizer. Tv enthusiast. Alcohol aficionado. Writer. Student.',0,'2019-07-26 19:38:03','2019-07-26 19:38:03',0,0,0,1,85,NULL,'2019-07-26 19:38:03',5,'2019-08-10 14:58:20',0,'2019-09-08 15:36:06',NULL),(86,'Molly','Morgan','molly.morgan@email.com','$2a$08$EfoMXblxEFhBxSCOxI/bju0G4oVwGgtCig6INKKOJbchvNw5XhoTW','th_17bebeba-f924-4b5d-bf7c-03d57c306759.jpg','1992-04-27','Internet advocate. Social media maven. Bacon lover. Entrepreneur. Pop culture fanatic.',0,'2019-07-26 19:38:04','2019-07-26 19:38:04',0,0,0,1,86,NULL,'2019-07-26 19:38:04',5,'2019-08-10 14:58:20',0,'2019-09-08 15:36:06',NULL),(87,'Kiera','Price','kiera.price@email.com','$2a$08$EfoMXblxEFhBxSCOxI/bju0G4oVwGgtCig6INKKOJbchvNw5XhoTW','th_c30ffd69-9829-4659-99b4-cd53544b5831.jpg','1992-10-12','Zombie enthusiast. Troublemaker. Travel ninja. Proud beer advocate. Unable to type with boxing gloves on. Lifelong creator.',0,'2019-07-26 19:38:05','2019-07-26 19:38:05',0,0,0,1,87,NULL,'2019-07-26 19:38:05',5,'2019-08-10 14:58:20',0,'2019-09-08 15:36:06',NULL),(88,'Millie','Evans','millie.evans@email.com','$2a$08$EfoMXblxEFhBxSCOxI/bju0G4oVwGgtCig6INKKOJbchvNw5XhoTW','th_25a6f108-78fc-4480-b83c-fa238af26faa.jpg','1996-11-09','Alcohol lover. Internet nerd. Twitter evangelist. Incurable explorer. Creator. Food ninja. Bacon guru. Friendly music maven. Coffee aficionado. Student.',0,'2019-07-26 19:38:05','2019-07-26 19:38:05',0,0,0,1,88,NULL,'2019-07-26 19:38:05',5,'2019-08-10 14:58:20',0,'2019-09-08 15:36:06',NULL),(89,'Faith','Thomas','faith.thomas@email.com','$2a$08$EfoMXblxEFhBxSCOxI/bju0G4oVwGgtCig6INKKOJbchvNw5XhoTW','th_a82546dd-0b92-47a8-8379-d9d4358e01db.jpg','1994-05-13','Devoted beer guru. Introvert. Web practitioner. Tv aficionado. Freelance coffee fanatic.',0,'2019-07-26 19:38:06','2019-07-26 19:38:06',0,0,0,1,89,NULL,'2019-07-26 19:38:06',5,'2019-08-10 14:58:20',0,'2019-09-08 15:36:06',NULL),(90,'Amy','Allen','amy.allen@email.com','$2a$08$EfoMXblxEFhBxSCOxI/bju0G4oVwGgtCig6INKKOJbchvNw5XhoTW','th_54eb83d1-25f1-4002-8d00-e5b9baa33e71.jpg','1994-06-17','Subtly charming thinker. Explorer. Zombie practitioner. Pop culture lover. Gamer. Web scholar.',0,'2019-07-26 19:38:07','2019-07-26 19:38:07',0,0,0,1,90,NULL,'2019-07-26 19:38:07',5,'2019-08-10 14:58:20',0,'2019-09-08 15:36:06',NULL),(91,'Amber','Thomas','amber.thomas@email.com','$2a$08$EfoMXblxEFhBxSCOxI/bju0G4oVwGgtCig6INKKOJbchvNw5XhoTW','th_b5f7bcfd-19fd-4997-9e78-3118c2bda861.jpg','1993-07-01','Tv maven. Proud alcohol enthusiast. Internet specialist. Problem solver. Bacon guru.',0,'2019-07-26 19:38:08','2019-07-26 19:38:08',0,0,0,1,91,NULL,'2019-07-26 19:38:08',5,'2019-08-10 14:58:20',0,'2019-09-08 15:36:06',NULL),(92,'Alexandra','Davis','alexandra.davis@email.com','$2a$08$EfoMXblxEFhBxSCOxI/bju0G4oVwGgtCig6INKKOJbchvNw5XhoTW','th_c78e0969-b55d-407e-969a-c7818a0e781c.jpg','1996-09-01','Food advocate. Student. Social media lover. Zombie expert. Internet fan. Certified problem solver. Coffee aficionado. Music scholar.',0,'2019-07-26 19:38:09','2019-07-26 19:38:09',0,0,0,1,92,NULL,'2019-07-26 19:38:09',5,'2019-08-10 14:58:20',0,'2019-09-08 15:36:06',NULL),(93,'Alicia','Saunders','alicia.saunders@email.com','$2a$08$EfoMXblxEFhBxSCOxI/bju0G4oVwGgtCig6INKKOJbchvNw5XhoTW','th_9e0861bd-bceb-4c12-8da8-fa0eb6f0adbe.jpg','1996-10-22','Subtly charming writer. Typical travel specialist. Organizer. Pop culture ninja.',0,'2019-07-26 19:38:09','2019-07-26 19:38:09',0,0,0,1,93,NULL,'2019-07-26 19:38:09',5,'2019-08-10 14:58:20',0,'2019-09-08 15:36:06',NULL),(94,'Poppy','Knight','poppy.knight@email.com','$2a$08$EfoMXblxEFhBxSCOxI/bju0G4oVwGgtCig6INKKOJbchvNw5XhoTW','th_ac027e0a-220a-46b1-af7d-ed8d58d5db64.jpg','1996-02-26','Web fan. Social media trailblazer. Amateur zombie lover. Music aficionado. Beer advocate. Certified twitter scholar. Tv geek. Coffee specialist. Alcohol junkie.',0,'2019-07-26 19:38:10','2019-07-26 19:38:10',0,0,0,1,94,NULL,'2019-07-26 19:38:10',5,'2019-08-10 14:58:20',0,'2019-09-08 15:36:06',NULL),(95,'Amber','Wright','amber.wright@email.com','$2a$08$EfoMXblxEFhBxSCOxI/bju0G4oVwGgtCig6INKKOJbchvNw5XhoTW','th_b3b92d72-d9db-4e19-838c-a8bec9f79b45.jpg','1999-06-16','Tv nerd. Devoted music trailblazer. Amateur thinker. Unable to type with boxing gloves on.',0,'2019-07-26 19:38:11','2019-07-26 19:38:11',0,0,0,1,95,NULL,'2019-07-26 19:38:11',5,'2019-08-10 14:58:20',0,'2019-09-08 15:36:06',NULL),(96,'Scarlett','Griffiths','scarlett.griffiths@email.com','$2a$08$EfoMXblxEFhBxSCOxI/bju0G4oVwGgtCig6INKKOJbchvNw5XhoTW','th_8df8ce0f-afce-44fd-aa9a-533f46a9f6a9.jpg','1995-12-17','Zombie nerd. Gamer. Twitter geek. Evil thinker. Hardcore bacon expert. Beer fanatic. Pop culture junkie. Music lover.',0,'2019-07-26 19:38:12','2019-07-26 19:38:12',0,0,0,1,96,NULL,'2019-07-26 19:38:12',5,'2019-08-10 14:58:20',0,'2019-09-08 15:36:06',NULL),(97,'Lilly','Anderson','lilly.anderson@email.com','$2a$08$EfoMXblxEFhBxSCOxI/bju0G4oVwGgtCig6INKKOJbchvNw5XhoTW','th_7c5271ad-ddee-43e6-b34d-12c18579594a.jpg','1999-01-16','Web nerd. Coffee scholar. Bacon trailblazer. Infuriatingly humble writer. Gamer. Tv practitioner.',0,'2019-07-26 19:38:13','2019-07-26 19:38:13',0,0,0,1,97,NULL,'2019-07-26 19:38:13',5,'2019-08-10 14:58:20',0,'2019-09-08 15:36:06',NULL),(98,'Isobel','Richardson','isobel.richardson@email.com','$2a$08$EfoMXblxEFhBxSCOxI/bju0G4oVwGgtCig6INKKOJbchvNw5XhoTW','th_778103a4-35d3-40ce-9170-ea1f90f35064.jpg','1991-03-18','Award-winning food geek. Tv fanatic. Travel expert. Proud beer trailblazer. Organizer. Bacon enthusiast. Communicator. Internet aficionado.',0,'2019-07-26 19:38:14','2019-07-26 19:38:14',0,0,0,1,98,NULL,'2019-07-26 19:38:14',5,'2019-08-10 14:58:20',0,'2019-09-08 15:36:06',NULL),(99,'Emily','Cox','emily.cox@email.com','$2a$08$EfoMXblxEFhBxSCOxI/bju0G4oVwGgtCig6INKKOJbchvNw5XhoTW','th_1272ad7f-aa84-4faa-adae-303511f7f1a9.jpg','1993-10-11','Unable to type with boxing gloves on. Beer expert. Troublemaker. Freelance introvert. Web advocate.',0,'2019-07-26 19:38:15','2019-07-26 19:38:15',0,0,0,1,99,NULL,'2019-07-26 19:38:15',5,'2019-08-10 14:58:20',0,'2019-09-08 15:36:06',NULL),(100,'Eloise','Thomson','eloise.thomson@email.com','$2a$08$EfoMXblxEFhBxSCOxI/bju0G4oVwGgtCig6INKKOJbchvNw5XhoTW','th_c3bbca8c-6b0a-490c-b6ae-ea1a472d2e55.jpg','1998-04-01','Food guru. Subtly charming troublemaker. Writer. Infuriatingly humble reader. General internet geek. Zombie ninja.',0,'2019-07-26 19:38:15','2019-07-26 19:38:15',0,0,0,1,100,NULL,'2019-07-26 19:38:15',5,'2019-08-10 14:58:20',0,'2019-09-08 15:36:06',NULL),(101,'Alexandra','Richardson','alexandra.richardson@email.com','$2a$08$EfoMXblxEFhBxSCOxI/bju0G4oVwGgtCig6INKKOJbchvNw5XhoTW','th_5ec3ad36-3e5d-4874-b3f2-c99e9ac5afea.jpg','1996-08-15','Music fanatic. Student. Pop culture expert. Bacon enthusiast. Food geek. Tv guru. Devoted creator.',0,'2019-07-26 19:38:16','2019-07-26 19:38:16',0,0,0,1,101,NULL,'2019-07-26 19:38:16',5,'2019-08-10 14:58:20',0,'2019-09-08 15:36:06',NULL),(102,'Evie','Lloyd','evie.lloyd@email.com','$2a$08$EfoMXblxEFhBxSCOxI/bju0G4oVwGgtCig6INKKOJbchvNw5XhoTW','th_2cb477fe-c6a3-4577-a4e7-e45cdc55bd32.jpg','1992-07-13','Student. Gamer. General travel specialist. Food aficionado. Award-winning organizer. Evil analyst.',0,'2019-07-26 19:38:17','2019-07-26 19:38:17',0,0,0,1,102,NULL,'2019-07-26 19:38:17',5,'2019-08-10 14:58:20',0,'2019-09-08 15:36:06',NULL),(103,'Alice','King','alice.king@email.com','$2a$08$EfoMXblxEFhBxSCOxI/bju0G4oVwGgtCig6INKKOJbchvNw5XhoTW','th_1a1e6817-ddad-4440-a789-421226015eea.jpg','1993-04-20','Food geek. Infuriatingly humble pop culture fanatic. Certified music ninja. Communicator. Organizer. Web buff.',0,'2019-07-26 19:38:18','2019-07-26 19:38:18',0,0,0,1,103,NULL,'2019-07-26 19:38:18',5,'2019-08-10 14:58:20',0,'2019-09-08 15:36:06',NULL),(104,'Salvatore','Rinaldi','salvatore.rinaldi@email.com','$2a$08$EfoMXblxEFhBxSCOxI/bju0G4oVwGgtCig6INKKOJbchvNw5XhoTW','th_469316fc-e022-4ea4-958a-8ee69ef49419.jpg','1994-02-26','Avid bacon trailblazer. Social media guru. Beer expert. Twitter nerd. Alcohol ninja. Web aficionado.',1,'2019-08-10 17:48:34','2019-08-10 17:48:34',0,0,0,1,104,NULL,'2019-08-10 17:48:33',0,'2019-08-10 17:48:33',0,'2019-09-08 15:36:06',NULL),(105,'Davide','Caputo','davide.caputo@email.com','$2a$08$EfoMXblxEFhBxSCOxI/bju0G4oVwGgtCig6INKKOJbchvNw5XhoTW','th_4c8a75d5-7da2-447c-9b30-1f4f6815b7a3.jpg','1992-11-13','Organizer. Wannabe beer ninja. Future teen idol. Creator. Professional tv nerd.',1,'2019-08-10 17:48:37','2019-08-10 17:48:37',0,0,0,1,105,NULL,'2019-08-10 17:48:37',0,'2019-08-10 17:48:37',0,'2019-09-08 15:36:06',NULL),(106,'Alex','Silvestri','alex.silvestri@email.com','$2a$08$EfoMXblxEFhBxSCOxI/bju0G4oVwGgtCig6INKKOJbchvNw5XhoTW','th_f6d8dcfc-09de-4c3d-8d40-15f45d238e80.jpg','1995-02-24','Wannabe twitter geek. Beer scholar. Zombieaholic. Food expert. Alcohol specialist. Social media lover. Web fanatic.',1,'2019-08-10 17:48:39','2019-08-10 17:48:39',0,0,0,1,106,NULL,'2019-08-10 17:48:39',0,'2019-08-10 17:48:39',0,'2019-09-08 15:36:06',NULL),(107,'Davide','Sala','davide.sala@email.com','$2a$08$EfoMXblxEFhBxSCOxI/bju0G4oVwGgtCig6INKKOJbchvNw5XhoTW','th_76349ac9-0111-456c-83ba-6872de180c6f.jpg','1991-10-11','Beer scholar. Amateur problem solver. Web ninja. Typical alcohol junkie. Incurable coffee buff. Reader. Twitter fanatic.',1,'2019-08-10 17:48:40','2019-08-10 17:48:40',0,0,0,1,107,NULL,'2019-08-10 17:48:40',0,'2019-08-10 17:48:40',0,'2019-09-08 15:36:06',NULL),(108,'Gianluca','Gentile','gianluca.gentile@email.com','$2a$08$EfoMXblxEFhBxSCOxI/bju0G4oVwGgtCig6INKKOJbchvNw5XhoTW','th_d1666f7b-848f-4a72-b551-807931c6ffc6.jpg','1992-10-22','Social media aficionado. Communicator. Organizer. Alcohol specialist. Twitter buff. Introvert. Award-winning writer. Web scholar.',1,'2019-08-10 17:48:41','2019-08-10 17:48:41',0,0,0,1,108,NULL,'2019-08-10 17:48:41',0,'2019-08-10 17:48:41',0,'2019-09-08 15:36:06',NULL),(109,'Fabio','Guerra','fabio.guerra@email.com','$2a$08$EfoMXblxEFhBxSCOxI/bju0G4oVwGgtCig6INKKOJbchvNw5XhoTW','th_c6692f0f-d6f1-45f4-aa19-5b5cd06ca4c3.jpg','1990-11-13','Organizer. Evil beer fan. Explorer. Music ninja. Pop culture scholar. Food lover.',1,'2019-08-10 17:48:42','2019-08-10 17:48:42',0,0,0,1,109,NULL,'2019-08-10 17:48:42',0,'2019-08-10 17:48:42',0,'2019-09-08 15:36:06',NULL),(110,'Fabio','Coppola','fabio.coppola@email.com','$2a$08$EfoMXblxEFhBxSCOxI/bju0G4oVwGgtCig6INKKOJbchvNw5XhoTW','th_a7092f0e-fd28-42f0-b9d7-db8c78acade6.jpg','1994-08-21','Coffee fanatic. Internet scholar. Organizer. Food fan. Explorer. Subtly charming beer advocate.',1,'2019-08-10 17:48:43','2019-08-10 17:48:43',0,0,0,1,110,NULL,'2019-08-10 17:48:43',0,'2019-08-10 17:48:43',0,'2019-09-08 15:36:06',NULL),(111,'Pietro','Salvi','pietro.salvi@email.com','$2a$08$EfoMXblxEFhBxSCOxI/bju0G4oVwGgtCig6INKKOJbchvNw5XhoTW','th_74e54b62-1a52-48a3-a682-ea42811f7936.jpg','1992-11-27','Devoted twitter fan. Professional reader. Zombie lover. Beer practitioner. Incurable creator.',1,'2019-08-10 17:48:44','2019-08-10 17:48:44',0,0,0,1,111,NULL,'2019-08-10 17:48:44',0,'2019-08-10 17:48:44',0,'2019-09-08 15:36:06',NULL),(112,'Paolo','Rossi','paolo.rossi@email.com','$2a$08$EfoMXblxEFhBxSCOxI/bju0G4oVwGgtCig6INKKOJbchvNw5XhoTW','th_b0b7687d-58b5-4224-893f-1c471e1c1cba.jpg','1995-07-29','Alcohol aficionado. Lifelong creator. Entrepreneur. Amateur food fan. Pop culture specialist. Proud reader. Thinker.',1,'2019-08-10 17:48:45','2019-08-10 17:48:45',0,0,0,1,112,NULL,'2019-08-10 17:48:45',0,'2019-08-10 17:48:45',0,'2019-09-08 15:36:06',NULL),(113,'Andrea','Longo','andrea.longo@email.com','$2a$08$EfoMXblxEFhBxSCOxI/bju0G4oVwGgtCig6INKKOJbchvNw5XhoTW','th_98dd4a2e-a2fa-4879-8a81-1b0804e81a9b.jpg','1994-11-18','Social media expert. Evil entrepreneur. Lifelong zombie lover. Unable to type with boxing gloves on. Proud foodaholic. Amateur writer.',1,'2019-08-10 17:48:46','2019-08-10 17:48:46',0,0,0,1,113,NULL,'2019-08-10 17:48:46',0,'2019-08-10 17:48:46',0,'2019-09-08 15:36:06',NULL),(114,'','','oleg.jurchenko@email.com','$2a$08$EfoMXblxEFhBxSCOxI/bju0G4oVwGgtCig6INKKOJbchvNw5XhoTW','th_bbe8017b-5c58-4269-97a4-c225047b58fd.jpg','1995-02-25','Troublemaker. Tv specialist. Typical writer. Beer fanatic. Creator. Web geek. Zombie maven.',1,'2019-08-10 17:48:47','2019-08-10 17:48:47',0,0,0,1,114,NULL,'2019-08-10 17:48:47',0,'2019-08-10 17:48:47',0,'2019-09-08 15:36:06',NULL),(115,'','','oskar.harinov@email.com','$2a$08$EfoMXblxEFhBxSCOxI/bju0G4oVwGgtCig6INKKOJbchvNw5XhoTW','th_518db44e-f081-476a-9362-3c6ced34ab25.jpg','1993-05-26','Food buff. Analyst. Tv ninja. Future teen idol. Reader. Professional gamer. Hipster-friendly alcohol junkie.',1,'2019-08-10 17:48:48','2019-08-10 17:48:48',0,0,0,1,115,NULL,'2019-08-10 17:48:48',0,'2019-08-10 17:48:48',0,'2019-09-08 15:36:06',NULL),(116,'','','vladimir.tsivilev@email.com','$2a$08$EfoMXblxEFhBxSCOxI/bju0G4oVwGgtCig6INKKOJbchvNw5XhoTW','th_6099cc48-a8a1-4565-9a9a-dc74c468e1c0.jpg','1995-03-04','Alcohol fanatic. Webaholic. Social media lover. Thinker. Wannabe music junkie.',1,'2019-08-10 17:48:49','2019-08-10 17:48:49',0,0,0,1,116,NULL,'2019-08-10 17:48:49',0,'2019-08-10 17:48:49',0,'2019-09-08 15:36:06',NULL),(117,'','','oleg.fomin@email.com','$2a$08$EfoMXblxEFhBxSCOxI/bju0G4oVwGgtCig6INKKOJbchvNw5XhoTW','th_9f13ef61-7f77-42ba-8072-64e1d3cab358.jpg','1992-06-19','Bacon practitioner. Pop culture junkie. Writer. Extreme reader. Food geek. Tv buff. Twitter maven. Internet lover. Entrepreneur.',1,'2019-08-10 17:48:51','2019-08-10 17:48:51',0,0,0,1,117,NULL,'2019-08-10 17:48:51',0,'2019-08-10 17:48:51',0,'2019-09-08 15:36:06',NULL),(118,'','','andrey.jakushev@email.com','$2a$08$EfoMXblxEFhBxSCOxI/bju0G4oVwGgtCig6INKKOJbchvNw5XhoTW','th_af471d2f-ed82-4133-a3c4-593ef3f52955.jpg','1992-04-19','Alcohol scholar. Web trailblazer. Entrepreneur. Music guru. Coffee junkie. Social media buff.',1,'2019-08-10 17:48:52','2019-08-10 17:48:52',0,0,0,1,118,NULL,'2019-08-10 17:48:52',0,'2019-08-10 17:48:52',0,'2019-09-08 15:36:06',NULL),(119,'Bailey','Murphy','bailey.murphy@email.com','$2a$08$EfoMXblxEFhBxSCOxI/bju0G4oVwGgtCig6INKKOJbchvNw5XhoTW','th_a0a88af7-4702-42c7-bcaf-8a1d4d22bef6.jpg','1991-09-16','Hipster-friendly alcohol nerd. Food geek. Explorer. Pop culture maven. Tv guru. Creator. Friendly twitter evangelist.',1,'2019-08-10 17:48:53','2019-08-10 17:48:53',0,0,0,1,119,NULL,'2019-08-10 17:48:53',0,'2019-08-10 17:48:53',0,'2019-09-08 15:36:06',NULL),(120,'Joshua','Mason','joshua.mason@email.com','$2a$08$EfoMXblxEFhBxSCOxI/bju0G4oVwGgtCig6INKKOJbchvNw5XhoTW','th_d74e7019-b860-4dac-b64c-7e444e0f24c0.jpg','1999-07-29','General internet geek. Avid zombie practitioner. Tv aficionado. Food specialist. Beer expert. Twitter fan. Subtly charming music scholar.',1,'2019-08-10 17:48:53','2019-08-10 17:48:53',0,0,0,1,120,NULL,'2019-08-10 17:48:53',0,'2019-08-10 17:48:53',0,'2019-09-08 15:36:06',NULL),(121,'Zak','Wright','zak.wright@email.com','$2a$08$EfoMXblxEFhBxSCOxI/bju0G4oVwGgtCig6INKKOJbchvNw5XhoTW','th_4815f728-9857-4f4b-8e8e-1b95d272d568.jpg','1989-02-11','Pop culture ninja. Amateur creator. Total analyst. Friendly web specialist. Social media buff. Infuriatingly humble thinker. Travel fanatic.',1,'2019-08-10 17:48:54','2019-08-10 17:48:54',0,0,0,1,121,NULL,'2019-08-10 17:48:54',0,'2019-08-10 17:48:54',0,'2019-09-08 15:36:06',NULL),(122,'Liam','Robinson','liam.robinson@email.com','$2a$08$EfoMXblxEFhBxSCOxI/bju0G4oVwGgtCig6INKKOJbchvNw5XhoTW','th_3efbed10-2bec-4862-bacc-f6feaeea8733.jpg','1990-08-10','Unapologetic music fan. Food guru. Travel specialist. Social media practitioner.',1,'2019-08-10 17:48:56','2019-08-10 17:48:56',0,0,0,1,122,NULL,'2019-08-10 17:48:56',0,'2019-08-10 17:48:56',0,'2019-09-08 15:36:06',NULL),(123,'Michael','Kelly','michael.kelly@email.com','$2a$08$EfoMXblxEFhBxSCOxI/bju0G4oVwGgtCig6INKKOJbchvNw5XhoTW','th_01681c15-9cb5-4a64-ab2e-5cdc391e4669.jpg','1990-06-19','Subtly charming troublemaker. Communicator. Analyst. Pop culture scholar. Total coffee buff.',1,'2019-08-10 17:48:57','2019-08-10 17:48:57',0,0,0,1,123,NULL,'2019-08-10 17:48:57',0,'2019-08-10 17:48:57',0,'2019-09-08 15:36:06',NULL),(124,'Antonio','Neri','antonio.neri@email.com','$2a$08$EfoMXblxEFhBxSCOxI/bju0G4oVwGgtCig6INKKOJbchvNw5XhoTW','th_325b7425-dd2d-45a2-a587-bfbd97c9f40a.jpg','1996-02-29','Internet nerd. Zombie expert. Pop culture lover. Writer. Amateur twitter advocate.',1,'2019-09-01 08:21:53','2019-09-01 08:21:53',0,0,0,1,124,NULL,'2019-09-01 08:21:53',0,'2019-09-01 08:21:53',0,'2019-09-08 15:36:06',NULL),(125,'Giorgio','Monti','giorgio.monti@email.com','$2a$08$EfoMXblxEFhBxSCOxI/bju0G4oVwGgtCig6INKKOJbchvNw5XhoTW','th_475ee8c2-5ee9-44c9-ace2-c4b6b0a1e13d.jpg','1996-01-24','Subtly charming analyst. Friendly internet guru. Beeraholic. Prone to fits of apathy. Explorer. Entrepreneur.',1,'2019-09-01 08:21:54','2019-09-01 08:21:54',0,0,0,1,125,NULL,'2019-09-01 08:21:54',0,'2019-09-01 08:21:54',0,'2019-09-08 15:36:06',NULL),(126,'Jacopo','Santoro','jacopo.santoro@email.com','$2a$08$EfoMXblxEFhBxSCOxI/bju0G4oVwGgtCig6INKKOJbchvNw5XhoTW','th_24aeaae0-f4c4-4f80-b975-fcf085c1bc75.jpg','1995-04-02','Tv practitioner. Infuriatingly humble coffee ninja. Friendly music fan. General twitter expert. Introvert.',1,'2019-09-01 08:21:55','2019-09-01 08:21:55',0,0,0,1,126,NULL,'2019-09-01 08:21:55',0,'2019-09-01 08:21:55',0,'2019-09-08 15:36:06',NULL),(127,'Davide','Palumbo','davide.palumbo@email.com','$2a$08$EfoMXblxEFhBxSCOxI/bju0G4oVwGgtCig6INKKOJbchvNw5XhoTW','th_5d81df8a-526a-48e2-8922-a649357a3c89.jpg','1997-04-15','Alcohol advocate. Social media fanatic. Proud twitter expert. Passionate bacon enthusiast. Falls down a lot.',1,'2019-09-01 08:21:56','2019-09-01 08:21:56',0,0,0,1,127,NULL,'2019-09-01 08:21:56',0,'2019-09-01 08:21:56',0,'2019-09-08 15:36:06',NULL),(128,'Mattia','Caputo','mattia.caputo@email.com','$2a$08$EfoMXblxEFhBxSCOxI/bju0G4oVwGgtCig6INKKOJbchvNw5XhoTW','th_c5a5fc2a-f852-41af-8e27-ee05f576335e.jpg','1996-08-07','Infuriatingly humble social media expert. Music guru. Freelance alcohol fan. Friend of animals everywhere.',1,'2019-09-01 08:21:57','2019-09-01 08:21:57',0,0,0,1,128,NULL,'2019-09-01 08:21:57',0,'2019-09-01 08:21:57',0,'2019-09-08 15:36:06',NULL),(129,'Enrico','Bruno','enrico.bruno@email.com','$2a$08$EfoMXblxEFhBxSCOxI/bju0G4oVwGgtCig6INKKOJbchvNw5XhoTW','th_1aebcfb7-5ee5-4ac4-8238-c93ff0993516.jpg','1998-04-09','Unapologetic thinker. Subtly charming web practitioner. General problem solver. Internet evangelist.',1,'2019-09-01 08:21:58','2019-09-01 08:21:58',0,0,0,1,129,NULL,'2019-09-01 08:21:58',0,'2019-09-01 08:21:58',0,'2019-09-08 15:36:06',NULL),(130,'Francesco','Damico','francesco.damico@email.com','$2a$08$EfoMXblxEFhBxSCOxI/bju0G4oVwGgtCig6INKKOJbchvNw5XhoTW','th_ad24df8e-3a92-4b74-af9c-7e390dc0d85e.jpg','1999-10-02','Bacon fanatic. Troublemaker. Proud tv nerd. Alcohol scholar. Beer trailblazer. Extreme introvert. Communicator.',1,'2019-09-01 08:21:58','2019-09-01 08:21:58',0,0,0,1,130,NULL,'2019-09-01 08:21:58',0,'2019-09-01 08:21:58',0,'2019-09-08 15:36:06',NULL),(131,'Luca','Morelli','luca.morelli@email.com','$2a$08$EfoMXblxEFhBxSCOxI/bju0G4oVwGgtCig6INKKOJbchvNw5XhoTW','th_127c3e7f-9f35-4782-bd46-e93bf08ebbba.jpg','1999-05-21','Infuriatingly humble zombie trailblazer. Writer. Friend of animals everywhere. Food fan.',1,'2019-09-01 08:21:59','2019-09-01 08:21:59',0,0,0,1,131,NULL,'2019-09-01 08:21:59',0,'2019-09-01 08:21:59',0,'2019-09-08 15:36:06',NULL),(132,'Andrea','Rizzi','andrea.rizzi@email.com','$2a$08$EfoMXblxEFhBxSCOxI/bju0G4oVwGgtCig6INKKOJbchvNw5XhoTW','th_f91eeac2-8ee8-4725-ba34-70b4d2223ec4.jpg','1994-03-17','Total twitter junkie. Student. Communicator. Falls down a lot. Alcohol evangelist. Beer lover.',1,'2019-09-01 08:22:00','2019-09-01 08:22:00',0,0,0,1,132,NULL,'2019-09-01 08:22:00',0,'2019-09-01 08:22:00',0,'2019-09-08 15:36:06',NULL),(133,'Davide','Martino','davide.martino@email.com','$2a$08$EfoMXblxEFhBxSCOxI/bju0G4oVwGgtCig6INKKOJbchvNw5XhoTW','th_a80e526f-51f3-4083-ab27-e689c5fe9e3d.jpg','1998-12-11','Prone to fits of apathy. Problem solver. Internet geek. Wannabe bacon practitioner. Tv enthusiast.',1,'2019-09-01 08:22:01','2019-09-01 08:22:01',0,0,0,1,133,NULL,'2019-09-01 08:22:01',0,'2019-09-01 08:22:01',0,'2019-09-08 15:36:06',NULL),(134,'','','vladimir.fadeev@email.com','$2a$08$EfoMXblxEFhBxSCOxI/bju0G4oVwGgtCig6INKKOJbchvNw5XhoTW','th_79f71c6c-cebe-4606-826c-c8726a5d2e82.jpg','1995-05-08','Web expert. Extreme analyst. Student. Introvert. Certified bacon junkie. Twitter evangelist.',1,'2019-09-01 08:22:03','2019-09-01 08:22:03',0,0,0,1,134,NULL,'2019-09-01 08:22:03',0,'2019-09-01 08:22:03',0,'2019-09-08 15:36:06',NULL),(135,'','','oleg.davidov@email.com','$2a$08$EfoMXblxEFhBxSCOxI/bju0G4oVwGgtCig6INKKOJbchvNw5XhoTW','th_4dc4f111-b682-4ee4-a6db-b248e8ea50d6.jpg','1997-08-08','Organizer. General web fan. Internet trailblazer. Pop culture fanatic. Typical beer advocate.',1,'2019-09-01 08:22:04','2019-09-01 08:22:04',0,0,0,1,135,NULL,'2019-09-01 08:22:04',0,'2019-09-01 08:22:04',0,'2019-09-08 15:36:06',NULL),(136,'','','bogdan.melnik@email.com','$2a$08$EfoMXblxEFhBxSCOxI/bju0G4oVwGgtCig6INKKOJbchvNw5XhoTW','th_74826b4b-87f5-40cf-adc1-bedd8385946b.jpg','1998-10-27','Friendly travel fan. Writer. Music specialist. Bacon advocate. Beer fanatic. Devoted tv aficionado. Web trailblazer.',1,'2019-09-01 08:22:04','2019-09-01 08:22:04',0,0,0,1,136,NULL,'2019-09-01 08:22:04',0,'2019-09-01 08:22:04',0,'2019-09-08 15:36:06',NULL),(137,'','','vlad.rumjantsev@email.com','$2a$08$EfoMXblxEFhBxSCOxI/bju0G4oVwGgtCig6INKKOJbchvNw5XhoTW','th_78664e05-7045-4d6c-8cd3-1f3b012794c2.jpg','1993-06-16','Web evangelist. Travel nerd. Coffee practitioner. Bacon enthusiast. Devoted gamer. Alcohol lover.',1,'2019-09-01 08:22:05','2019-09-01 08:22:05',0,0,0,1,137,NULL,'2019-09-01 08:22:05',0,'2019-09-01 08:22:05',0,'2019-09-08 15:36:06',NULL),(138,'','','trofim.jakovlev@email.com','$2a$08$EfoMXblxEFhBxSCOxI/bju0G4oVwGgtCig6INKKOJbchvNw5XhoTW','th_8a3d35f4-c4c4-479b-84cb-0cb2a3096718.jpg','1998-01-11','Amateur social media fanatic. Professional alcohol guru. Twitter advocate. Troublemaker.',1,'2019-09-01 08:22:06','2019-09-01 08:22:06',0,0,0,1,138,NULL,'2019-09-01 08:22:06',0,'2019-09-01 08:22:06',0,'2019-09-08 15:36:06',NULL),(139,'Muhammad','Smith','muhammad.smith@email.com','$2a$08$EfoMXblxEFhBxSCOxI/bju0G4oVwGgtCig6INKKOJbchvNw5XhoTW','th_872ade7b-e572-45fa-ae0c-ae16b7ec300b.jpg','1992-05-18','Food nerd. Professional gamer. Writer. Travel guru. Problem solver. Internet ninja. Bacon expert.',1,'2019-09-01 08:22:07','2019-09-01 08:22:07',0,0,0,1,139,NULL,'2019-09-01 08:22:07',0,'2019-09-01 08:22:07',0,'2019-09-08 15:36:06',NULL),(140,'Alfie','Martin','alfie.martin@email.com','$2a$08$EfoMXblxEFhBxSCOxI/bju0G4oVwGgtCig6INKKOJbchvNw5XhoTW','th_26a2aa5a-35a6-4874-8abc-c656531906e8.jpg','1990-05-10','General web scholar. Zombie expert. Creator. Reader. Food fanatic. Music aficionado. Coffee ninja.',1,'2019-09-01 08:22:08','2019-09-01 08:22:08',0,0,0,1,140,NULL,'2019-09-01 08:22:08',0,'2019-09-01 08:22:08',0,'2019-09-08 15:36:06',NULL),(141,'Jack','Richards','jack.richards@email.com','$2a$08$EfoMXblxEFhBxSCOxI/bju0G4oVwGgtCig6INKKOJbchvNw5XhoTW','th_33a198af-caa1-4952-b585-fc06d03054e3.jpg','1999-08-04','Student. Pop culture lover. Web evangelist. Friend of animals everywhere. Organizer. Reader. Music maven.',1,'2019-09-01 08:22:09','2019-09-01 08:22:09',0,0,0,1,141,NULL,'2019-09-01 08:22:09',0,'2019-09-01 08:22:09',0,'2019-09-08 15:36:06',NULL),(142,'Samuel','Walsh','samuel.walsh@email.com','$2a$08$EfoMXblxEFhBxSCOxI/bju0G4oVwGgtCig6INKKOJbchvNw5XhoTW','th_18458045-0c36-47f8-9cee-60966e1fe5fb.jpg','1990-02-04','Passionate web fanatic. Internet geek. Freelance coffee expert. General tv lover. Travel enthusiast. Subtly charming social media ninja.',1,'2019-09-01 08:22:10','2019-09-01 08:22:10',0,0,0,1,142,NULL,'2019-09-01 08:22:10',0,'2019-09-01 08:22:10',0,'2019-09-08 15:36:06',NULL),(143,'Corey','Owen','corey.owen@email.com','$2a$08$EfoMXblxEFhBxSCOxI/bju0G4oVwGgtCig6INKKOJbchvNw5XhoTW','th_7c134b7d-a511-43ee-9ed0-5841db5be289.jpg','1998-11-14','Amateur explorer. Alcohol ninja. Twitter fanatic. Infuriatingly humble social media buff.',1,'2019-09-01 08:22:11','2019-09-01 08:22:11',0,0,0,1,143,NULL,'2019-09-01 08:22:11',0,'2019-09-01 08:22:11',0,'2019-09-08 15:36:06',NULL),(144,'new firstname','new lastname','test@email.com','$2a$08$Sybz4WTQ2T2CaLpCXChQc.9moJ4ACPnE4VeyJmtmIWmhzTjDp2TSK',NULL,'1999-08-31',NULL,NULL,'2019-09-01 08:22:13','2019-09-01 08:22:13',0,0,0,1,NULL,NULL,'2019-09-01 08:22:13',0,'2019-09-01 08:22:13',0,'2019-09-08 15:36:06',NULL),(146,'Giorgio','Rinaldi','giorgio.rinaldi@email.com','$2a$08$EfoMXblxEFhBxSCOxI/bju0G4oVwGgtCig6INKKOJbchvNw5XhoTW','th_e7c0d515-81eb-481f-a0b9-f22170c98f6d.jpg','1998-02-23','General internet lover. Passionate food ninja. Twitter nerd. Music fanatic. Bacon scholar.',1,'2019-09-01 08:28:50','2019-09-01 08:28:50',0,0,0,1,144,NULL,'2019-09-01 08:28:50',0,'2019-09-01 08:28:50',0,'2019-09-08 15:36:06',NULL),(147,'Christian','Martini','christian.martini@email.com','$2a$08$EfoMXblxEFhBxSCOxI/bju0G4oVwGgtCig6INKKOJbchvNw5XhoTW','th_9aab1576-2ffa-40f7-8ad7-8917a8fdd43f.jpg','1993-04-05','Zombie buff. Explorer. Hipster-friendly entrepreneur. Troublemaker. Creator. Amateur baconaholic.',1,'2019-09-01 08:28:51','2019-09-01 08:28:51',0,0,0,1,145,NULL,'2019-09-01 08:28:51',0,'2019-09-01 08:28:51',0,'2019-09-08 15:36:06',NULL),(148,'Giacomo','Martinelli','giacomo.martinelli@email.com','$2a$08$EfoMXblxEFhBxSCOxI/bju0G4oVwGgtCig6INKKOJbchvNw5XhoTW','th_0c70e949-d56e-42ea-94b5-726886aa06cd.jpg','1998-06-21','Professional zombie geek. Social media fan. Web trailblazer. Introvert. Wannabe troublemaker. Student. Falls down a lot.',1,'2019-09-01 08:28:52','2019-09-01 08:28:52',0,0,0,1,146,NULL,'2019-09-01 08:28:52',0,'2019-09-01 08:28:52',0,'2019-09-08 15:36:06',NULL),(149,'Edoardo','Bernardi','edoardo.bernardi@email.com','$2a$08$EfoMXblxEFhBxSCOxI/bju0G4oVwGgtCig6INKKOJbchvNw5XhoTW','th_57911397-92c4-4bee-88a2-94aab22b2df2.jpg','1998-07-13','Bacon geek. Student. Proud web nerd. Pop culture aficionado. Coffee fanatic. Avid zombie evangelist.',1,'2019-09-01 08:28:53','2019-09-01 08:28:53',0,0,0,1,147,NULL,'2019-09-01 08:28:53',0,'2019-09-01 08:28:53',0,'2019-09-08 15:36:06',NULL),(150,'Federico','Mazza','federico.mazza@email.com','$2a$08$EfoMXblxEFhBxSCOxI/bju0G4oVwGgtCig6INKKOJbchvNw5XhoTW','th_983480eb-4d1f-493e-bedb-9a46a64e1484.jpg','1995-05-30','Food evangelist. Troublemaker. Award-winning travel lover. Subtly charming beer scholar.',1,'2019-09-01 08:28:54','2019-09-01 08:28:54',0,0,0,1,148,NULL,'2019-09-01 08:28:54',0,'2019-09-01 08:28:54',0,'2019-09-08 15:36:06',NULL),(151,'Salvatore','Lombardi','salvatore.lombardi@email.com','$2a$08$EfoMXblxEFhBxSCOxI/bju0G4oVwGgtCig6INKKOJbchvNw5XhoTW','th_375c5f4b-98dd-44e9-b7bb-2e3835c39b7b.jpg','1992-02-20','Coffee fanatic. Troublemaker. Writer. Organizer. Proud twitter lover. General analyst. Travel practitioner. Web buff. Alcohol ninja.',1,'2019-09-01 08:28:55','2019-09-01 08:28:55',0,0,0,1,149,NULL,'2019-09-01 08:28:55',0,'2019-09-01 08:28:55',0,'2019-09-08 15:36:06',NULL),(152,'Michele','Valentini','michele.valentini@email.com','$2a$08$EfoMXblxEFhBxSCOxI/bju0G4oVwGgtCig6INKKOJbchvNw5XhoTW','th_711ad65a-eec9-4243-84ca-35d47a0b53fb.jpg','1994-04-09','Food guru. Reader. Explorer. Social media evangelist. Infuriatingly humble organizer.',1,'2019-09-01 08:28:56','2019-09-01 08:28:56',0,0,0,1,150,NULL,'2019-09-01 08:28:56',0,'2019-09-01 08:28:56',0,'2019-09-08 15:36:06',NULL),(153,'Marco','Damico','marco.damico@email.com','$2a$08$EfoMXblxEFhBxSCOxI/bju0G4oVwGgtCig6INKKOJbchvNw5XhoTW','th_8890aba0-8955-4832-8d81-ce1ea1ab37f4.jpg','1991-07-31','Professional coffee maven. Communicator. Freelance reader. Twitter practitioner. Bacon fan. Social media geek. Passionate food lover.',1,'2019-09-01 08:28:57','2019-09-01 08:28:57',0,0,0,1,151,NULL,'2019-09-01 08:28:57',0,'2019-09-01 08:28:57',0,'2019-09-08 15:36:06',NULL),(154,'Gianluca','Pellegrin','gianluca.pellegrin@email.com','$2a$08$EfoMXblxEFhBxSCOxI/bju0G4oVwGgtCig6INKKOJbchvNw5XhoTW','th_f14955b0-78ad-411e-a35a-cfc5be0deaa0.jpg','1989-09-17','Internet trailblazer. Incurable gamer. Extreme thinker. Introvert. Beer evangelist. Twitter ninja.',1,'2019-09-01 08:28:58','2019-09-01 08:28:58',0,0,0,1,152,NULL,'2019-09-01 08:28:58',0,'2019-09-01 08:28:58',0,'2019-09-08 15:36:06',NULL),(155,'Alessandro','Negri','alessandro.negri@email.com','$2a$08$EfoMXblxEFhBxSCOxI/bju0G4oVwGgtCig6INKKOJbchvNw5XhoTW','th_83954d25-3efd-49ce-aa23-314c527234fb.jpg','1998-07-27','Avid social media fanatic. Unapologetic twitter expert. Wannabe introvert. Travel advocate.',1,'2019-09-01 08:28:58','2019-09-01 08:28:58',0,0,0,1,153,NULL,'2019-09-01 08:28:58',0,'2019-09-01 08:28:58',0,'2019-09-08 15:36:06',NULL),(156,'','','danil.ribalko@email.com','$2a$08$EfoMXblxEFhBxSCOxI/bju0G4oVwGgtCig6INKKOJbchvNw5XhoTW','th_5e6ca599-1a72-4a3b-93b8-54415aec5bcb.jpg','1993-03-11','Creator. Zombie guru. Avid beer evangelist. Social media aficionado. Wannabe explorer.',1,'2019-09-01 08:29:00','2019-09-01 08:29:00',0,0,0,1,154,NULL,'2019-09-01 08:29:00',0,'2019-09-01 08:29:00',0,'2019-09-08 15:36:06',NULL),(157,'','','pavel.grigorev@email.com','$2a$08$EfoMXblxEFhBxSCOxI/bju0G4oVwGgtCig6INKKOJbchvNw5XhoTW','th_f9e52fc9-0904-402e-8919-7058eacacae8.jpg','1997-05-29','Total explorer. Travel scholar. Internet advocate. Analyst. Organizer. Tv buff. Zombie guru.',1,'2019-09-01 08:29:01','2019-09-01 08:29:01',0,0,0,1,155,NULL,'2019-09-01 08:29:01',0,'2019-09-01 08:29:01',0,'2019-09-08 15:36:06',NULL),(158,'','','vladimir.fomin@email.com','$2a$08$EfoMXblxEFhBxSCOxI/bju0G4oVwGgtCig6INKKOJbchvNw5XhoTW','th_4daf73b3-6d1b-41a3-8e71-1ed8b7d3fec2.jpg','1992-07-14','Hipster-friendly communicator. Social media fanatic. Travel ninja. Music nerd. Alcohol trailblazer. Student. Prone to fits of apathy.',1,'2019-09-01 08:29:03','2019-09-01 08:29:03',0,0,0,1,156,NULL,'2019-09-01 08:29:03',0,'2019-09-01 08:29:03',0,'2019-09-08 15:36:06',NULL),(159,'Stefano','Messina','stefano.messina@email.com','$2a$08$EfoMXblxEFhBxSCOxI/bju0G4oVwGgtCig6INKKOJbchvNw5XhoTW','th_f226fde2-60ab-441f-a20e-f47128275821.jpg','1997-01-16','Unable to type with boxing gloves on. Hardcore web scholar. Travel maven. Reader.',1,'2019-09-08 16:47:54','2019-09-08 16:47:54',0,0,0,1,157,NULL,'2019-09-08 16:47:54',0,'2019-09-08 16:47:54',0,'2019-09-08 16:47:54',NULL),(160,'Salvatore','Farina','salvatore.farina@email.com','$2a$08$EfoMXblxEFhBxSCOxI/bju0G4oVwGgtCig6INKKOJbchvNw5XhoTW','th_a95cff23-4fef-4360-a0f7-c50c0d3fd9ce.jpg','1997-01-25','Social media specialist. Writer. Falls down a lot. Tv ninja.',1,'2019-09-08 16:47:55','2019-09-08 16:47:55',0,0,0,1,158,NULL,'2019-09-08 16:47:55',0,'2019-09-08 16:47:55',0,'2019-09-08 16:47:55',NULL),(161,'Tommaso','Fiore','tommaso.fiore@email.com','$2a$08$EfoMXblxEFhBxSCOxI/bju0G4oVwGgtCig6INKKOJbchvNw5XhoTW','th_93132f1c-0a75-4fce-8bcf-35a86f35dee2.jpg','1994-03-07','Web specialist. General beer ninja. Creator. Analyst. Music junkie. Twitter expert. Bacon aficionado. Internet fanatic.',1,'2019-09-08 16:47:56','2019-09-08 16:47:56',0,0,0,1,159,NULL,'2019-09-08 16:47:56',0,'2019-09-08 16:47:56',0,'2019-09-08 16:47:56',NULL),(162,'Giulio','Ricci','giulio.ricci@email.com','$2a$08$EfoMXblxEFhBxSCOxI/bju0G4oVwGgtCig6INKKOJbchvNw5XhoTW','th_73835d9e-d780-42a0-a851-a4293258c1f7.jpg','1992-05-17','Hipster-friendly bacon specialist. Incurable organizer. Entrepreneur. Alcohol fan. Music buff. Reader.',1,'2019-09-08 16:47:57','2019-09-08 16:47:57',0,0,0,1,160,NULL,'2019-09-08 16:47:57',0,'2019-09-08 16:47:57',0,'2019-09-08 16:47:57',NULL),(163,'Giovanni','Conte','giovanni.conte@email.com','$2a$08$EfoMXblxEFhBxSCOxI/bju0G4oVwGgtCig6INKKOJbchvNw5XhoTW','th_67c9324f-b15a-42b4-933e-5af662a7d4fe.jpg','1999-03-21','Social media nerd. Unapologetic pop culture guru. Friend of animals everywhere. Problem solver. Reader. Travel maven. Music practitioner.',1,'2019-09-08 16:47:57','2019-09-08 16:47:57',0,0,0,1,161,NULL,'2019-09-08 16:47:57',0,'2019-09-08 16:47:57',0,'2019-09-08 16:47:57',NULL),(164,'Marco','Giuliani','marco.giuliani@email.com','$2a$08$EfoMXblxEFhBxSCOxI/bju0G4oVwGgtCig6INKKOJbchvNw5XhoTW','th_89550da8-a0f5-4b92-9e91-f16625f8a5bf.jpg','1999-03-06','Pop culture expert. Coffee trailblazer. Devoted twitter aficionado.',1,'2019-09-08 16:47:59','2019-09-08 16:47:59',0,0,0,1,162,NULL,'2019-09-08 16:47:59',0,'2019-09-08 16:47:59',0,'2019-09-08 16:47:59',NULL),(165,'Federico','Pellegrin','federico.pellegrin@email.com','$2a$08$EfoMXblxEFhBxSCOxI/bju0G4oVwGgtCig6INKKOJbchvNw5XhoTW','th_26aa7d02-d402-426c-8ba1-2bc1d5fdff03.jpg','1990-08-06','Subtly charming twitter buff. Freelance social media maven. Problem solver. Zombie guru.',1,'2019-09-08 16:48:00','2019-09-08 16:48:00',0,0,0,1,163,NULL,'2019-09-08 16:48:00',0,'2019-09-08 16:48:00',0,'2019-09-08 16:48:00',NULL),(166,'Nicol','Leone','nicol.leone@email.com','$2a$08$EfoMXblxEFhBxSCOxI/bju0G4oVwGgtCig6INKKOJbchvNw5XhoTW','th_c6a2b5e3-7ee8-499b-b98b-a16aaabc9b99.jpg','1998-08-09','Food fanatic. Evil web aficionado. Travel buff. Hipster-friendly organizer. Avid pop culture specialist. Introvert.',1,'2019-09-08 16:48:01','2019-09-08 16:48:01',0,0,0,1,164,NULL,'2019-09-08 16:48:01',0,'2019-09-08 16:48:01',0,'2019-09-08 16:48:01',NULL),(167,'Alberto','Palmieri','alberto.palmieri@email.com','$2a$08$EfoMXblxEFhBxSCOxI/bju0G4oVwGgtCig6INKKOJbchvNw5XhoTW','th_910828f5-23fd-4ef7-bb9a-c53dc15b8791.jpg','1993-03-30','Food geek. Coffee lover. Social media nerd. Total problem solver. Communicator. Typical pop culture expert. Organizer.',1,'2019-09-08 16:48:02','2019-09-08 16:48:02',0,0,0,1,165,NULL,'2019-09-08 16:48:02',0,'2019-09-08 16:48:02',0,'2019-09-08 16:48:02',NULL),(168,'Vincenzo','Testa','vincenzo.testa@email.com','$2a$08$EfoMXblxEFhBxSCOxI/bju0G4oVwGgtCig6INKKOJbchvNw5XhoTW','th_cd4c8fb2-92ca-4b70-9ea8-f7cae4ff5a71.jpg','1999-06-27','Introvert. Devoted travel trailblazer. Amateur beer enthusiast. Proud coffee buff. Analyst.',1,'2019-09-08 16:48:03','2019-09-08 16:48:03',0,0,0,1,166,NULL,'2019-09-08 16:48:03',0,'2019-09-08 16:48:03',0,'2019-09-08 16:48:03',NULL),(169,'','','vladimir.davidov@email.com','$2a$08$EfoMXblxEFhBxSCOxI/bju0G4oVwGgtCig6INKKOJbchvNw5XhoTW','th_5c10039c-6fee-41c5-9140-8da6a459ba76.jpg','1989-05-05','Music buff. Zombie ninja. Unapologetic problem solver. Evil organizer. Internet evangelist.',1,'2019-09-08 16:48:04','2019-09-08 16:48:04',0,0,0,1,167,NULL,'2019-09-08 16:48:04',0,'2019-09-08 16:48:04',0,'2019-09-08 16:48:04',NULL),(170,'','','maksim.oshukov@email.com','$2a$08$EfoMXblxEFhBxSCOxI/bju0G4oVwGgtCig6INKKOJbchvNw5XhoTW','th_85c17a15-c445-4ee1-b9ad-a56b0414da40.jpg','1999-09-13','Freelance pop culture fanatic. Music fan. Troublemaker. Tv geek. Twitter junkie. Extreme reader. Web scholar.',1,'2019-09-08 16:48:05','2019-09-08 16:48:05',0,0,0,1,168,NULL,'2019-09-08 16:48:05',0,'2019-09-08 16:48:05',0,'2019-09-08 16:48:05',NULL),(171,'','','stepan.zhuravlev@email.com','$2a$08$EfoMXblxEFhBxSCOxI/bju0G4oVwGgtCig6INKKOJbchvNw5XhoTW','th_afd07355-b49a-439f-bca2-b9172c7cf7aa.jpg','1997-10-31','Beer maven. Bacon aficionado. Music expert. Analyst. Coffee enthusiast. Pop culture nerd.',1,'2019-09-08 16:48:06','2019-09-08 16:48:06',0,0,0,1,169,NULL,'2019-09-08 16:48:06',0,'2019-09-08 16:48:06',0,'2019-09-08 16:48:06',NULL),(172,'','','danil.kuznetsov@email.com','$2a$08$EfoMXblxEFhBxSCOxI/bju0G4oVwGgtCig6INKKOJbchvNw5XhoTW','th_6423b570-96e8-4c9e-8524-e7bf21485aa8.jpg','1990-09-19','Analyst. Internet evangelist. Avid coffee ninja. Organizer. Proud creator. Social media fan.',1,'2019-09-08 16:48:07','2019-09-08 16:48:07',0,0,0,1,170,NULL,'2019-09-08 16:48:07',0,'2019-09-08 16:48:07',0,'2019-09-08 16:48:07',NULL),(173,'','','nikita.kovalev@email.com','$2a$08$EfoMXblxEFhBxSCOxI/bju0G4oVwGgtCig6INKKOJbchvNw5XhoTW','th_c22a7b16-b064-46ce-8082-84a74eca8a0c.jpg','1999-04-10','Writer. Wannabe bacon aficionado. Web enthusiast. Introvert. Professional zombie fanatic.',1,'2019-09-08 16:48:08','2019-09-08 16:48:08',0,0,0,1,171,NULL,'2019-09-08 16:48:08',0,'2019-09-08 16:48:08',0,'2019-09-08 16:48:08',NULL),(174,'Mohammed','Griffiths','mohammed.griffiths@email.com','$2a$08$EfoMXblxEFhBxSCOxI/bju0G4oVwGgtCig6INKKOJbchvNw5XhoTW','th_cc464769-a6fe-4fbf-a535-b28fe45e9adf.jpg','1989-04-16','Passionate entrepreneur. Explorer. Food expert. Travel lover. Writer. Tvaholic. Creator. Organizer.',1,'2019-09-08 16:48:09','2019-09-08 16:48:09',0,0,0,1,172,NULL,'2019-09-08 16:48:09',0,'2019-09-08 16:48:09',0,'2019-09-08 16:48:09',NULL),(175,'Joe','Graham','joe.graham@email.com','$2a$08$EfoMXblxEFhBxSCOxI/bju0G4oVwGgtCig6INKKOJbchvNw5XhoTW','th_6be04852-dc3c-40c5-856a-810fbc3c9e77.jpg','1997-02-21','Travel fan. Certified bacon evangelist. Introvert. Alcohol practitioner. Award-winning beer guru. Social media fanatic.',1,'2019-09-08 16:48:10','2019-09-08 16:48:10',0,0,0,1,173,NULL,'2019-09-08 16:48:10',0,'2019-09-08 16:48:10',0,'2019-09-08 16:48:10',NULL),(176,'Finley','Richards','finley.richards@email.com','$2a$08$EfoMXblxEFhBxSCOxI/bju0G4oVwGgtCig6INKKOJbchvNw5XhoTW','th_66b0b7a1-6e37-4355-97e5-315210b570da.jpg','1989-11-03','Music advocate. Zombie scholar. Subtly charming organizer. Certified food ninja.',1,'2019-09-08 16:48:12','2019-09-08 16:48:12',0,0,0,1,174,NULL,'2019-09-08 16:48:12',0,'2019-09-08 16:48:12',0,'2019-09-08 16:48:12',NULL),(177,'Sam','Bennett','sam.bennett@email.com','$2a$08$EfoMXblxEFhBxSCOxI/bju0G4oVwGgtCig6INKKOJbchvNw5XhoTW','th_07b76794-60e4-4cd9-ad24-b3f15b4fe10e.jpg','1991-07-09','Coffee specialist. Musicaholic. Creator. Passionate pop culture maven. Friendly web fan. Tv lover. Bacon nerd.',1,'2019-09-08 16:48:13','2019-09-08 16:48:13',0,0,0,1,175,NULL,'2019-09-08 16:48:13',0,'2019-09-08 16:48:13',0,'2019-09-08 16:48:13',NULL),(178,'Joe','Adams','joe.adams@email.com','$2a$08$EfoMXblxEFhBxSCOxI/bju0G4oVwGgtCig6INKKOJbchvNw5XhoTW','th_97cc831f-3db6-42e1-9e08-63542117a5c3.jpg','1996-05-08','Travel evangelist. Devoted alcohol enthusiast. Zombie geek. Social media fan. Creator.',1,'2019-09-08 16:48:14','2019-09-08 16:48:14',0,0,0,1,176,NULL,'2019-09-08 16:48:14',0,'2019-09-08 16:48:14',0,'2019-09-08 16:48:14',NULL),(180,'Luigi','Bianco','luigi.bianco@email.com','$2a$08$EfoMXblxEFhBxSCOxI/bju0G4oVwGgtCig6INKKOJbchvNw5XhoTW','th_f698c5ed-71c2-4144-9fe7-facd56c78724.jpg','1997-12-25','Explorer. Wannabe twitter guru. Bacon scholar. Social media nerd. Food buff. Internet fanatic.',1,'2019-09-08 16:49:14','2019-09-08 16:49:14',0,0,0,1,177,NULL,'2019-09-08 16:49:14',0,'2019-09-08 16:49:14',0,'2019-09-08 16:49:14',NULL),(181,'Valerio','Grassi','valerio.grassi@email.com','$2a$08$EfoMXblxEFhBxSCOxI/bju0G4oVwGgtCig6INKKOJbchvNw5XhoTW','th_8a679ad8-f067-40e9-9999-a2a7e8a4e9c3.jpg','1989-08-09','Evil twitter advocate. Devoted beer fanatic. Writer. Baconaholic. Typical gamer. Explorer.',1,'2019-09-08 16:49:15','2019-09-08 16:49:15',0,0,0,1,178,NULL,'2019-09-08 16:49:15',0,'2019-09-08 16:49:15',0,'2019-09-08 16:49:15',NULL),(182,'Giovanni','Caputo','giovanni.caputo@email.com','$2a$08$EfoMXblxEFhBxSCOxI/bju0G4oVwGgtCig6INKKOJbchvNw5XhoTW','th_4a085fd4-1438-4010-8c28-e1095d2f96e3.jpg','1992-05-04','Evil bacon advocate. Twitter ninja. Coffee fan. Organizer. Beer lover. Extreme gamer.',1,'2019-09-08 16:49:17','2019-09-08 16:49:17',0,0,0,1,179,NULL,'2019-09-08 16:49:17',0,'2019-09-08 16:49:17',0,'2019-09-08 16:49:17',NULL),(183,'Giulio','Palumbo','giulio.palumbo@email.com','$2a$08$EfoMXblxEFhBxSCOxI/bju0G4oVwGgtCig6INKKOJbchvNw5XhoTW','th_25abf9d1-b8ae-42c9-bc8d-acf01bc78571.jpg','1994-06-14','Unapologetic internet trailblazer. Web junkie. Communicator. Pop culture fanatic.',1,'2019-09-08 16:49:19','2019-09-08 16:49:19',0,0,0,1,180,NULL,'2019-09-08 16:49:19',0,'2019-09-08 16:49:19',0,'2019-09-08 16:49:19',NULL),(184,'Angelo','Guerra','angelo.guerra@email.com','$2a$08$EfoMXblxEFhBxSCOxI/bju0G4oVwGgtCig6INKKOJbchvNw5XhoTW','th_62f5f345-66e8-4a3e-a59b-2be22469da46.jpg','1995-10-15','Total entrepreneur. Writer. Coffee maven. Evil twitter fanatic. Food evangelist. Proud bacon ninja.',1,'2019-09-08 16:49:20','2019-09-08 16:49:20',0,0,0,1,181,NULL,'2019-09-08 16:49:20',0,'2019-09-08 16:49:20',0,'2019-09-08 16:49:20',NULL),(185,'Salvatore','Morelli','salvatore.morelli@email.com','$2a$08$EfoMXblxEFhBxSCOxI/bju0G4oVwGgtCig6INKKOJbchvNw5XhoTW','th_00b53a6f-f22f-4af5-aeed-1146fe2362c2.jpg','1996-08-06','Evil creator. Introvert. Unapologetic pop culture geek. Typical beer fanatic.',1,'2019-09-08 16:49:21','2019-09-08 16:49:21',0,0,0,1,182,NULL,'2019-09-08 16:49:21',0,'2019-09-08 16:49:21',0,'2019-09-08 16:49:21',NULL),(186,'Mattia','Fabbri','mattia.fabbri@email.com','$2a$08$EfoMXblxEFhBxSCOxI/bju0G4oVwGgtCig6INKKOJbchvNw5XhoTW','th_8c74a273-96ae-4249-bf1b-39d3217b4550.jpg','1990-02-14','General reader. Thinker. Pop culture buff. Alcoholaholic. Music evangelist. Internet fan. Friendly social media practitioner. Unapologetic food aficionado.',1,'2019-09-08 16:49:23','2019-09-08 16:49:23',0,0,0,1,183,NULL,'2019-09-08 16:49:23',0,'2019-09-08 16:49:23',0,'2019-09-08 16:49:23',NULL),(187,'Stefano','Negri','stefano.negri@email.com','$2a$08$EfoMXblxEFhBxSCOxI/bju0G4oVwGgtCig6INKKOJbchvNw5XhoTW','th_888410f2-8e5b-4f1f-a03c-9b1f79ee96d3.jpg','1990-01-22','Music junkie. Alcohol lover. Bacon ninja. Thinker. Food buff. Tv nerd. Prone to fits of apathy. Beer geek.',1,'2019-09-08 16:49:24','2019-09-08 16:49:24',0,0,0,1,184,NULL,'2019-09-08 16:49:24',0,'2019-09-08 16:49:24',0,'2019-09-08 16:49:24',NULL),(188,'Nicol','Giordano','nicol.giordano@email.com','$2a$08$EfoMXblxEFhBxSCOxI/bju0G4oVwGgtCig6INKKOJbchvNw5XhoTW','th_139a674b-660d-419f-9407-3939f8bae057.jpg','1992-11-11','Food lover. Certified musicaholic. Reader. Bacon fan. Organizer. Typical pop culture geek. Hipster-friendly tv scholar.',1,'2019-09-08 16:49:25','2019-09-08 16:49:25',0,0,0,1,185,NULL,'2019-09-08 16:49:25',0,'2019-09-08 16:49:25',0,'2019-09-08 16:49:25',NULL),(189,'Claudio','Vitale','claudio.vitale@email.com','$2a$08$EfoMXblxEFhBxSCOxI/bju0G4oVwGgtCig6INKKOJbchvNw5XhoTW','th_13720142-1cb3-4b60-8921-6f2fbc145650.jpg','1991-09-08','Social media practitioner. General twitter junkie. Problem solver. Tv advocate. Infuriatingly humble writer.',1,'2019-09-08 16:49:26','2019-09-08 16:49:26',0,0,0,1,186,NULL,'2019-09-08 16:49:26',0,'2019-09-08 16:49:26',0,'2019-09-08 16:49:26',NULL),(190,'','','lev.tsvetkov@email.com','$2a$08$EfoMXblxEFhBxSCOxI/bju0G4oVwGgtCig6INKKOJbchvNw5XhoTW','th_cff20db2-c1b4-4438-b867-1d38b60ab08c.jpg','1989-08-01','Tv expert. Falls down a lot. Creator. Internet enthusiast. Proud coffee guru. Unable to type with boxing gloves on. Thinker.',1,'2019-09-08 16:49:27','2019-09-08 16:49:27',0,0,0,1,187,NULL,'2019-09-08 16:49:27',0,'2019-09-08 16:49:27',0,'2019-09-08 16:49:27',NULL),(191,'','','boris.vladimirov@email.com','$2a$08$EfoMXblxEFhBxSCOxI/bju0G4oVwGgtCig6INKKOJbchvNw5XhoTW','th_b7e652bb-213f-48af-a74a-a5186a09dc91.jpg','1991-10-07','Friendly twitter specialist. Tv geek. Internet buff. Social media practitioner. Travel maven. Passionate troublemaker.',1,'2019-09-08 16:49:28','2019-09-08 16:49:28',0,0,0,1,188,NULL,'2019-09-08 16:49:28',0,'2019-09-08 16:49:28',0,'2019-09-08 16:49:28',NULL),(192,'','','feliks.ermolin@email.com','$2a$08$EfoMXblxEFhBxSCOxI/bju0G4oVwGgtCig6INKKOJbchvNw5XhoTW','th_77c8f0ac-3c5e-45e9-b4fd-7bffac26b0fa.jpg','1989-08-31','Explorer. Pop culture trailblazer. Coffee expert. Devoted zombie fan. Typical food fanatic.',1,'2019-09-08 16:49:30','2019-09-08 16:49:30',0,0,0,1,189,NULL,'2019-09-08 16:49:30',0,'2019-09-08 16:49:30',0,'2019-09-08 16:49:30',NULL),(193,'','','gennadiy.utkin@email.com','$2a$08$EfoMXblxEFhBxSCOxI/bju0G4oVwGgtCig6INKKOJbchvNw5XhoTW','th_fda5f940-8deb-4132-81e3-f3ec6ff5c433.jpg','1999-07-14','Social media enthusiast. Tv trailblazer. Music ninja. Incurable student. Wannabe alcohol scholar.',1,'2019-09-08 16:49:32','2019-09-08 16:49:32',0,0,0,1,190,NULL,'2019-09-08 16:49:32',0,'2019-09-08 16:49:32',0,'2019-09-08 16:49:32',NULL),(194,'','','lev.utkin@email.com','$2a$08$EfoMXblxEFhBxSCOxI/bju0G4oVwGgtCig6INKKOJbchvNw5XhoTW','th_7ca81041-949b-4905-b3cd-69d64e7f9a89.jpg','1996-09-11','Gamer. Friendly bacon scholar. Award-winning thinker. Devoted tv evangelist. Introvert. Lifelong twitter expert. Student. Future teen idol.',1,'2019-09-08 16:49:33','2019-09-08 16:49:33',0,0,0,1,191,NULL,'2019-09-08 16:49:33',0,'2019-09-08 16:49:33',0,'2019-09-08 16:49:33',NULL),(195,'Sebastian','Scott','sebastian.scott@email.com','$2a$08$EfoMXblxEFhBxSCOxI/bju0G4oVwGgtCig6INKKOJbchvNw5XhoTW','th_c7c43af7-6de8-45e5-a39a-f2ad58fd5dcd.jpg','1999-07-12','Typical coffee trailblazer. Bacon specialist. General pop culture expert. Avid problem solver.',1,'2019-09-08 16:49:34','2019-09-08 16:49:34',0,0,0,1,192,NULL,'2019-09-08 16:49:34',0,'2019-09-08 16:49:34',0,'2019-09-08 16:49:34',NULL),(196,'Leon','Watson','leon.watson@email.com','$2a$08$EfoMXblxEFhBxSCOxI/bju0G4oVwGgtCig6INKKOJbchvNw5XhoTW','th_b61e067d-fc99-4481-a741-069e95c50705.jpg','1995-11-05','Beer evangelist. Infuriatingly humble student. Devoted tv advocate. Reader. Certified twitter lover.',1,'2019-09-08 16:49:36','2019-09-08 16:49:36',0,0,0,1,193,NULL,'2019-09-08 16:49:36',0,'2019-09-08 16:49:36',0,'2019-09-08 16:49:36',NULL),(197,'Edward','Collins','edward.collins@email.com','$2a$08$EfoMXblxEFhBxSCOxI/bju0G4oVwGgtCig6INKKOJbchvNw5XhoTW','th_8c0532a4-de6f-47d3-aabf-123dff2497a4.jpg','1991-03-15','Music fanatic. Web practitioner. Analyst. General twitter advocate. Beer fan. Award-winning travel maven. Explorer.',1,'2019-09-08 16:49:38','2019-09-08 16:49:38',0,0,0,1,194,NULL,'2019-09-08 16:49:38',0,'2019-09-08 16:49:38',0,'2019-09-08 16:49:38',NULL),(198,'Jake','Holmes','jake.holmes@email.com','$2a$08$EfoMXblxEFhBxSCOxI/bju0G4oVwGgtCig6INKKOJbchvNw5XhoTW','th_19450642-1164-4799-975a-29bd4b0a7145.jpg','1997-02-21','Devoted web practitioner. Student. Extreme twitter ninja. Internet specialist. Award-winning coffee junkie. Explorer. Proud tv lover. General music fan.',1,'2019-09-08 16:49:39','2019-09-08 16:49:39',0,0,0,1,195,NULL,'2019-09-08 16:49:39',0,'2019-09-08 16:49:39',0,'2019-09-08 16:49:39',NULL),(199,'Mohammad','Hughes','mohammad.hughes@email.com','$2a$08$EfoMXblxEFhBxSCOxI/bju0G4oVwGgtCig6INKKOJbchvNw5XhoTW','th_60cf106d-4172-46cd-952c-c5b692577ed9.jpg','1997-05-25','Travel specialist. Incurable gamer. Web fan. Proud tv aficionado. Alcohol fanatic. Student. Evil creator. Certified communicator.',1,'2019-09-08 16:49:40','2019-09-08 16:49:40',0,0,0,1,196,NULL,'2019-09-08 16:49:40',0,'2019-09-08 16:49:40',0,'2019-09-08 16:49:40',NULL),(201,'Alex','Conti','alex.conti@email.com','$2a$08$EfoMXblxEFhBxSCOxI/bju0G4oVwGgtCig6INKKOJbchvNw5XhoTW','th_c43cca6a-2012-41b6-8b73-3fbbb815272a.jpg','1993-02-20','Friendly student. Avid pop culture evangelist. Gamer. Introvert. Unapologetic twitter expert.',1,'2019-09-08 16:51:26','2019-09-08 16:51:26',0,0,0,1,197,NULL,'2019-09-08 16:51:26',0,'2019-09-08 16:51:26',0,'2019-09-08 16:51:26',NULL),(202,'Alberto','Russo','alberto.russo@email.com','$2a$08$EfoMXblxEFhBxSCOxI/bju0G4oVwGgtCig6INKKOJbchvNw5XhoTW','th_283ddebb-6adf-48d2-8ea2-227dfea60802.jpg','1995-11-20','Student. Internet enthusiast. Gamer. Web scholar. Evil alcohol lover. Beer fanatic. Zombie nerd. Freelance creator.',1,'2019-09-08 16:51:27','2019-09-08 16:51:27',0,0,0,1,198,NULL,'2019-09-08 16:51:27',0,'2019-09-08 16:51:27',0,'2019-09-08 16:51:27',NULL),(203,'Valerio De','Luca','valerio de.luca@email.com','$2a$08$EfoMXblxEFhBxSCOxI/bju0G4oVwGgtCig6INKKOJbchvNw5XhoTW','th_cd224442-7df8-4df4-b4bf-d9a0afe7a23b.jpg','1989-11-03','Gamer. Twitter advocate. Lifelong beer guru. Devoted reader. Social media aficionado.',1,'2019-09-08 16:51:28','2019-09-08 16:51:28',0,0,0,1,199,NULL,'2019-09-08 16:51:28',0,'2019-09-08 16:51:28',0,'2019-09-08 16:51:28',NULL),(204,'Gianluca','Vitali','gianluca.vitali@email.com','$2a$08$EfoMXblxEFhBxSCOxI/bju0G4oVwGgtCig6INKKOJbchvNw5XhoTW','th_530ededa-a15b-4c14-ae6f-c2d3c88993e3.jpg','1998-04-09','Food lover. Incurable tvaholic. Travel expert. Friendly bacon practitioner. Analyst. Avid writer. Music nerd.',1,'2019-09-08 16:51:29','2019-09-08 16:51:29',0,0,0,1,200,NULL,'2019-09-08 16:51:29',0,'2019-09-08 16:51:29',0,'2019-09-08 16:51:29',NULL),(205,'Francesco','Grassi','francesco.grassi@email.com','$2a$08$EfoMXblxEFhBxSCOxI/bju0G4oVwGgtCig6INKKOJbchvNw5XhoTW','th_73564e5c-71ab-48b5-ae2d-1f2c8b7dd7fe.jpg','1999-03-16','Pop culture advocate. Reader. Food fanatic. Alcohol trailblazer. Tv nerd. Coffee expert.',1,'2019-09-08 16:51:31','2019-09-08 16:51:31',0,0,0,1,201,NULL,'2019-09-08 16:51:31',0,'2019-09-08 16:51:31',0,'2019-09-08 16:51:31',NULL),(206,'Davide','Bruno','davide.bruno@email.com','$2a$08$EfoMXblxEFhBxSCOxI/bju0G4oVwGgtCig6INKKOJbchvNw5XhoTW','th_4d402c4a-803b-4186-b562-928382ee47e6.jpg','1993-07-26','Creator. Organizer. Troublemaker. Food junkie. Tvaholic. Explorer. Coffee scholar. Bacon ninja. General web nerd.',1,'2019-09-08 16:51:32','2019-09-08 16:51:32',0,0,0,1,202,NULL,'2019-09-08 16:51:31',0,'2019-09-08 16:51:31',0,'2019-09-08 16:51:31',NULL),(207,'Luca','Esposito','luca.esposito@email.com','$2a$08$EfoMXblxEFhBxSCOxI/bju0G4oVwGgtCig6INKKOJbchvNw5XhoTW','th_a346d4a8-7470-435e-8e57-4a1459353f41.jpg','1999-05-17','Music junkie. Friendly pop culture fanatic. Beer fan. Problem solver. Twitter specialist. Freelance alcohol ninja. Bacon trailblazer.',1,'2019-09-08 16:51:33','2019-09-08 16:51:33',0,0,0,1,203,NULL,'2019-09-08 16:51:33',0,'2019-09-08 16:51:33',0,'2019-09-08 16:51:33',NULL),(208,'Lorenzo','Galli','lorenzo.galli@email.com','$2a$08$EfoMXblxEFhBxSCOxI/bju0G4oVwGgtCig6INKKOJbchvNw5XhoTW','th_0f0e6de9-d8ca-452e-aeb1-28c395298f5b.jpg','1991-07-11','Typical music enthusiast. Proud reader. Passionate travel specialist. Twitter practitioner. Student.',1,'2019-09-08 16:51:34','2019-09-08 16:51:34',0,0,0,1,204,NULL,'2019-09-08 16:51:34',0,'2019-09-08 16:51:34',0,'2019-09-08 16:51:34',NULL),(209,'Giulio','Negri','giulio.negri@email.com','$2a$08$EfoMXblxEFhBxSCOxI/bju0G4oVwGgtCig6INKKOJbchvNw5XhoTW','th_c75899d7-a12e-498e-b380-f2c49ead0100.jpg','1992-09-03','Reader. Writer. Alcohol guru. Certified zombie ninja. Social media fanatic. Beer geek. Tv scholar. Entrepreneur. Internet fan.',1,'2019-09-08 16:51:35','2019-09-08 16:51:35',0,0,0,1,205,NULL,'2019-09-08 16:51:35',0,'2019-09-08 16:51:35',0,'2019-09-08 16:51:35',NULL),(210,'Nicol','Giannini','nicol.giannini@email.com','$2a$08$EfoMXblxEFhBxSCOxI/bju0G4oVwGgtCig6INKKOJbchvNw5XhoTW','th_c116846a-e69a-499b-95fd-57460190ad8e.jpg','1991-04-28','Web maven. Total zombie trailblazer. Travel aficionado. Social media scholar. Lifelong troublemaker.',1,'2019-09-08 16:51:36','2019-09-08 16:51:36',0,0,0,1,206,NULL,'2019-09-08 16:51:36',0,'2019-09-08 16:51:36',0,'2019-09-08 16:51:36',NULL),(211,'','','anton.vasilev@email.com','$2a$08$EfoMXblxEFhBxSCOxI/bju0G4oVwGgtCig6INKKOJbchvNw5XhoTW','th_dd1f07a4-cbb2-4f5b-b35e-55de23ada19b.jpg','1999-10-13','Subtly charming analyst. Future teen idol. Pop culture advocate. Explorer. Total zombie lover. Award-winning social media ninja. Student.',1,'2019-09-08 16:51:37','2019-09-08 16:51:37',0,0,0,1,207,NULL,'2019-09-08 16:51:37',0,'2019-09-08 16:51:37',0,'2019-09-08 16:51:37',NULL),(212,'','','edgar.nikolaev@email.com','$2a$08$EfoMXblxEFhBxSCOxI/bju0G4oVwGgtCig6INKKOJbchvNw5XhoTW','th_6aaf1dab-5894-4f12-b449-7bcebea9a6a7.jpg','1995-08-19','Pop cultureaholic. Tv guru. Student. Certified explorer. Freelance introvert. Problem solver. Food maven.',1,'2019-09-08 16:51:38','2019-09-08 16:51:38',0,0,0,1,208,NULL,'2019-09-08 16:51:38',0,'2019-09-08 16:51:38',0,'2019-09-08 16:51:38',NULL),(213,'','','vasiliy.abramov@email.com','$2a$08$EfoMXblxEFhBxSCOxI/bju0G4oVwGgtCig6INKKOJbchvNw5XhoTW','th_c5eedb2d-c50c-4d86-94e4-0aeb257880aa.jpg','1989-10-02','Problem solver. Incurable internetaholic. Analyst. Zombie ninja. Troublemaker.',1,'2019-09-08 16:51:39','2019-09-08 16:51:39',0,0,0,1,209,NULL,'2019-09-08 16:51:39',0,'2019-09-08 16:51:39',0,'2019-09-08 16:51:39',NULL),(214,'','','vitaliy.evseev@email.com','$2a$08$EfoMXblxEFhBxSCOxI/bju0G4oVwGgtCig6INKKOJbchvNw5XhoTW','th_470f6f19-5fe7-4de1-bc5c-374fc3f0b663.jpg','1991-10-27','Lifelong coffee advocate. Problem solver. Communicator. Falls down a lot.',1,'2019-09-08 16:51:40','2019-09-08 16:51:40',0,0,0,1,210,NULL,'2019-09-08 16:51:40',0,'2019-09-08 16:51:40',0,'2019-09-08 16:51:40',NULL),(215,'','','filipp.ivanov@email.com','$2a$08$EfoMXblxEFhBxSCOxI/bju0G4oVwGgtCig6INKKOJbchvNw5XhoTW','th_48e6dac0-dd77-4b6c-b528-da04280bb021.jpg','1990-01-15','Web junkie. Music geek. Bacon fanatic. Extreme food evangelist. Wannabe social media fan. Tv expert. General alcohol specialist. Evil twitter advocate.',1,'2019-09-08 16:51:41','2019-09-08 16:51:41',0,0,0,1,211,NULL,'2019-09-08 16:51:41',0,'2019-09-08 16:51:41',0,'2019-09-08 16:51:41',NULL),(216,'Kai','Shaw','kai.shaw@email.com','$2a$08$EfoMXblxEFhBxSCOxI/bju0G4oVwGgtCig6INKKOJbchvNw5XhoTW','th_3cfd3990-5abd-4b36-a5c6-26acd8b24883.jpg','1994-11-01','Social media fanatic. Entrepreneur. Amateur beer ninja. Web advocate. Introvert. Tv enthusiast. Professional reader. Twitter expert.',1,'2019-09-08 16:51:42','2019-09-08 16:51:42',0,0,0,1,212,NULL,'2019-09-08 16:51:42',0,'2019-09-08 16:51:42',0,'2019-09-08 16:51:42',NULL),(217,'Bradley','White','bradley.white@email.com','$2a$08$EfoMXblxEFhBxSCOxI/bju0G4oVwGgtCig6INKKOJbchvNw5XhoTW','th_56a04b60-b120-4ac3-9a5d-b889ba927961.jpg','1990-07-05','General communicator. Typical troublemaker. Avid zombie scholar. Travel trailblazer. Analyst. Food fanatic.',1,'2019-09-08 16:51:43','2019-09-08 16:51:43',0,0,0,1,213,NULL,'2019-09-08 16:51:43',0,'2019-09-08 16:51:43',0,'2019-09-08 16:51:43',NULL),(218,'Frederick','Taylor','frederick.taylor@email.com','$2a$08$EfoMXblxEFhBxSCOxI/bju0G4oVwGgtCig6INKKOJbchvNw5XhoTW','th_c3141733-48b2-442f-8c3b-23eb01ee21ea.jpg','1991-08-22','Alcohol junkie. Introvert. Amateur tv fan. Beer specialist. Problem solver. Student.',1,'2019-09-08 16:51:44','2019-09-08 16:51:44',0,0,0,1,214,NULL,'2019-09-08 16:51:44',0,'2019-09-08 16:51:44',0,'2019-09-08 16:51:44',NULL),(219,'Andrew','Martin','andrew.martin@email.com','$2a$08$EfoMXblxEFhBxSCOxI/bju0G4oVwGgtCig6INKKOJbchvNw5XhoTW','th_bdc5c5d0-836b-4b40-b48d-c60629dd7966.jpg','1992-05-22','Food maven. Web fan. Internet enthusiast. Friendly social media lover. General zombie trailblazer. Beeraholic. Coffee fanatic. Tv junkie.',1,'2019-09-08 16:51:45','2019-09-08 16:51:45',0,0,0,1,215,NULL,'2019-09-08 16:51:45',0,'2019-09-08 16:51:45',0,'2019-09-08 16:51:45',NULL),(220,'Kieran','Davies','kieran.davies@email.com','$2a$08$EfoMXblxEFhBxSCOxI/bju0G4oVwGgtCig6INKKOJbchvNw5XhoTW','th_db48c220-5212-4892-9330-72d26780bb81.jpg','1990-11-05','Introvert. Coffee lover. Lifelong music aficionado. Beer fan. Social media specialist. Proud bacon enthusiast.',1,'2019-09-08 16:51:46','2019-09-08 16:51:46',0,0,0,1,216,NULL,'2019-09-08 16:51:46',0,'2019-09-08 16:51:46',0,'2019-09-08 16:51:46',NULL),(221,'Davide','Carbone','davide.carbone@email.com','$2a$08$EfoMXblxEFhBxSCOxI/bju0G4oVwGgtCig6INKKOJbchvNw5XhoTW','th_00cc47b1-54a5-49ca-844e-14b936e3b990.jpg','1991-11-05','Gamer. Reader. Troublemaker. Wannabe bacon expert. Internet specialist. Tv maven.',1,'2019-09-08 18:13:39','2019-09-08 18:13:39',0,0,0,1,217,NULL,'2019-09-08 18:13:39',0,'2019-09-08 18:13:39',0,'2019-09-08 18:13:39',NULL),(222,'Francesco','Piras','francesco.piras@email.com','$2a$08$EfoMXblxEFhBxSCOxI/bju0G4oVwGgtCig6INKKOJbchvNw5XhoTW','th_0b6bbdb7-57d7-4f03-b8aa-038e98fe1d48.jpg','1989-08-05','Troublemaker. Problem solver. General thinker. Certified twitter aficionado. Internet maven.',1,'2019-09-08 18:13:40','2019-09-08 18:13:40',0,0,0,1,218,NULL,'2019-09-08 18:13:40',0,'2019-09-08 18:13:40',0,'2019-09-08 18:13:40',NULL),(223,'Lorenzo','Sorrentino','lorenzo.sorrentino@email.com','$2a$08$EfoMXblxEFhBxSCOxI/bju0G4oVwGgtCig6INKKOJbchvNw5XhoTW','th_d9b1267a-6e2f-4243-953f-e8a926cbf7b8.jpg','1990-07-07','Coffee junkie. Reader. Alcohol fanatic. Award-winning internet expert. Music lover. Tv ninja.',1,'2019-09-08 18:13:41','2019-09-08 18:13:41',0,0,0,1,219,NULL,'2019-09-08 18:13:41',0,'2019-09-08 18:13:41',0,'2019-09-08 18:13:41',NULL),(224,'Matteo','Morelli','matteo.morelli@email.com','$2a$08$EfoMXblxEFhBxSCOxI/bju0G4oVwGgtCig6INKKOJbchvNw5XhoTW','th_e0672088-5291-4e1b-83c1-41da53251c3f.jpg','1990-02-06','Reader. Incurable beer practitioner. Pop culture fan. Alcohol evangelist. Web advocate. Gamer.',1,'2019-09-08 18:13:42','2019-09-08 18:13:42',0,0,0,1,220,NULL,'2019-09-08 18:13:42',0,'2019-09-08 18:13:42',0,'2019-09-08 18:13:42',NULL),(225,'Nicol','Montanari','nicol.montanari@email.com','$2a$08$EfoMXblxEFhBxSCOxI/bju0G4oVwGgtCig6INKKOJbchvNw5XhoTW','th_95683887-8050-49e9-8010-17de9e6e5c6a.jpg','1993-02-25','Music fanatic. Explorer. Creator. Alcoholaholic. Unapologetic student. Bacon buff.',1,'2019-09-08 18:13:43','2019-09-08 18:13:43',0,0,0,1,221,NULL,'2019-09-08 18:13:43',0,'2019-09-08 18:13:43',0,'2019-09-08 18:13:43',NULL),(226,'Luigi','Rizzo','luigi.rizzo@email.com','$2a$08$EfoMXblxEFhBxSCOxI/bju0G4oVwGgtCig6INKKOJbchvNw5XhoTW','th_be333b42-4752-4159-9d4e-4a57e03d08b6.jpg','1992-10-19','Amateur twitter junkie. Professional social media nerd. Introvert. Alcohol geek. Writer. Passionate music maven.',1,'2019-09-08 18:13:44','2019-09-08 18:13:44',0,0,0,1,222,NULL,'2019-09-08 18:13:44',0,'2019-09-08 18:13:44',0,'2019-09-08 18:13:44',NULL),(227,'Claudio','Bianchi','claudio.bianchi@email.com','$2a$08$EfoMXblxEFhBxSCOxI/bju0G4oVwGgtCig6INKKOJbchvNw5XhoTW','th_998817ff-2658-4546-a570-148b33f18bca.jpg','1991-08-12','Zombie fan. Web expert. Reader. Alcohol lover. Twitter scholar. Wannabe pop culture geek. Tv specialist.',1,'2019-09-08 18:13:45','2019-09-08 18:13:45',0,0,0,1,223,NULL,'2019-09-08 18:13:45',0,'2019-09-08 18:13:45',0,'2019-09-08 18:13:45',NULL),(228,'Manuel','Martino','manuel.martino@email.com','$2a$08$EfoMXblxEFhBxSCOxI/bju0G4oVwGgtCig6INKKOJbchvNw5XhoTW','th_f3061899-7ed3-419e-8ef6-c139a568489f.jpg','1998-02-20','Organizer. Devoted tv scholar. Student. Avid introvert. Award-winning twitter junkie. Food trailblazer. Passionate travel specialist. Problem solver.',1,'2019-09-08 18:13:46','2019-09-08 18:13:46',0,0,0,1,224,NULL,'2019-09-08 18:13:46',0,'2019-09-08 18:13:46',0,'2019-09-08 18:13:46',NULL),(229,'Angelo','Donati','angelo.donati@email.com','$2a$08$EfoMXblxEFhBxSCOxI/bju0G4oVwGgtCig6INKKOJbchvNw5XhoTW','th_dbaae856-8c66-4d0d-b098-2f69b691c14e.jpg','1995-10-12','Alcohol ninja. Coffee practitioner. Bacon lover. Passionate social media fanatic.',1,'2019-09-08 18:13:47','2019-09-08 18:13:47',0,0,0,1,225,NULL,'2019-09-08 18:13:47',0,'2019-09-08 18:13:47',0,'2019-09-08 18:13:47',NULL),(230,'Giacomo','Greco','giacomo.greco@email.com','$2a$08$EfoMXblxEFhBxSCOxI/bju0G4oVwGgtCig6INKKOJbchvNw5XhoTW','th_a894a5f7-b4ca-4ad2-9686-25f0b9248140.jpg','1999-06-11','Explorer. Beer aficionado. Student. Tv expert. Evil troublemaker. Music nerd. Pop culture junkie.',1,'2019-09-08 18:13:47','2019-09-08 18:13:47',0,0,0,1,226,NULL,'2019-09-08 18:13:47',0,'2019-09-08 18:13:47',0,'2019-09-08 18:13:47',NULL),(231,'','','german.jurev@email.com','$2a$08$EfoMXblxEFhBxSCOxI/bju0G4oVwGgtCig6INKKOJbchvNw5XhoTW','th_4010a139-5b8c-4ae5-8f25-bf5c6a3ed879.jpg','1997-09-23','Friend of animals everywhere. Future teen idol. Music maven. Food nerd. Entrepreneur.',1,'2019-09-08 18:13:48','2019-09-08 18:13:48',0,0,0,1,227,NULL,'2019-09-08 18:13:48',0,'2019-09-08 18:13:48',0,'2019-09-08 18:13:48',NULL),(232,'','','petr.tsvetkov@email.com','$2a$08$EfoMXblxEFhBxSCOxI/bju0G4oVwGgtCig6INKKOJbchvNw5XhoTW','th_895c4f5c-59f2-4872-9096-f963377effa3.jpg','1993-03-03','Hipster-friendly explorer. Pop culture aficionado. Zombie practitioner. Troublemaker. Alcohol nerd.',1,'2019-09-08 18:13:49','2019-09-08 18:13:49',0,0,0,1,228,NULL,'2019-09-08 18:13:49',0,'2019-09-08 18:13:49',0,'2019-09-08 18:13:49',NULL),(233,'','','fedor.moiseenko@email.com','$2a$08$EfoMXblxEFhBxSCOxI/bju0G4oVwGgtCig6INKKOJbchvNw5XhoTW','th_81929264-5ba8-45cb-a1e2-f5568d08fd8b.jpg','1992-05-28','Professional analyst. Introvert. Friendly problem solver. Certified pop culture enthusiast. Music nerd. Student. Reader. Falls down a lot.',1,'2019-09-08 18:13:50','2019-09-08 18:13:50',0,0,0,1,229,NULL,'2019-09-08 18:13:50',0,'2019-09-08 18:13:50',0,'2019-09-08 18:13:50',NULL),(234,'','','anatoliy.grigorev@email.com','$2a$08$EfoMXblxEFhBxSCOxI/bju0G4oVwGgtCig6INKKOJbchvNw5XhoTW','th_453b948d-88ad-469a-9265-8cf67bd463dc.jpg','1996-03-22','Thinker. Subtly charming student. Food maven. Friend of animals everywhere. Alcohol buff.',1,'2019-09-08 18:13:51','2019-09-08 18:13:51',0,0,0,1,230,NULL,'2019-09-08 18:13:51',0,'2019-09-08 18:13:51',0,'2019-09-08 18:13:51',NULL),(235,'','','pavel.ilin@email.com','$2a$08$EfoMXblxEFhBxSCOxI/bju0G4oVwGgtCig6INKKOJbchvNw5XhoTW','th_a0fcda3c-2780-4725-95eb-6d2694b79905.jpg','1997-05-15','Social mediaholic. Falls down a lot. Food ninja. Typical bacon lover. Evil beer buff. Coffee junkie.',1,'2019-09-08 18:13:52','2019-09-08 18:13:52',0,0,0,1,231,NULL,'2019-09-08 18:13:52',0,'2019-09-08 18:13:52',0,'2019-09-08 18:13:52',NULL),(236,'Oliver','Mason','oliver.mason@email.com','$2a$08$EfoMXblxEFhBxSCOxI/bju0G4oVwGgtCig6INKKOJbchvNw5XhoTW','th_96120c9f-b154-44cd-a00c-13df54d70f62.jpg','1995-09-04','Bacon fanatic. Food guru. Proud web practitioner. Coffee nerd. Music aficionado. Pop culture enthusiast.',1,'2019-09-08 18:13:53','2019-09-08 18:13:53',0,0,0,1,232,NULL,'2019-09-08 18:13:53',0,'2019-09-08 18:13:53',0,'2019-09-08 18:13:53',NULL),(237,'Ben','Smith','ben.smith@email.com','$2a$08$EfoMXblxEFhBxSCOxI/bju0G4oVwGgtCig6INKKOJbchvNw5XhoTW','th_96bd3774-0db3-409c-9e65-5ce137d01ae5.jpg','1993-12-27','Certified troublemaker. Tv buff. Professional social media aficionado. Total travel fanatic. Foodaholic. Web practitioner. Typical student.',1,'2019-09-08 18:13:54','2019-09-08 18:13:54',0,0,0,1,233,NULL,'2019-09-08 18:13:54',0,'2019-09-08 18:13:54',0,'2019-09-08 18:13:54',NULL),(238,'Harvey','Richards','harvey.richards@email.com','$2a$08$EfoMXblxEFhBxSCOxI/bju0G4oVwGgtCig6INKKOJbchvNw5XhoTW','th_5a3de78f-c45c-4192-9832-06abb0e1b389.jpg','1992-02-11','Food enthusiast. Reader. Internet geek. Travel fanatic. Award-winning coffee junkie. Troublemaker.',1,'2019-09-08 18:13:55','2019-09-08 18:13:55',0,0,0,1,234,NULL,'2019-09-08 18:13:55',0,'2019-09-08 18:13:55',0,'2019-09-08 18:13:55',NULL),(239,'Jamie','Williams','jamie.williams@email.com','$2a$08$EfoMXblxEFhBxSCOxI/bju0G4oVwGgtCig6INKKOJbchvNw5XhoTW','th_bda29838-1623-4a0b-bc17-28caf4674f5a.jpg','1991-04-06','Prone to fits of apathy. Unapologetic alcohol fanatic. Travel maven. Total internet evangelist. Web advocate. Creator.',1,'2019-09-08 18:13:56','2019-09-08 18:13:56',0,0,0,1,235,NULL,'2019-09-08 18:13:56',0,'2019-09-08 18:13:56',0,'2019-09-08 18:13:56',NULL),(240,'Adam','Hunt','adam.hunt@email.com','$2a$08$EfoMXblxEFhBxSCOxI/bju0G4oVwGgtCig6INKKOJbchvNw5XhoTW','th_3a6014a5-97ad-4520-9a6b-4f4148fbb3db.jpg','1992-04-23','Total music lover. Explorer. Gamer. Bacon trailblazer. Travel scholar. Problem solver.',1,'2019-09-08 18:13:57','2019-09-08 18:13:57',0,0,0,1,236,NULL,'2019-09-08 18:13:57',0,'2019-09-08 18:13:57',0,'2019-09-08 18:13:57',NULL),(241,'Giovanni','Moro','giovanni.moro@email.com','$2a$08$EfoMXblxEFhBxSCOxI/bju0G4oVwGgtCig6INKKOJbchvNw5XhoTW','th_93d674f5-7c05-49eb-bcc2-932a3ef14063.jpg','1998-07-11','Analyst. Travel fan. Reader. Web fanatic. Tv lover. Bacon buff. Food aficionado. Lifelong internet trailblazer. Thinker.',1,'2019-09-14 13:01:18','2019-09-14 13:01:18',0,0,0,1,237,NULL,'2019-09-14 13:01:18',0,'2019-09-14 13:01:18',0,'2019-09-14 13:01:18',NULL),(242,'Daniele','Cattaneo','daniele.cattaneo@email.com','$2a$08$EfoMXblxEFhBxSCOxI/bju0G4oVwGgtCig6INKKOJbchvNw5XhoTW','th_e17d2c3b-222b-453c-9e7b-76f365b6698c.jpg','1996-01-06','Tv lover. Friendly bacon ninja. Total social media trailblazer. Beer expert. Coffee advocate. Twitter practitioner.',1,'2019-09-14 13:01:19','2019-09-14 13:01:19',0,0,0,1,238,NULL,'2019-09-14 13:01:19',0,'2019-09-14 13:01:19',0,'2019-09-14 13:01:19',NULL),(243,'Giulio','Ferrari','giulio.ferrari@email.com','$2a$08$EfoMXblxEFhBxSCOxI/bju0G4oVwGgtCig6INKKOJbchvNw5XhoTW','th_0495fde3-20cd-4824-9bd6-1004a1b7cefe.jpg','1999-10-03','Prone to fits of apathy. Avid gamer. Communicator. Bacon guru. Food expert. Pop culture aficionado.',1,'2019-09-14 13:01:20','2019-09-14 13:01:20',0,0,0,1,239,NULL,'2019-09-14 13:01:20',0,'2019-09-14 13:01:20',0,'2019-09-14 13:01:20',NULL),(244,'Fabio','Rinaldi','fabio.rinaldi@email.com','$2a$08$EfoMXblxEFhBxSCOxI/bju0G4oVwGgtCig6INKKOJbchvNw5XhoTW','th_700f97d6-9653-4538-b0d8-0c30d6053ee5.jpg','1991-07-11','Organizer. Infuriatingly humble social media junkie. Travel fanatic. Beer enthusiast. Internet practitioner.',1,'2019-09-14 13:01:21','2019-09-14 13:01:21',0,0,0,1,240,NULL,'2019-09-14 13:01:21',0,'2019-09-14 13:01:21',0,'2019-09-14 13:01:21',NULL),(245,'Gianluca','Morelli','gianluca.morelli@email.com','$2a$08$EfoMXblxEFhBxSCOxI/bju0G4oVwGgtCig6INKKOJbchvNw5XhoTW','th_ce4cbe7c-1f68-402c-b4fa-982abd8da2b0.jpg','1989-03-05','Award-winning introvert. Entrepreneur. Tv lover. Avid beer maven. Twitter enthusiast.',1,'2019-09-14 13:01:22','2019-09-14 13:01:22',0,0,0,1,241,NULL,'2019-09-14 13:01:22',0,'2019-09-14 13:01:22',0,'2019-09-14 13:01:22',NULL),(246,'Andrea','Rossetti','andrea.rossetti@email.com','$2a$08$EfoMXblxEFhBxSCOxI/bju0G4oVwGgtCig6INKKOJbchvNw5XhoTW','th_036a1c62-1183-4949-a2ba-cff5585da7bd.jpg','1990-07-03','Webaholic. Coffee lover. Troublemaker. Lifelong social media evangelist. Bacon aficionado.',1,'2019-09-14 13:01:23','2019-09-14 13:01:23',0,0,0,1,242,NULL,'2019-09-14 13:01:23',0,'2019-09-14 13:01:23',0,'2019-09-14 13:01:23',NULL),(247,'Alessio','Pellegrini','alessio.pellegrini@email.com','$2a$08$EfoMXblxEFhBxSCOxI/bju0G4oVwGgtCig6INKKOJbchvNw5XhoTW','th_e4567c31-072c-4eb6-9128-107a40a98f41.jpg','1999-02-19','Food practitioner. Thinker. Falls down a lot. Bacon ninja. Amateur internet expert. Music enthusiast. Webaholic.',1,'2019-09-14 13:01:24','2019-09-14 13:01:24',0,0,0,1,243,NULL,'2019-09-14 13:01:24',0,'2019-09-14 13:01:24',0,'2019-09-14 13:01:24',NULL),(248,'Giulio','Bianchi','giulio.bianchi@email.com','$2a$08$EfoMXblxEFhBxSCOxI/bju0G4oVwGgtCig6INKKOJbchvNw5XhoTW','th_84c736d0-d9fe-4465-8439-5741f5a66158.jpg','1994-02-05','Tv enthusiast. Subtly charming beer guru. Hipster-friendly music fanatic. Total student. Infuriatingly humble pop culture fan.',1,'2019-09-14 13:01:25','2019-09-14 13:01:25',0,0,0,1,244,NULL,'2019-09-14 13:01:25',0,'2019-09-14 13:01:25',0,'2019-09-14 13:01:25',NULL),(249,'Stefano','Salvi','stefano.salvi@email.com','$2a$08$EfoMXblxEFhBxSCOxI/bju0G4oVwGgtCig6INKKOJbchvNw5XhoTW','th_e07674fc-1092-48f3-8506-4cfdb22b9ba5.jpg','1995-08-31','Bacon guru. Social mediaholic. Coffee buff. Food scholar. Beer specialist. Extreme thinker. Web ninja. Travel fan. Pop culture lover. Evil zombie enthusiast.',1,'2019-09-14 13:01:26','2019-09-14 13:01:26',0,0,0,1,245,NULL,'2019-09-14 13:01:26',0,'2019-09-14 13:01:26',0,'2019-09-14 13:01:26',NULL),(250,'Valerio','Negri','valerio.negri@email.com','$2a$08$EfoMXblxEFhBxSCOxI/bju0G4oVwGgtCig6INKKOJbchvNw5XhoTW','th_5e922882-ea6f-4f09-b9d3-a9f055e4e97f.jpg','1995-01-02','Tv fan. Amateur alcohol trailblazer. Unapologetic organizer. Communicator. Entrepreneur.',1,'2019-09-14 13:01:27','2019-09-14 13:01:27',0,0,0,1,246,NULL,'2019-09-14 13:01:27',0,'2019-09-14 13:01:27',0,'2019-09-14 13:01:27',NULL),(251,'','','nazar.semenov@email.com','$2a$08$EfoMXblxEFhBxSCOxI/bju0G4oVwGgtCig6INKKOJbchvNw5XhoTW','th_4cb1ff8c-5695-4372-9779-12511234d51e.jpg','1997-06-18','Web aficionado. Introvert. Typical pop cultureaholic. Zombie trailblazer. Food guru.',1,'2019-09-14 13:01:28','2019-09-14 13:01:28',0,0,0,1,247,NULL,'2019-09-14 13:01:28',0,'2019-09-14 13:01:28',0,'2019-09-14 13:01:28',NULL),(252,'','','anton.shestakov@email.com','$2a$08$EfoMXblxEFhBxSCOxI/bju0G4oVwGgtCig6INKKOJbchvNw5XhoTW','th_e1c1bbca-a1f7-45e8-becd-fe9c23253e98.jpg','1990-07-04','Freelance web trailblazer. Wannabe twitter buff. General thinker. Writer. Gamer. Certified zombie fan.',1,'2019-09-14 13:01:29','2019-09-14 13:01:29',0,0,0,1,248,NULL,'2019-09-14 13:01:29',0,'2019-09-14 13:01:29',0,'2019-09-14 13:01:29',NULL),(253,'','','lev.veretennikov@email.com','$2a$08$EfoMXblxEFhBxSCOxI/bju0G4oVwGgtCig6INKKOJbchvNw5XhoTW','th_b1658bc2-0068-4d5e-ab7a-b1ad338df9d0.jpg','1989-05-05','Unable to type with boxing gloves on. Proud entrepreneur. Total alcohol fan. Explorer. Food maven.',1,'2019-09-14 13:01:30','2019-09-14 13:01:30',0,0,0,1,249,NULL,'2019-09-14 13:01:30',0,'2019-09-14 13:01:30',0,'2019-09-14 13:01:30',NULL),(254,'','','andrey.alekseev@email.com','$2a$08$EfoMXblxEFhBxSCOxI/bju0G4oVwGgtCig6INKKOJbchvNw5XhoTW','th_e5027420-f9f1-4bb1-b856-6307c598a8b1.jpg','1994-07-14','Friend of animals everywhere. Zombie buff. Tv evangelist. Wannabe coffee aficionado. Explorer. Internet fanatic.',1,'2019-09-14 13:01:31','2019-09-14 13:01:31',0,0,0,1,250,NULL,'2019-09-14 13:01:31',0,'2019-09-14 13:01:31',0,'2019-09-14 13:01:31',NULL),(255,'','','boris.ribalko@email.com','$2a$08$EfoMXblxEFhBxSCOxI/bju0G4oVwGgtCig6INKKOJbchvNw5XhoTW','th_85fbd56f-6db8-4a00-a713-8f1f6cc21f43.jpg','1999-11-29','Friendly coffee specialist. Music aficionado. Amateur baconaholic. Communicator. Tv junkie. Zombie nerd. Total introvert. Internet lover.',1,'2019-09-14 13:01:32','2019-09-14 13:01:32',0,0,0,1,251,NULL,'2019-09-14 13:01:32',0,'2019-09-14 13:01:32',0,'2019-09-14 13:01:32',NULL),(256,'Dylan','Murray','dylan.murray@email.com','$2a$08$EfoMXblxEFhBxSCOxI/bju0G4oVwGgtCig6INKKOJbchvNw5XhoTW','th_7ba8d837-35d7-426b-a7d7-f6ab1384d753.jpg','1999-10-29','General communicator. Writer. Troublemaker. Alcoholaholic. Evil social media expert.',1,'2019-09-14 13:01:33','2019-09-14 13:01:33',0,0,0,1,252,NULL,'2019-09-14 13:01:33',0,'2019-09-14 13:01:33',0,'2019-09-14 13:01:33',NULL),(257,'Christopher','Scott','christopher.scott@email.com','$2a$08$EfoMXblxEFhBxSCOxI/bju0G4oVwGgtCig6INKKOJbchvNw5XhoTW','th_f2757adb-3682-463d-91b1-49a1ebfa2a27.jpg','1998-08-07','Extreme internet buff. Foodaholic. Student. Friendly entrepreneur. Web junkie. Travel enthusiast.',1,'2019-09-14 13:01:34','2019-09-14 13:01:34',0,0,0,1,253,NULL,'2019-09-14 13:01:34',0,'2019-09-14 13:01:34',0,'2019-09-14 13:01:34',NULL),(258,'Isaac','Cooper','isaac.cooper@email.com','$2a$08$EfoMXblxEFhBxSCOxI/bju0G4oVwGgtCig6INKKOJbchvNw5XhoTW','th_a6ad3464-febf-4d05-87c5-38b48994c364.jpg','1999-05-17','Unable to type with boxing gloves on. Professional reader. Avid baconaholic. Communicator. Social media buff. Tv nerd.',1,'2019-09-14 13:01:35','2019-09-14 13:01:35',0,0,0,1,254,NULL,'2019-09-14 13:01:35',0,'2019-09-14 13:01:35',0,'2019-09-14 13:01:35',NULL),(259,'George','Ross','george.ross@email.com','$2a$08$EfoMXblxEFhBxSCOxI/bju0G4oVwGgtCig6INKKOJbchvNw5XhoTW','th_3ab98bc4-1a0c-4362-91a4-d611acbe19b9.jpg','1993-12-24','Music enthusiast. Organizer. Twitter nerd. Internet aficionado. Thinker. Evil reader.',1,'2019-09-14 13:01:36','2019-09-14 13:01:36',0,0,0,1,255,NULL,'2019-09-14 13:01:36',0,'2019-09-14 13:01:36',0,'2019-09-14 13:01:36',NULL),(260,'Ben','Butler','ben.butler@email.com','$2a$08$EfoMXblxEFhBxSCOxI/bju0G4oVwGgtCig6INKKOJbchvNw5XhoTW','th_7f92c9eb-daa4-4190-b56a-9161586a9b32.jpg','1991-01-10','Communicator. Beer buff. Travel enthusiast. Evil coffee geek. Hardcore twitter fan. Extreme social media expert. Zombie fanatic.',1,'2019-09-14 13:01:37','2019-09-14 13:01:37',0,0,0,1,256,NULL,'2019-09-14 13:01:37',0,'2019-09-14 13:01:37',0,'2019-09-14 13:01:37',NULL);
/*!40000 ALTER TABLE `AK_USER` ENABLE KEYS */;
UNLOCK TABLES;

--
-- Table structure for table `AK_USER_AUTHORITY`
--

DROP TABLE IF EXISTS `AK_USER_AUTHORITY`;
/*!40101 SET @saved_cs_client     = @@character_set_client */;
/*!50503 SET character_set_client = utf8mb4 */;
CREATE TABLE `AK_USER_AUTHORITY` (
  `ID` int(11) NOT NULL AUTO_INCREMENT,
  `USER_ID` int(11) NOT NULL,
  `AUTHORITY_ID` int(11) NOT NULL,
  PRIMARY KEY (`ID`),
  UNIQUE KEY `USER_AUTHORITY_USER_ID_AUTHORITY_ID_U` (`USER_ID`,`AUTHORITY_ID`),
  KEY `USER_AUTHORITY_AUTHORITY_ID_FK` (`AUTHORITY_ID`),
  CONSTRAINT `USER_AUTHORITY_AUTHORITY_ID_FK` FOREIGN KEY (`AUTHORITY_ID`) REFERENCES `AK_AUTHORITY` (`ID`) ON DELETE CASCADE ON UPDATE CASCADE,
  CONSTRAINT `USER_AUTHORITY_USER_ID_FK` FOREIGN KEY (`USER_ID`) REFERENCES `AK_USER` (`ID`) ON DELETE CASCADE ON UPDATE CASCADE
) ENGINE=InnoDB AUTO_INCREMENT=258 DEFAULT CHARSET=utf8mb4 COLLATE=utf8mb4_0900_ai_ci;
/*!40101 SET character_set_client = @saved_cs_client */;

--
-- Dumping data for table `AK_USER_AUTHORITY`
--

LOCK TABLES `AK_USER_AUTHORITY` WRITE;
/*!40000 ALTER TABLE `AK_USER_AUTHORITY` DISABLE KEYS */;
INSERT INTO `AK_USER_AUTHORITY` VALUES (1,1,1),(2,1,2),(3,2,1),(4,4,1),(5,5,1),(6,6,1),(7,7,1),(8,8,1),(9,9,1),(10,10,1),(11,11,1),(12,12,1),(13,13,1),(14,14,1),(15,15,1),(16,16,1),(17,17,1),(18,18,1),(19,19,1),(20,20,1),(21,21,1),(22,22,1),(23,23,1),(24,24,1),(25,25,1),(26,26,1),(27,27,1),(28,28,1),(29,29,1),(30,30,1),(31,31,1),(32,32,1),(33,33,1),(34,34,1),(35,35,1),(36,36,1),(37,37,1),(38,38,1),(39,39,1),(40,40,1),(41,41,1),(42,42,1),(43,43,1),(44,44,1),(45,45,1),(46,46,1),(47,47,1),(48,48,1),(49,49,1),(50,50,1),(51,51,1),(52,52,1),(53,53,1),(54,54,1),(55,55,1),(56,56,1),(57,57,1),(58,58,1),(59,59,1),(60,60,1),(61,61,1),(62,62,1),(63,63,1),(64,64,1),(65,65,1),(66,66,1),(67,67,1),(68,68,1),(69,69,1),(70,70,1),(71,71,1),(72,72,1),(73,73,1),(74,74,1),(75,75,1),(76,76,1),(77,77,1),(78,78,1),(79,79,1),(80,80,1),(81,81,1),(82,82,1),(83,83,1),(84,84,1),(85,85,1),(86,86,1),(87,87,1),(88,88,1),(89,89,1),(90,90,1),(91,91,1),(92,92,1),(93,93,1),(94,94,1),(95,95,1),(96,96,1),(97,97,1),(98,98,1),(99,99,1),(100,100,1),(101,101,1),(102,102,1),(103,103,1),(104,104,1),(105,105,1),(106,106,1),(107,107,1),(108,108,1),(109,109,1),(110,110,1),(111,111,1),(112,112,1),(113,113,1),(114,114,1),(115,115,1),(116,116,1),(117,117,1),(118,118,1),(119,119,1),(120,120,1),(121,121,1),(122,122,1),(123,123,1),(124,124,1),(125,125,1),(126,126,1),(127,127,1),(128,128,1),(129,129,1),(130,130,1),(131,131,1),(132,132,1),(133,133,1),(134,134,1),(135,135,1),(136,136,1),(137,137,1),(138,138,1),(139,139,1),(140,140,1),(141,141,1),(142,142,1),(143,143,1),(144,144,1),(145,146,1),(146,147,1),(147,148,1),(148,149,1),(149,150,1),(150,151,1),(151,152,1),(152,153,1),(153,154,1),(154,155,1),(155,156,1),(156,157,1),(157,158,1),(158,159,1),(159,160,1),(160,161,1),(161,162,1),(162,163,1),(163,164,1),(164,165,1),(165,166,1),(166,167,1),(167,168,1),(168,169,1),(169,170,1),(170,171,1),(171,172,1),(172,173,1),(173,174,1),(174,175,1),(175,176,1),(176,177,1),(177,178,1),(178,180,1),(179,181,1),(180,182,1),(181,183,1),(182,184,1),(183,185,1),(184,186,1),(185,187,1),(186,188,1),(187,189,1),(188,190,1),(189,191,1),(190,192,1),(191,193,1),(192,194,1),(193,195,1),(194,196,1),(195,197,1),(196,198,1),(197,199,1),(198,201,1),(199,202,1),(200,203,1),(201,204,1),(202,205,1),(203,206,1),(204,207,1),(205,208,1),(206,209,1),(207,210,1),(208,211,1),(209,212,1),(210,213,1),(211,214,1),(212,215,1),(213,216,1),(214,217,1),(215,218,1),(216,219,1),(217,220,1),(218,221,1),(219,222,1),(220,223,1),(221,224,1),(222,225,1),(223,226,1),(224,227,1),(225,228,1),(226,229,1),(227,230,1),(228,231,1),(229,232,1),(230,233,1),(231,234,1),(232,235,1),(233,236,1),(234,237,1),(235,238,1),(236,239,1),(237,240,1),(238,241,1),(239,242,1),(240,243,1),(241,244,1),(242,245,1),(243,246,1),(244,247,1),(245,248,1),(246,249,1),(247,250,1),(248,251,1),(249,252,1),(250,253,1),(251,254,1),(252,255,1),(253,256,1),(254,257,1),(255,258,1),(256,259,1),(257,260,1);
/*!40000 ALTER TABLE `AK_USER_AUTHORITY` ENABLE KEYS */;
UNLOCK TABLES;

--
-- Table structure for table `AK_USER_IMAGE`
--

DROP TABLE IF EXISTS `AK_USER_IMAGE`;
/*!40101 SET @saved_cs_client     = @@character_set_client */;
/*!50503 SET character_set_client = utf8mb4 */;
CREATE TABLE `AK_USER_IMAGE` (
  `ID` int(11) NOT NULL AUTO_INCREMENT,
  `USER_ID` int(11) NOT NULL,
  `IMAGE_NAME` varchar(255) DEFAULT NULL,
  `POSITION` int(11) NOT NULL,
  PRIMARY KEY (`ID`),
  UNIQUE KEY `USER_IMAGE_USER_ID_POSITION_U` (`USER_ID`,`POSITION`),
  CONSTRAINT `USER_IMAGE_USER_ID_FK` FOREIGN KEY (`USER_ID`) REFERENCES `AK_USER` (`ID`) ON DELETE CASCADE ON UPDATE CASCADE
) ENGINE=InnoDB AUTO_INCREMENT=258 DEFAULT CHARSET=utf8mb4 COLLATE=utf8mb4_0900_ai_ci;
/*!40101 SET character_set_client = @saved_cs_client */;

--
-- Dumping data for table `AK_USER_IMAGE`
--

LOCK TABLES `AK_USER_IMAGE` WRITE;
/*!40000 ALTER TABLE `AK_USER_IMAGE` DISABLE KEYS */;
INSERT INTO `AK_USER_IMAGE` VALUES (1,1,NULL,1),(2,1,NULL,2),(3,4,'a6fb82ea-5bd8-4bab-af06-98d00cd765db.jpg',1),(4,5,'58cc76b7-22e1-49af-8523-ecc08378c88d.jpg',1),(5,6,'10a9f943-eafb-42c3-88c9-9f6ce7afcbb9.jpg',1),(6,7,'5db563d3-c055-4331-b6d2-e5085cd2e7f9.jpg',1),(7,8,'c871508e-ffb5-4649-9f3c-0c645c19b5b6.jpg',1),(8,9,'7e673b43-2229-481d-b05a-82e42e0767e5.jpg',1),(9,10,'8894b032-4b4b-490b-ace3-035716c59320.jpg',1),(10,11,'85708b2e-d33b-4a5b-8d3d-4ffd4510b70e.jpg',1),(11,12,'66b5ef8b-2c19-49be-9ff6-4f47896d4770.jpg',1),(12,13,'ae2ebed8-cc83-4f32-9d32-35b6ad12b32b.jpg',1),(13,14,'c076980f-9f53-4e70-aed2-3c73ca628b7d.jpg',1),(14,15,'788f13bb-d62e-4715-9433-23fab458af9a.jpg',1),(15,16,'b18add39-d86e-4776-8f8a-89b5f6e4b7e9.jpg',1),(16,17,'5a2b7e65-9c27-4181-a977-d606eb11b56a.jpg',1),(17,18,'62e63f92-30d5-445f-a119-baec821e6c36.jpg',1),(18,19,'e9af5e2d-6e6e-4a4a-b81d-420ee8ec9b8c.jpg',1),(19,20,'b934af00-5c1e-4585-abca-f192a1c17e72.jpg',1),(20,21,'775bd6c1-0587-4b3c-b021-fc9089fe4158.jpg',1),(21,22,'7d5f0ccf-bfcd-4a6e-8d2a-2e193673d55a.jpg',1),(22,23,'2a561fcf-df3a-4c2f-9c42-a1ec246c6178.jpg',1),(23,24,'2a681a33-8c62-4856-83a9-1cc5f7968056.jpg',1),(24,25,'a813f505-c9cc-4e6c-b2a4-85a4ee7cbe2d.jpg',1),(25,26,'45d528aa-ac9f-42b2-b1f3-b38e4613b4a2.jpg',1),(26,27,'292ba292-61eb-4145-b60d-09de1db6bfb4.jpg',1),(27,28,'c004ea7b-81e9-499f-a651-01927be3ec60.jpg',1),(28,29,'4ff53492-cd04-4c51-9138-4166281f2b54.jpg',1),(29,30,'5b790bc7-079f-44fc-b874-56cd8afc4d18.jpg',1),(30,31,'19c1a48e-17a2-46b0-a337-c71745d2a0f9.jpg',1),(31,32,'9123c900-aba0-47f7-8a42-189a6afbd533.jpg',1),(32,33,'40b3ad4b-2f2e-499d-b2e0-434b77091a2d.jpg',1),(33,34,'5849d78f-41f8-4f97-80f0-47c0849c7c97.jpg',1),(34,35,'d7f1a2da-33c9-4ccb-8db6-d66026c6056d.jpg',1),(35,36,'e35ed960-ec4b-4a99-93e8-2daf35f8a32c.jpg',1),(36,37,'709504b5-8ded-4147-8af0-0f2ba121eec7.jpg',1),(37,38,'db8d7a4e-d78a-48fe-a03b-11fa044a28ed.jpg',1),(38,39,'c61064f8-ab9c-4dff-889f-88d8df0f1220.jpg',1),(39,40,'57af94c8-3d45-49c4-8f35-a8ef9685c12d.jpg',1),(40,41,'0e1f3a8c-a7c4-4863-ae96-ec89c6df47f5.jpg',1),(41,42,'cad719c9-5e92-4c0f-b087-f597b3ef7149.jpg',1),(42,43,'139fe53a-0947-4f54-a279-22b8bd6063bb.jpg',1),(43,44,'48a67e8f-faab-4c8a-8372-6ec26a3530ce.jpg',1),(44,45,'8c8ea25c-737d-40f9-959f-c4f20cfdad91.jpg',1),(45,46,'ed43a885-ca09-42df-9833-384798863b91.jpg',1),(46,47,'b7c2e804-6b65-43bf-82ea-82cf3953dd6d.jpg',1),(47,48,'08a3d188-18e8-4716-ba04-d186e707d020.jpg',1),(48,49,'32b2985d-7233-4d61-bb84-3920f4ff5ae5.jpg',1),(49,50,'c97e9ba5-937c-41f0-b03a-18bf7bc156f8.jpg',1),(50,51,'28e91472-64fa-4dd8-a113-cedcee9a8745.jpg',1),(51,52,'72663beb-95a1-445f-a25b-f341bab2adab.jpg',1),(52,53,'0e2a05b8-591e-4633-bb44-074eafec2f62.jpg',1),(53,54,'de15dfcb-3338-4e8d-9888-b428d4055ea9.jpg',1),(54,55,'0d319934-314e-482e-af00-992dc544166c.jpg',1),(55,56,'8019941a-1947-4296-88da-f180d3faa0e7.jpg',1),(56,57,'5321a0b0-3c10-443b-a1a9-61ba7a6da1bc.jpg',1),(57,58,'f9460665-8144-43db-bb0b-7f90e5aead98.jpg',1),(58,59,'975ee4b5-b983-4160-aed5-ecb5e405c221.jpg',1),(59,60,'e0b9f7eb-4a76-4672-a334-0d24ea881068.jpg',1),(60,61,'d7c92199-fc35-442e-8586-917ef00be4ea.jpg',1),(61,62,'8e2a8f76-8c5c-4b31-a90b-968a1b4ec403.jpg',1),(62,63,'a2289cd5-f2f2-44f1-80f9-86834819ddca.jpg',1),(63,64,'4e64bc89-8e82-4411-a8e3-173d2dbc8e44.jpg',1),(64,65,'de3b4865-b3d7-4bfc-bbaa-08eed3396d05.jpg',1),(65,66,'4e3406e1-7d74-4d4b-8d52-b0a23e9a4763.jpg',1),(66,67,'8d91a646-2863-4d7e-bfc3-4dc17ecb8999.jpg',1),(67,68,'2196168f-2334-4e34-96fa-9d3750be2f64.jpg',1),(68,69,'cbe0be09-3931-450a-8eb1-e21ab91fa22a.jpg',1),(69,70,'e1779904-57c0-420c-9374-7480d45fa99e.jpg',1),(70,71,'48175559-8f1b-4a99-b427-263688d32352.jpg',1),(71,72,'90c32d10-abe3-4592-86e6-04b2c0a41156.jpg',1),(72,73,'2512c4ce-198c-4269-8143-d737aae13f76.jpg',1),(73,74,'b100174f-d07c-40fe-81b2-607d2d47f175.jpg',1),(74,75,'4a787a16-e6c3-44ff-916b-8126f40dd870.jpg',1),(75,76,'93e57a58-60da-4624-ba1f-6af758967a3f.jpg',1),(76,77,'4b163cfa-0e38-4dea-9945-ebfcb326f24d.jpg',1),(77,78,'1032ca91-6fb5-41e5-803a-3d1158f72454.jpg',1),(78,79,'a4619bae-52cf-4a8f-89b0-e7d8db92bbb0.jpg',1),(79,80,'010c87b6-f725-470f-ab65-8c83735cfd2b.jpg',1),(80,81,'d74bd2e2-1904-49a0-9578-aa5945e9d194.jpg',1),(81,82,'cd5fd16d-b3c7-40d2-8fd3-3e8430dd6013.jpg',1),(82,83,'8fd049fd-2843-4240-93c3-eb871391312b.jpg',1),(83,84,'078c4c36-a3c3-4103-934f-6e3e36bdbb8e.jpg',1),(84,85,'29e3355e-f09c-445a-9d79-215aa8052dc8.jpg',1),(85,86,'17bebeba-f924-4b5d-bf7c-03d57c306759.jpg',1),(86,87,'c30ffd69-9829-4659-99b4-cd53544b5831.jpg',1),(87,88,'25a6f108-78fc-4480-b83c-fa238af26faa.jpg',1),(88,89,'a82546dd-0b92-47a8-8379-d9d4358e01db.jpg',1),(89,90,'54eb83d1-25f1-4002-8d00-e5b9baa33e71.jpg',1),(90,91,'b5f7bcfd-19fd-4997-9e78-3118c2bda861.jpg',1),(91,92,'c78e0969-b55d-407e-969a-c7818a0e781c.jpg',1),(92,93,'9e0861bd-bceb-4c12-8da8-fa0eb6f0adbe.jpg',1),(93,94,'ac027e0a-220a-46b1-af7d-ed8d58d5db64.jpg',1),(94,95,'b3b92d72-d9db-4e19-838c-a8bec9f79b45.jpg',1),(95,96,'8df8ce0f-afce-44fd-aa9a-533f46a9f6a9.jpg',1),(96,97,'7c5271ad-ddee-43e6-b34d-12c18579594a.jpg',1),(97,98,'778103a4-35d3-40ce-9170-ea1f90f35064.jpg',1),(98,99,'1272ad7f-aa84-4faa-adae-303511f7f1a9.jpg',1),(99,100,'c3bbca8c-6b0a-490c-b6ae-ea1a472d2e55.jpg',1),(100,101,'5ec3ad36-3e5d-4874-b3f2-c99e9ac5afea.jpg',1),(101,102,'2cb477fe-c6a3-4577-a4e7-e45cdc55bd32.jpg',1),(102,103,'1a1e6817-ddad-4440-a789-421226015eea.jpg',1),(103,4,'f8d2bad9-945c-4447-a779-182784229086.jpg',2),(104,104,'469316fc-e022-4ea4-958a-8ee69ef49419.jpg',1),(105,105,'4c8a75d5-7da2-447c-9b30-1f4f6815b7a3.jpg',1),(106,106,'f6d8dcfc-09de-4c3d-8d40-15f45d238e80.jpg',1),(107,107,'76349ac9-0111-456c-83ba-6872de180c6f.jpg',1),(108,108,'d1666f7b-848f-4a72-b551-807931c6ffc6.jpg',1),(109,109,'c6692f0f-d6f1-45f4-aa19-5b5cd06ca4c3.jpg',1),(110,110,'a7092f0e-fd28-42f0-b9d7-db8c78acade6.jpg',1),(111,111,'74e54b62-1a52-48a3-a682-ea42811f7936.jpg',1),(112,112,'b0b7687d-58b5-4224-893f-1c471e1c1cba.jpg',1),(113,113,'98dd4a2e-a2fa-4879-8a81-1b0804e81a9b.jpg',1),(114,114,'bbe8017b-5c58-4269-97a4-c225047b58fd.jpg',1),(115,115,'518db44e-f081-476a-9362-3c6ced34ab25.jpg',1),(116,116,'6099cc48-a8a1-4565-9a9a-dc74c468e1c0.jpg',1),(117,117,'9f13ef61-7f77-42ba-8072-64e1d3cab358.jpg',1),(118,118,'af471d2f-ed82-4133-a3c4-593ef3f52955.jpg',1),(119,119,'a0a88af7-4702-42c7-bcaf-8a1d4d22bef6.jpg',1),(120,120,'d74e7019-b860-4dac-b64c-7e444e0f24c0.jpg',1),(121,121,'4815f728-9857-4f4b-8e8e-1b95d272d568.jpg',1),(122,122,'3efbed10-2bec-4862-bacc-f6feaeea8733.jpg',1),(123,123,'01681c15-9cb5-4a64-ab2e-5cdc391e4669.jpg',1),(124,4,'0f34ee06-4e89-4239-b1d0-a0195aa60a05.jpg',3),(125,124,'325b7425-dd2d-45a2-a587-bfbd97c9f40a.jpg',1),(126,125,'475ee8c2-5ee9-44c9-ace2-c4b6b0a1e13d.jpg',1),(127,126,'24aeaae0-f4c4-4f80-b975-fcf085c1bc75.jpg',1),(128,127,'5d81df8a-526a-48e2-8922-a649357a3c89.jpg',1),(129,128,'c5a5fc2a-f852-41af-8e27-ee05f576335e.jpg',1),(130,129,'1aebcfb7-5ee5-4ac4-8238-c93ff0993516.jpg',1),(131,130,'ad24df8e-3a92-4b74-af9c-7e390dc0d85e.jpg',1),(132,131,'127c3e7f-9f35-4782-bd46-e93bf08ebbba.jpg',1),(133,132,'f91eeac2-8ee8-4725-ba34-70b4d2223ec4.jpg',1),(134,133,'a80e526f-51f3-4083-ab27-e689c5fe9e3d.jpg',1),(135,134,'79f71c6c-cebe-4606-826c-c8726a5d2e82.jpg',1),(136,135,'4dc4f111-b682-4ee4-a6db-b248e8ea50d6.jpg',1),(137,136,'74826b4b-87f5-40cf-adc1-bedd8385946b.jpg',1),(138,137,'78664e05-7045-4d6c-8cd3-1f3b012794c2.jpg',1),(139,138,'8a3d35f4-c4c4-479b-84cb-0cb2a3096718.jpg',1),(140,139,'872ade7b-e572-45fa-ae0c-ae16b7ec300b.jpg',1),(141,140,'26a2aa5a-35a6-4874-8abc-c656531906e8.jpg',1),(142,141,'33a198af-caa1-4952-b585-fc06d03054e3.jpg',1),(143,142,'18458045-0c36-47f8-9cee-60966e1fe5fb.jpg',1),(144,143,'7c134b7d-a511-43ee-9ed0-5841db5be289.jpg',1),(145,146,'e7c0d515-81eb-481f-a0b9-f22170c98f6d.jpg',1),(146,147,'9aab1576-2ffa-40f7-8ad7-8917a8fdd43f.jpg',1),(147,148,'0c70e949-d56e-42ea-94b5-726886aa06cd.jpg',1),(148,149,'57911397-92c4-4bee-88a2-94aab22b2df2.jpg',1),(149,150,'983480eb-4d1f-493e-bedb-9a46a64e1484.jpg',1),(150,151,'375c5f4b-98dd-44e9-b7bb-2e3835c39b7b.jpg',1),(151,152,'711ad65a-eec9-4243-84ca-35d47a0b53fb.jpg',1),(152,153,'8890aba0-8955-4832-8d81-ce1ea1ab37f4.jpg',1),(153,154,'f14955b0-78ad-411e-a35a-cfc5be0deaa0.jpg',1),(154,155,'83954d25-3efd-49ce-aa23-314c527234fb.jpg',1),(155,156,'5e6ca599-1a72-4a3b-93b8-54415aec5bcb.jpg',1),(156,157,'f9e52fc9-0904-402e-8919-7058eacacae8.jpg',1),(157,158,'4daf73b3-6d1b-41a3-8e71-1ed8b7d3fec2.jpg',1),(158,159,'f226fde2-60ab-441f-a20e-f47128275821.jpg',1),(159,160,'a95cff23-4fef-4360-a0f7-c50c0d3fd9ce.jpg',1),(160,161,'93132f1c-0a75-4fce-8bcf-35a86f35dee2.jpg',1),(161,162,'73835d9e-d780-42a0-a851-a4293258c1f7.jpg',1),(162,163,'67c9324f-b15a-42b4-933e-5af662a7d4fe.jpg',1),(163,164,'89550da8-a0f5-4b92-9e91-f16625f8a5bf.jpg',1),(164,165,'26aa7d02-d402-426c-8ba1-2bc1d5fdff03.jpg',1),(165,166,'c6a2b5e3-7ee8-499b-b98b-a16aaabc9b99.jpg',1),(166,167,'910828f5-23fd-4ef7-bb9a-c53dc15b8791.jpg',1),(167,168,'cd4c8fb2-92ca-4b70-9ea8-f7cae4ff5a71.jpg',1),(168,169,'5c10039c-6fee-41c5-9140-8da6a459ba76.jpg',1),(169,170,'85c17a15-c445-4ee1-b9ad-a56b0414da40.jpg',1),(170,171,'afd07355-b49a-439f-bca2-b9172c7cf7aa.jpg',1),(171,172,'6423b570-96e8-4c9e-8524-e7bf21485aa8.jpg',1),(172,173,'c22a7b16-b064-46ce-8082-84a74eca8a0c.jpg',1),(173,174,'cc464769-a6fe-4fbf-a535-b28fe45e9adf.jpg',1),(174,175,'6be04852-dc3c-40c5-856a-810fbc3c9e77.jpg',1),(175,176,'66b0b7a1-6e37-4355-97e5-315210b570da.jpg',1),(176,177,'07b76794-60e4-4cd9-ad24-b3f15b4fe10e.jpg',1),(177,178,'97cc831f-3db6-42e1-9e08-63542117a5c3.jpg',1),(178,180,'f698c5ed-71c2-4144-9fe7-facd56c78724.jpg',1),(179,181,'8a679ad8-f067-40e9-9999-a2a7e8a4e9c3.jpg',1),(180,182,'4a085fd4-1438-4010-8c28-e1095d2f96e3.jpg',1),(181,183,'25abf9d1-b8ae-42c9-bc8d-acf01bc78571.jpg',1),(182,184,'62f5f345-66e8-4a3e-a59b-2be22469da46.jpg',1),(183,185,'00b53a6f-f22f-4af5-aeed-1146fe2362c2.jpg',1),(184,186,'8c74a273-96ae-4249-bf1b-39d3217b4550.jpg',1),(185,187,'888410f2-8e5b-4f1f-a03c-9b1f79ee96d3.jpg',1),(186,188,'139a674b-660d-419f-9407-3939f8bae057.jpg',1),(187,189,'13720142-1cb3-4b60-8921-6f2fbc145650.jpg',1),(188,190,'cff20db2-c1b4-4438-b867-1d38b60ab08c.jpg',1),(189,191,'b7e652bb-213f-48af-a74a-a5186a09dc91.jpg',1),(190,192,'77c8f0ac-3c5e-45e9-b4fd-7bffac26b0fa.jpg',1),(191,193,'fda5f940-8deb-4132-81e3-f3ec6ff5c433.jpg',1),(192,194,'7ca81041-949b-4905-b3cd-69d64e7f9a89.jpg',1),(193,195,'c7c43af7-6de8-45e5-a39a-f2ad58fd5dcd.jpg',1),(194,196,'b61e067d-fc99-4481-a741-069e95c50705.jpg',1),(195,197,'8c0532a4-de6f-47d3-aabf-123dff2497a4.jpg',1),(196,198,'19450642-1164-4799-975a-29bd4b0a7145.jpg',1),(197,199,'60cf106d-4172-46cd-952c-c5b692577ed9.jpg',1),(198,201,'c43cca6a-2012-41b6-8b73-3fbbb815272a.jpg',1),(199,202,'283ddebb-6adf-48d2-8ea2-227dfea60802.jpg',1),(200,203,'cd224442-7df8-4df4-b4bf-d9a0afe7a23b.jpg',1),(201,204,'530ededa-a15b-4c14-ae6f-c2d3c88993e3.jpg',1),(202,205,'73564e5c-71ab-48b5-ae2d-1f2c8b7dd7fe.jpg',1),(203,206,'4d402c4a-803b-4186-b562-928382ee47e6.jpg',1),(204,207,'a346d4a8-7470-435e-8e57-4a1459353f41.jpg',1),(205,208,'0f0e6de9-d8ca-452e-aeb1-28c395298f5b.jpg',1),(206,209,'c75899d7-a12e-498e-b380-f2c49ead0100.jpg',1),(207,210,'c116846a-e69a-499b-95fd-57460190ad8e.jpg',1),(208,211,'dd1f07a4-cbb2-4f5b-b35e-55de23ada19b.jpg',1),(209,212,'6aaf1dab-5894-4f12-b449-7bcebea9a6a7.jpg',1),(210,213,'c5eedb2d-c50c-4d86-94e4-0aeb257880aa.jpg',1),(211,214,'470f6f19-5fe7-4de1-bc5c-374fc3f0b663.jpg',1),(212,215,'48e6dac0-dd77-4b6c-b528-da04280bb021.jpg',1),(213,216,'3cfd3990-5abd-4b36-a5c6-26acd8b24883.jpg',1),(214,217,'56a04b60-b120-4ac3-9a5d-b889ba927961.jpg',1),(215,218,'c3141733-48b2-442f-8c3b-23eb01ee21ea.jpg',1),(216,219,'bdc5c5d0-836b-4b40-b48d-c60629dd7966.jpg',1),(217,220,'db48c220-5212-4892-9330-72d26780bb81.jpg',1),(218,221,'00cc47b1-54a5-49ca-844e-14b936e3b990.jpg',1),(219,222,'0b6bbdb7-57d7-4f03-b8aa-038e98fe1d48.jpg',1),(220,223,'d9b1267a-6e2f-4243-953f-e8a926cbf7b8.jpg',1),(221,224,'e0672088-5291-4e1b-83c1-41da53251c3f.jpg',1),(222,225,'95683887-8050-49e9-8010-17de9e6e5c6a.jpg',1),(223,226,'be333b42-4752-4159-9d4e-4a57e03d08b6.jpg',1),(224,227,'998817ff-2658-4546-a570-148b33f18bca.jpg',1),(225,228,'f3061899-7ed3-419e-8ef6-c139a568489f.jpg',1),(226,229,'dbaae856-8c66-4d0d-b098-2f69b691c14e.jpg',1),(227,230,'a894a5f7-b4ca-4ad2-9686-25f0b9248140.jpg',1),(228,231,'4010a139-5b8c-4ae5-8f25-bf5c6a3ed879.jpg',1),(229,232,'895c4f5c-59f2-4872-9096-f963377effa3.jpg',1),(230,233,'81929264-5ba8-45cb-a1e2-f5568d08fd8b.jpg',1),(231,234,'453b948d-88ad-469a-9265-8cf67bd463dc.jpg',1),(232,235,'a0fcda3c-2780-4725-95eb-6d2694b79905.jpg',1),(233,236,'96120c9f-b154-44cd-a00c-13df54d70f62.jpg',1),(234,237,'96bd3774-0db3-409c-9e65-5ce137d01ae5.jpg',1),(235,238,'5a3de78f-c45c-4192-9832-06abb0e1b389.jpg',1),(236,239,'bda29838-1623-4a0b-bc17-28caf4674f5a.jpg',1),(237,240,'3a6014a5-97ad-4520-9a6b-4f4148fbb3db.jpg',1),(238,241,'93d674f5-7c05-49eb-bcc2-932a3ef14063.jpg',1),(239,242,'e17d2c3b-222b-453c-9e7b-76f365b6698c.jpg',1),(240,243,'0495fde3-20cd-4824-9bd6-1004a1b7cefe.jpg',1),(241,244,'700f97d6-9653-4538-b0d8-0c30d6053ee5.jpg',1),(242,245,'ce4cbe7c-1f68-402c-b4fa-982abd8da2b0.jpg',1),(243,246,'036a1c62-1183-4949-a2ba-cff5585da7bd.jpg',1),(244,247,'e4567c31-072c-4eb6-9128-107a40a98f41.jpg',1),(245,248,'84c736d0-d9fe-4465-8439-5741f5a66158.jpg',1),(246,249,'e07674fc-1092-48f3-8506-4cfdb22b9ba5.jpg',1),(247,250,'5e922882-ea6f-4f09-b9d3-a9f055e4e97f.jpg',1),(248,251,'4cb1ff8c-5695-4372-9779-12511234d51e.jpg',1),(249,252,'e1c1bbca-a1f7-45e8-becd-fe9c23253e98.jpg',1),(250,253,'b1658bc2-0068-4d5e-ab7a-b1ad338df9d0.jpg',1),(251,254,'e5027420-f9f1-4bb1-b856-6307c598a8b1.jpg',1),(252,255,'85fbd56f-6db8-4a00-a713-8f1f6cc21f43.jpg',1),(253,256,'7ba8d837-35d7-426b-a7d7-f6ab1384d753.jpg',1),(254,257,'f2757adb-3682-463d-91b1-49a1ebfa2a27.jpg',1),(255,258,'a6ad3464-febf-4d05-87c5-38b48994c364.jpg',1),(256,259,'3ab98bc4-1a0c-4362-91a4-d611acbe19b9.jpg',1),(257,260,'7f92c9eb-daa4-4190-b56a-9161586a9b32.jpg',1);
/*!40000 ALTER TABLE `AK_USER_IMAGE` ENABLE KEYS */;
UNLOCK TABLES;

--
-- Table structure for table `oauth_access_token`
--

DROP TABLE IF EXISTS `oauth_access_token`;
/*!40101 SET @saved_cs_client     = @@character_set_client */;
/*!50503 SET character_set_client = utf8mb4 */;
CREATE TABLE `oauth_access_token` (
  `token_id` varchar(256) DEFAULT NULL,
  `token` varbinary(1024) DEFAULT NULL,
  `authentication_id` varchar(256) NOT NULL,
  `user_name` varchar(256) DEFAULT NULL,
  `client_id` varchar(256) DEFAULT NULL,
  `authentication` varbinary(4096) DEFAULT NULL,
  `refresh_token` varchar(256) DEFAULT NULL,
  PRIMARY KEY (`authentication_id`)
) ENGINE=InnoDB DEFAULT CHARSET=utf8mb4 COLLATE=utf8mb4_0900_ai_ci;
/*!40101 SET character_set_client = @saved_cs_client */;

--
-- Dumping data for table `oauth_access_token`
--

LOCK TABLES `oauth_access_token` WRITE;
/*!40000 ALTER TABLE `oauth_access_token` DISABLE KEYS */;
INSERT INTO `oauth_access_token` VALUES ('3b31e7da7b89f7feaa4a3d6ea05a0a2b',_binary '\\0sr\0Corg.springframework.security.oauth2.common.DefaultOAuth2AccessToken6$\\0L\0additionalInformationt\0Ljava/util/Map;L\0\nexpirationt\0Ljava/util/Date;L\0refreshTokent\0?Lorg/springframework/security/oauth2/common/OAuth2RefreshToken;L\0scopet\0Ljava/util/Set;L\0	tokenTypet\0Ljava/lang/String;L\0valueq\0~\0xpsr\0java.util.Collections$EmptyMapY6Z\\\\0\0xpsr\0java.util.DatehjKYt\0\0xpw\0\0m6<h\xsr\0Lorg.springframework.security.oauth2.common.DefaultExpiringOAuth2RefreshToken/\Gc\\0L\0\nexpirationq\0~\0xr\0Dorg.springframework.security.oauth2.common.DefaultOAuth2RefreshTokens\\ncT\^\0L\0valueq\0~\0xpt\0$7bf41fbb-a72e-45a3-bcc8-c5f12760c7f0sq\0~\0	w\0\0m\eoxsr\0%java.util.Collections$UnmodifiableSetU\0\0xr\0,java.util.Collections$UnmodifiableCollectionB\0\^\\0L\0ct\0Ljava/util/Collection;xpsr\0java.util.LinkedHashSet\l\Z\*\0\0xr\0java.util.HashSetD4\0\0xpw\0\0\0?@\0\0\0\0\0t\0readt\0writext\0bearert\0$c8e3bd19-ac51-4025-b148-4079422140e0','1f3abc610ca40144266f732c88a4c37a','email1@email.com','spring-security-oauth2-read-write-client',_binary '\\0sr\0Aorg.springframework.security.oauth2.provider.OAuth2Authentication@bR\0L\0\rstoredRequestt\0<Lorg/springframework/security/oauth2/provider/OAuth2Request;L\0userAuthenticationt\02Lorg/springframework/security/core/Authentication;xr\0Gorg.springframework.security.authentication.AbstractAuthenticationToken(~nGd\0Z\0\rauthenticatedL\0authoritiest\0Ljava/util/Collection;L\0detailst\0Ljava/lang/Object;xp\0sr\0&java.util.Collections$UnmodifiableList%1\\0L\0listt\0Ljava/util/List;xr\0,java.util.Collections$UnmodifiableCollectionB\0\^\\0L\0cq\0~\0xpsr\0java.util.ArrayListx\\a\0I\0sizexp\0\0\0w\0\0\0sr\0Borg.springframework.security.core.authority.SimpleGrantedAuthority\0\0\0\0\0\0\0L\0rolet\0Ljava/lang/String;xpt\0USERsq\0~\0\rt\0ADMINxq\0~\0psr\0:org.springframework.security.oauth2.provider.OAuth2Request\0\0\0\0\0\0\0\0Z\0approvedL\0authoritiesq\0~\0L\0\nextensionst\0Ljava/util/Map;L\0redirectUriq\0~\0L\0refresht\0;Lorg/springframework/security/oauth2/provider/TokenRequest;L\0resourceIdst\0Ljava/util/Set;L\0\rresponseTypesq\0~\0xr\08org.springframework.security.oauth2.provider.BaseRequest6(z>qi\0L\0clientIdq\0~\0L\0requestParametersq\0~\0L\0scopeq\0~\0xpt\0(spring-security-oauth2-read-write-clientsr\0%java.util.Collections$UnmodifiableMap\t\B\0L\0mq\0~\0xpsr\0java.util.HashMap\\`\\0F\0\nloadFactorI\0	thresholdxp?@\0\0\0\0\0w\0\0\0\0\0\0t\0\ngrant_typet\0passwordt\0usernamet\0email1@email.comt\0scopet\0\0xsr\0%java.util.Collections$UnmodifiableSetU\0\0xq\0~\0	sr\0java.util.LinkedHashSet\l\Z\*\0\0xr\0java.util.HashSetD4\0\0xpw\0\0\0?@\0\0\0\0\0t\0readt\0writexsq\0~\0\'w\0\0\0?@\0\0\0\0\0sq\0~\0\rt\0USERxsq\0~\0?@\0\0\0\0\0\0w\0\0\0\0\0\0\0xppsq\0~\0\'w\0\0\0?@\0\0\0\0\0t\0resource-server-rest-apixsq\0~\0\'w\0\0\0?@\0\0\0\0\0\0xsr\0Oorg.springframework.security.authentication.UsernamePasswordAuthenticationToken\0\0\0\0\0\0\0L\0credentialsq\0~\0L\0	principalq\0~\0xq\0~\0sq\0~\0sq\0~\0\0\0\0w\0\0\0q\0~\0q\0~\0xq\0~\05sr\0java.util.LinkedHashMap4N\\l\0Z\0accessOrderxq\0~\0?@\0\0\0\0\0w\0\0\0\0\0\0q\0~\0q\0~\0q\0~\0 q\0~\0!q\0~\0\"q\0~\0#x\0psr\0)com.icebreaker.be.auth.UserDetailsDefault4\k*Q\0L\0usert\0&Lcom/icebreaker/be/service/model/User;xpsr\0$com.icebreaker.be.service.model.UserUp+@b\\0Z\0accountExpiredZ\0\raccountLockedZ\0credentialsExpiredZ\0enabledI\0idL\0authoritiesq\0~\0L\0bioq\0~\0L\0birthdayt\0Ljava/time/LocalDate;L\0	createdAtt\0Ljava/time/LocalDateTime;L\0creditst\0(Lcom/icebreaker/be/service/model/Credit;L\0emailq\0~\0L\0	firstNameq\0~\0L\0fullNameq\0~\0L\0gendert\0(Lcom/icebreaker/be/service/model/Gender;L\0imgUrlq\0~\0L\0	invitedByt\0Ljava/lang/Integer;L\0lastNameq\0~\0L\0lastSeenq\0~\0=L\0passwordHashq\0~\0xp\0\0\0\0\0\0sq\0~\0\0\0\0w\0\0\0sr\0)com.icebreaker.be.service.model.AuthorityMZF\\0I\0idL\0nameq\0~\0xp\0\0\0q\0~\0sq\0~\0C\0\0\0q\0~\0xpsr\0\rjava.time.Ser]\"H\0\0xpw\0\0\xsq\0~\0Fw\n\0\0\\Z$\xpt\0email1@email.comt\0FirstName 1t\0FirstName 1 LastName 1pt\0+th_8e2a8f76-8c5c-4b31-a90b-968a1b4ec403.jpgsr\0java.lang.Integer\8\0I\0valuexr\0java.lang.Number\\0\0xp\0\0\0t\0\nLastName 1sq\0~\0Fw\n\0\0\	!\xt\0<$2a$08$EfoMXblxEFhBxSCOxI/bju0G4oVwGgtCig6INKKOJbchvNw5XhoTW','7a50c3c404257e15d56d88e8eab99526'),('3fdfe55896676657337a3c1c61657aef',_binary '\\0sr\0Corg.springframework.security.oauth2.common.DefaultOAuth2AccessToken6$\\0L\0additionalInformationt\0Ljava/util/Map;L\0\nexpirationt\0Ljava/util/Date;L\0refreshTokent\0?Lorg/springframework/security/oauth2/common/OAuth2RefreshToken;L\0scopet\0Ljava/util/Set;L\0	tokenTypet\0Ljava/lang/String;L\0valueq\0~\0xpsr\0java.util.Collections$EmptyMapY6Z\\\\0\0xpsr\0java.util.DatehjKYt\0\0xpw\0\0m0\\xxsr\0Lorg.springframework.security.oauth2.common.DefaultExpiringOAuth2RefreshToken/\Gc\\0L\0\nexpirationq\0~\0xr\0Dorg.springframework.security.oauth2.common.DefaultOAuth2RefreshTokens\\ncT\^\0L\0valueq\0~\0xpt\0$cddd3139-ec35-495b-8388-51a4b6a39f4esq\0~\0	w\0\0m\\xsr\0%java.util.Collections$UnmodifiableSetU\0\0xr\0,java.util.Collections$UnmodifiableCollectionB\0\^\\0L\0ct\0Ljava/util/Collection;xpsr\0java.util.LinkedHashSet\l\Z\*\0\0xr\0java.util.HashSetD4\0\0xpw\0\0\0?@\0\0\0\0\0t\0readt\0writext\0bearert\0$d07afdc3-5d7b-454e-ac54-d8c1f3ec911c','417d08f2b23716f68f2ff713ccbc035f','ilaria.monti@email.com','spring-security-oauth2-read-write-client',_binary '\\0sr\0Aorg.springframework.security.oauth2.provider.OAuth2Authentication@bR\0L\0\rstoredRequestt\0<Lorg/springframework/security/oauth2/provider/OAuth2Request;L\0userAuthenticationt\02Lorg/springframework/security/core/Authentication;xr\0Gorg.springframework.security.authentication.AbstractAuthenticationToken(~nGd\0Z\0\rauthenticatedL\0authoritiest\0Ljava/util/Collection;L\0detailst\0Ljava/lang/Object;xp\0sr\0&java.util.Collections$UnmodifiableList%1\\0L\0listt\0Ljava/util/List;xr\0,java.util.Collections$UnmodifiableCollectionB\0\^\\0L\0cq\0~\0xpsr\0java.util.ArrayListx\\a\0I\0sizexp\0\0\0w\0\0\0sr\0Borg.springframework.security.core.authority.SimpleGrantedAuthority\0\0\0\0\0\0\0L\0rolet\0Ljava/lang/String;xpt\0USERxq\0~\0psr\0:org.springframework.security.oauth2.provider.OAuth2Request\0\0\0\0\0\0\0\0Z\0approvedL\0authoritiesq\0~\0L\0\nextensionst\0Ljava/util/Map;L\0redirectUriq\0~\0L\0refresht\0;Lorg/springframework/security/oauth2/provider/TokenRequest;L\0resourceIdst\0Ljava/util/Set;L\0\rresponseTypesq\0~\0xr\08org.springframework.security.oauth2.provider.BaseRequest6(z>qi\0L\0clientIdq\0~\0L\0requestParametersq\0~\0L\0scopeq\0~\0xpt\0(spring-security-oauth2-read-write-clientsr\0%java.util.Collections$UnmodifiableMap\t\B\0L\0mq\0~\0xpsr\0java.util.HashMap\\`\\0F\0\nloadFactorI\0	thresholdxp?@\0\0\0\0\0w\0\0\0\0\0\0t\0\ngrant_typet\0passwordt\0usernamet\0ilaria.monti@email.comxsr\0%java.util.Collections$UnmodifiableSetU\0\0xq\0~\0	sr\0java.util.LinkedHashSet\l\Z\*\0\0xr\0java.util.HashSetD4\0\0xpw\0\0\0?@\0\0\0\0\0t\0readt\0writexsq\0~\0#w\0\0\0?@\0\0\0\0\0sq\0~\0\rt\0USERxsq\0~\0\Z?@\0\0\0\0\0\0w\0\0\0\0\0\0\0xppsq\0~\0#w\0\0\0?@\0\0\0\0\0t\0resource-server-rest-apixsq\0~\0#w\0\0\0?@\0\0\0\0\0\0xsr\0Oorg.springframework.security.authentication.UsernamePasswordAuthenticationToken\0\0\0\0\0\0\0L\0credentialsq\0~\0L\0	principalq\0~\0xq\0~\0sq\0~\0sq\0~\0\0\0\0w\0\0\0q\0~\0xq\0~\01sr\0java.util.LinkedHashMap4N\\l\0Z\0accessOrderxq\0~\0\Z?@\0\0\0\0\0w\0\0\0\0\0\0q\0~\0q\0~\0q\0~\0q\0~\0x\0psr\0)com.icebreaker.be.auth.UserDetailsDefault4\k*Q\0L\0usert\0&Lcom/icebreaker/be/service/model/User;xpsr\0$com.icebreaker.be.service.model.UserUp+@b\\0Z\0accountExpiredZ\0\raccountLockedZ\0credentialsExpiredZ\0enabledI\0idL\0authoritiesq\0~\0L\0bioq\0~\0L\0birthdayt\0Ljava/time/LocalDate;L\0	createdAtt\0Ljava/time/LocalDateTime;L\0creditst\0(Lcom/icebreaker/be/service/model/Credit;L\0emailq\0~\0L\0	firstNameq\0~\0L\0fullNameq\0~\0L\0gendert\0(Lcom/icebreaker/be/service/model/Gender;L\0imgUrlq\0~\0L\0	invitedByt\0Ljava/lang/Integer;L\0lastNameq\0~\0L\0lastSeenq\0~\09L\0passwordHashq\0~\0xp\0\0\0\0\0\0sq\0~\0\0\0\0w\0\0\0sr\0)com.icebreaker.be.service.model.AuthorityMZF\\0I\0idL\0nameq\0~\0xp\0\0\0q\0~\0xt\0WTv guru. Introvert. Social media expert. Travel fan. Alcohol enthusiast. Twitter ninja.sr\0\rjava.time.Ser]\"H\0\0xpw\0\0\\nxsq\0~\0Bw\n\0\0\\Z$\xpt\0ilaria.monti@email.comt\0Ilariat\0Ilaria Monti~r\0&com.icebreaker.be.service.model.Gender\0\0\0\0\0\0\0\0\0\0xr\0java.lang.Enum\0\0\0\0\0\0\0\0\0\0xpt\0FEMALEt\0+th_83105e98-8a29-4d99-848e-e443043b4ec5.jpgsr\0java.lang.Integer\8\0I\0valuexr\0java.lang.Number\\0\0xp\0\0\0t\0Montisq\0~\0Bw\n\0\0\	\xt\0<$2a$08$EfoMXblxEFhBxSCOxI/bju0G4oVwGgtCig6INKKOJbchvNw5XhoTW','bd030f4013b32d577a92ad5b47caea23'),('dcd97fa23a08826168334f6e4356b3ec',_binary '\\0sr\0Corg.springframework.security.oauth2.common.DefaultOAuth2AccessToken6$\\0L\0additionalInformationt\0Ljava/util/Map;L\0\nexpirationt\0Ljava/util/Date;L\0refreshTokent\0?Lorg/springframework/security/oauth2/common/OAuth2RefreshToken;L\0scopet\0Ljava/util/Set;L\0	tokenTypet\0Ljava/lang/String;L\0valueq\0~\0xpsr\0java.util.Collections$EmptyMapY6Z\\\\0\0xpsr\0java.util.DatehjKYt\0\0xpw\0\0mrlxsr\0Lorg.springframework.security.oauth2.common.DefaultExpiringOAuth2RefreshToken/\Gc\\0L\0\nexpirationq\0~\0xr\0Dorg.springframework.security.oauth2.common.DefaultOAuth2RefreshTokens\\ncT\^\0L\0valueq\0~\0xpt\0$9ffbbd9f-5355-480f-b3ff-1288d45d8bacsq\0~\0	w\0\0mLhxsr\0%java.util.Collections$UnmodifiableSetU\0\0xr\0,java.util.Collections$UnmodifiableCollectionB\0\^\\0L\0ct\0Ljava/util/Collection;xpsr\0java.util.LinkedHashSet\l\Z\*\0\0xr\0java.util.HashSetD4\0\0xpw\0\0\0?@\0\0\0\0\0t\0readt\0writext\0bearert\0$9d9e8611-74c8-4dd0-b684-efb4d0697c63','f35f17b2f6fb538e7c1cd649acb22ca6','email2@email.com','spring-security-oauth2-read-write-client',_binary '\\0sr\0Aorg.springframework.security.oauth2.provider.OAuth2Authentication@bR\0L\0\rstoredRequestt\0<Lorg/springframework/security/oauth2/provider/OAuth2Request;L\0userAuthenticationt\02Lorg/springframework/security/core/Authentication;xr\0Gorg.springframework.security.authentication.AbstractAuthenticationToken(~nGd\0Z\0\rauthenticatedL\0authoritiest\0Ljava/util/Collection;L\0detailst\0Ljava/lang/Object;xp\0sr\0&java.util.Collections$UnmodifiableList%1\\0L\0listt\0Ljava/util/List;xr\0,java.util.Collections$UnmodifiableCollectionB\0\^\\0L\0cq\0~\0xpsr\0java.util.ArrayListx\\a\0I\0sizexp\0\0\0w\0\0\0sr\0Borg.springframework.security.core.authority.SimpleGrantedAuthority\0\0\0\0\0\0\0L\0rolet\0Ljava/lang/String;xpt\0USERxq\0~\0psr\0:org.springframework.security.oauth2.provider.OAuth2Request\0\0\0\0\0\0\0\0Z\0approvedL\0authoritiesq\0~\0L\0\nextensionst\0Ljava/util/Map;L\0redirectUriq\0~\0L\0refresht\0;Lorg/springframework/security/oauth2/provider/TokenRequest;L\0resourceIdst\0Ljava/util/Set;L\0\rresponseTypesq\0~\0xr\08org.springframework.security.oauth2.provider.BaseRequest6(z>qi\0L\0clientIdq\0~\0L\0requestParametersq\0~\0L\0scopeq\0~\0xpt\0(spring-security-oauth2-read-write-clientsr\0%java.util.Collections$UnmodifiableMap\t\B\0L\0mq\0~\0xpsr\0java.util.HashMap\\`\\0F\0\nloadFactorI\0	thresholdxp?@\0\0\0\0\0w\0\0\0\0\0\0t\0\ngrant_typet\0passwordt\0usernamet\0email2@email.comxsr\0%java.util.Collections$UnmodifiableSetU\0\0xq\0~\0	sr\0java.util.LinkedHashSet\l\Z\*\0\0xr\0java.util.HashSetD4\0\0xpw\0\0\0?@\0\0\0\0\0t\0readt\0writexsq\0~\0#w\0\0\0?@\0\0\0\0\0sq\0~\0\rt\0USERxsq\0~\0\Z?@\0\0\0\0\0\0w\0\0\0\0\0\0\0xppsq\0~\0#w\0\0\0?@\0\0\0\0\0t\0resource-server-rest-apixsq\0~\0#w\0\0\0?@\0\0\0\0\0\0xsr\0Oorg.springframework.security.authentication.UsernamePasswordAuthenticationToken\0\0\0\0\0\0\0L\0credentialsq\0~\0L\0	principalq\0~\0xq\0~\0sq\0~\0sq\0~\0\0\0\0w\0\0\0q\0~\0xq\0~\01sr\0java.util.LinkedHashMap4N\\l\0Z\0accessOrderxq\0~\0\Z?@\0\0\0\0\0w\0\0\0\0\0\0q\0~\0q\0~\0q\0~\0q\0~\0x\0psr\0)com.icebreaker.be.auth.UserDetailsDefault4\k*Q\0L\0usert\0&Lcom/icebreaker/be/service/model/User;xpsr\0$com.icebreaker.be.service.model.User#`3\\0Z\0accountExpiredZ\0\raccountLockedI\0\nadmobCountZ\0credentialsExpiredI\0creditsZ\0enabledI\0idL\0admobUpdatedAtt\0Ljava/time/LocalDateTime;L\0authoritiesq\0~\0L\0bioq\0~\0L\0birthdayt\0Ljava/time/LocalDate;L\0	createdAtq\0~\08L\0creditsUpdatedAtq\0~\08L\0emailq\0~\0L\0	firstNameq\0~\0L\0fullNameq\0~\0L\0gendert\0(Lcom/icebreaker/be/service/model/Gender;L\0imgUrlq\0~\0L\0lastNameq\0~\0L\0lastSeenq\0~\08L\0passwordHashq\0~\0xp\0\0\0\0\0\0\0\0\0\0\n\0\0\0sr\0\rjava.time.Ser]\"H\0\0xpw\n\0\0\	$xsq\0~\0\0\0\0w\0\0\0sr\0)com.icebreaker.be.service.model.AuthorityMZF\\0I\0idL\0nameq\0~\0xp\0\0\0q\0~\0xpsq\0~\0<w\0\0\xsq\0~\0<w\n\0\0\\Z$\xsq\0~\0<w\n\0\0\	(\xt\0email2@email.comt\0FirstName 2t\0FirstName 2 LastName 2pt\0+th_ae2ebed8-cc83-4f32-9d32-35b6ad12b32b.jpgt\0\nLastName 2sq\0~\0<w\n\0\0\	(\xt\0<$2a$08$EfoMXblxEFhBxSCOxI/bju0G4oVwGgtCig6INKKOJbchvNw5XhoTW','7b4f6a8c8fcf4b11df85a23d563f8d40');
/*!40000 ALTER TABLE `oauth_access_token` ENABLE KEYS */;
UNLOCK TABLES;

--
-- Table structure for table `oauth_approvals`
--

DROP TABLE IF EXISTS `oauth_approvals`;
/*!40101 SET @saved_cs_client     = @@character_set_client */;
/*!50503 SET character_set_client = utf8mb4 */;
CREATE TABLE `oauth_approvals` (
  `userId` varchar(256) DEFAULT NULL,
  `clientId` varchar(256) DEFAULT NULL,
  `scope` varchar(256) DEFAULT NULL,
  `status` varchar(10) DEFAULT NULL,
  `expiresAt` timestamp NULL DEFAULT NULL,
  `lastModifiedAt` timestamp NULL DEFAULT NULL
) ENGINE=InnoDB DEFAULT CHARSET=utf8mb4 COLLATE=utf8mb4_0900_ai_ci;
/*!40101 SET character_set_client = @saved_cs_client */;

--
-- Dumping data for table `oauth_approvals`
--

LOCK TABLES `oauth_approvals` WRITE;
/*!40000 ALTER TABLE `oauth_approvals` DISABLE KEYS */;
/*!40000 ALTER TABLE `oauth_approvals` ENABLE KEYS */;
UNLOCK TABLES;

--
-- Table structure for table `oauth_client_details`
--

DROP TABLE IF EXISTS `oauth_client_details`;
/*!40101 SET @saved_cs_client     = @@character_set_client */;
/*!50503 SET character_set_client = utf8mb4 */;
CREATE TABLE `oauth_client_details` (
  `client_id` varchar(255) NOT NULL,
  `client_secret` varchar(255) NOT NULL,
  `web_server_redirect_uri` varchar(2048) DEFAULT NULL,
  `scope` varchar(255) DEFAULT NULL,
  `access_token_validity` int(11) DEFAULT NULL,
  `refresh_token_validity` int(11) DEFAULT NULL,
  `resource_ids` varchar(1024) DEFAULT NULL,
  `authorized_grant_types` varchar(1024) DEFAULT NULL,
  `authorities` varchar(1024) DEFAULT NULL,
  `additional_information` varchar(4096) DEFAULT NULL,
  `autoapprove` varchar(255) DEFAULT NULL,
  PRIMARY KEY (`client_id`)
) ENGINE=InnoDB DEFAULT CHARSET=utf8mb4 COLLATE=utf8mb4_0900_ai_ci;
/*!40101 SET character_set_client = @saved_cs_client */;

--
-- Dumping data for table `oauth_client_details`
--

LOCK TABLES `oauth_client_details` WRITE;
/*!40000 ALTER TABLE `oauth_client_details` DISABLE KEYS */;
INSERT INTO `oauth_client_details` VALUES ('spring-security-oauth2-read-client','$2a$04$WGq2P9egiOYoOFemBRfsiO9qTcyJtNRnPKNBl5tokP7IP.eZn93km',NULL,'read',10800,2592000,'resource-server-rest-api','password,authorization_code,refresh_token,implicit,social','USER',NULL,NULL),('spring-security-oauth2-read-write-client','$2a$04$soeOR.QFmClXeFIrhJVLWOQxfHjsJLSpWrU1iGxcMGdu.a5hvfY4W',NULL,'read,write',10800,2592000,'resource-server-rest-api','password,authorization_code,refresh_token,implicit,social','USER',NULL,NULL),('spring-security-oauth2-read-write-client-fb','$2a$04$soeOR.QFmClXeFIrhJVLWOQxfHjsJLSpWrU1iGxcMGdu.a5hvfY4W',NULL,'read,write',10800,2592000,'resource-server-rest-api','password,authorization_code,refresh_token,implicit,social','USER',NULL,NULL);
/*!40000 ALTER TABLE `oauth_client_details` ENABLE KEYS */;
UNLOCK TABLES;

--
-- Table structure for table `oauth_client_token`
--

DROP TABLE IF EXISTS `oauth_client_token`;
/*!40101 SET @saved_cs_client     = @@character_set_client */;
/*!50503 SET character_set_client = utf8mb4 */;
CREATE TABLE `oauth_client_token` (
  `token_id` varchar(256) DEFAULT NULL,
  `token` varbinary(1024) DEFAULT NULL,
  `authentication_id` varchar(256) NOT NULL,
  `user_name` varchar(256) DEFAULT NULL,
  `client_id` varchar(256) DEFAULT NULL,
  PRIMARY KEY (`authentication_id`)
) ENGINE=InnoDB DEFAULT CHARSET=utf8mb4 COLLATE=utf8mb4_0900_ai_ci;
/*!40101 SET character_set_client = @saved_cs_client */;

--
-- Dumping data for table `oauth_client_token`
--

LOCK TABLES `oauth_client_token` WRITE;
/*!40000 ALTER TABLE `oauth_client_token` DISABLE KEYS */;
/*!40000 ALTER TABLE `oauth_client_token` ENABLE KEYS */;
UNLOCK TABLES;

--
-- Table structure for table `oauth_code`
--

DROP TABLE IF EXISTS `oauth_code`;
/*!40101 SET @saved_cs_client     = @@character_set_client */;
/*!50503 SET character_set_client = utf8mb4 */;
CREATE TABLE `oauth_code` (
  `code` varchar(256) DEFAULT NULL,
  `authentication` varbinary(4096) DEFAULT NULL
) ENGINE=InnoDB DEFAULT CHARSET=utf8mb4 COLLATE=utf8mb4_0900_ai_ci;
/*!40101 SET character_set_client = @saved_cs_client */;

--
-- Dumping data for table `oauth_code`
--

LOCK TABLES `oauth_code` WRITE;
/*!40000 ALTER TABLE `oauth_code` DISABLE KEYS */;
/*!40000 ALTER TABLE `oauth_code` ENABLE KEYS */;
UNLOCK TABLES;

--
-- Table structure for table `oauth_refresh_token`
--

DROP TABLE IF EXISTS `oauth_refresh_token`;
/*!40101 SET @saved_cs_client     = @@character_set_client */;
/*!50503 SET character_set_client = utf8mb4 */;
CREATE TABLE `oauth_refresh_token` (
  `token_id` varchar(256) DEFAULT NULL,
  `token` varbinary(1024) DEFAULT NULL,
  `authentication` varbinary(4096) DEFAULT NULL
) ENGINE=InnoDB DEFAULT CHARSET=utf8mb4 COLLATE=utf8mb4_0900_ai_ci;
/*!40101 SET character_set_client = @saved_cs_client */;

--
-- Dumping data for table `oauth_refresh_token`
--

LOCK TABLES `oauth_refresh_token` WRITE;
/*!40000 ALTER TABLE `oauth_refresh_token` DISABLE KEYS */;
INSERT INTO `oauth_refresh_token` VALUES ('92942fa0586f2a85e21843b7f5b27306',_binary '\\0sr\0Lorg.springframework.security.oauth2.common.DefaultExpiringOAuth2RefreshToken/\Gc\\0L\0\nexpirationt\0Ljava/util/Date;xr\0Dorg.springframework.security.oauth2.common.DefaultOAuth2RefreshTokens\\ncT\^\0L\0valuet\0Ljava/lang/String;xpt\0$09b4e977-788d-47ab-9622-dc8302a20e10sr\0java.util.DatehjKYt\0\0xpw\0\0m\Wx',_binary '\\0sr\0Aorg.springframework.security.oauth2.provider.OAuth2Authentication@bR\0L\0\rstoredRequestt\0<Lorg/springframework/security/oauth2/provider/OAuth2Request;L\0userAuthenticationt\02Lorg/springframework/security/core/Authentication;xr\0Gorg.springframework.security.authentication.AbstractAuthenticationToken(~nGd\0Z\0\rauthenticatedL\0authoritiest\0Ljava/util/Collection;L\0detailst\0Ljava/lang/Object;xp\0sr\0&java.util.Collections$UnmodifiableList%1\\0L\0listt\0Ljava/util/List;xr\0,java.util.Collections$UnmodifiableCollectionB\0\^\\0L\0cq\0~\0xpsr\0java.util.ArrayListx\\a\0I\0sizexp\0\0\0w\0\0\0sr\0Borg.springframework.security.core.authority.SimpleGrantedAuthority\0\0\0\0\0\0\0L\0rolet\0Ljava/lang/String;xpt\0USERsq\0~\0\rt\0ADMINxq\0~\0psr\0:org.springframework.security.oauth2.provider.OAuth2Request\0\0\0\0\0\0\0\0Z\0approvedL\0authoritiesq\0~\0L\0\nextensionst\0Ljava/util/Map;L\0redirectUriq\0~\0L\0refresht\0;Lorg/springframework/security/oauth2/provider/TokenRequest;L\0resourceIdst\0Ljava/util/Set;L\0\rresponseTypesq\0~\0xr\08org.springframework.security.oauth2.provider.BaseRequest6(z>qi\0L\0clientIdq\0~\0L\0requestParametersq\0~\0L\0scopeq\0~\0xpt\0(spring-security-oauth2-read-write-clientsr\0%java.util.Collections$UnmodifiableMap\t\B\0L\0mq\0~\0xpsr\0java.util.HashMap\\`\\0F\0\nloadFactorI\0	thresholdxp?@\0\0\0\0\0w\0\0\0\0\0\0t\0\ngrant_typet\0passwordt\0usernamet\0email1@email.comt\0scopet\0\0xsr\0%java.util.Collections$UnmodifiableSetU\0\0xq\0~\0	sr\0java.util.LinkedHashSet\l\Z\*\0\0xr\0java.util.HashSetD4\0\0xpw\0\0\0?@\0\0\0\0\0t\0readt\0writexsq\0~\0\'w\0\0\0?@\0\0\0\0\0sq\0~\0\rt\0USERxsq\0~\0?@\0\0\0\0\0\0w\0\0\0\0\0\0\0xppsq\0~\0\'w\0\0\0?@\0\0\0\0\0t\0resource-server-rest-apixsq\0~\0\'w\0\0\0?@\0\0\0\0\0\0xsr\0Oorg.springframework.security.authentication.UsernamePasswordAuthenticationToken\0\0\0\0\0\0\0L\0credentialsq\0~\0L\0	principalq\0~\0xq\0~\0sq\0~\0sq\0~\0\0\0\0w\0\0\0q\0~\0q\0~\0xq\0~\05sr\0java.util.LinkedHashMap4N\\l\0Z\0accessOrderxq\0~\0?@\0\0\0\0\0w\0\0\0\0\0\0q\0~\0q\0~\0q\0~\0 q\0~\0!q\0~\0\"q\0~\0#x\0psr\0)com.icebreaker.be.auth.UserDetailsDefault4\k*Q\0L\0usert\0&Lcom/icebreaker/be/service/model/User;xpsr\0$com.icebreaker.be.service.model.User?6\\\0Z\0accountExpiredZ\0\raccountLockedZ\0credentialsExpiredI\0creditsZ\0enabledI\0idL\0authoritiesq\0~\0L\0bioq\0~\0L\0birthdayt\0Ljava/time/LocalDate;L\0	createdAtt\0Ljava/time/LocalDateTime;L\0creditsUpdatedAtq\0~\0=L\0emailq\0~\0L\0	firstNameq\0~\0L\0fullNameq\0~\0L\0gendert\0(Lcom/icebreaker/be/service/model/Gender;L\0imgUrlq\0~\0L\0lastNameq\0~\0L\0lastSeenq\0~\0=L\0passwordHashq\0~\0xp\0\0\0\0\0\0\0\0\0sq\0~\0\0\0\0w\0\0\0sr\0)com.icebreaker.be.service.model.AuthorityMZF\\0I\0idL\0nameq\0~\0xp\0\0\0q\0~\0sq\0~\0A\0\0\0q\0~\0xpsr\0\rjava.time.Ser]\"H\0\0xpw\0\0\xsq\0~\0Dw\n\0\0\\Z$\xsq\0~\0Dw\n\0\0\\n:\xt\0email1@email.comt\0FirstName 1t\0FirstName 1 LastName 1pt\0+th_8e2a8f76-8c5c-4b31-a90b-968a1b4ec403.jpgt\0\nLastName 1sq\0~\0Dw\n\0\0\	\xt\0<$2a$08$EfoMXblxEFhBxSCOxI/bju0G4oVwGgtCig6INKKOJbchvNw5XhoTW'),('581fc59401d5879763d68f2c2a5ec9d8',_binary '\\0sr\0Lorg.springframework.security.oauth2.common.DefaultExpiringOAuth2RefreshToken/\Gc\\0L\0\nexpirationt\0Ljava/util/Date;xr\0Dorg.springframework.security.oauth2.common.DefaultOAuth2RefreshTokens\\ncT\^\0L\0valuet\0Ljava/lang/String;xpt\0$fcaeaf88-5491-488b-8407-ae779bb8b778sr\0java.util.DatehjKYt\0\0xpw\0\0m.\x',_binary '\\0sr\0Aorg.springframework.security.oauth2.provider.OAuth2Authentication@bR\0L\0\rstoredRequestt\0<Lorg/springframework/security/oauth2/provider/OAuth2Request;L\0userAuthenticationt\02Lorg/springframework/security/core/Authentication;xr\0Gorg.springframework.security.authentication.AbstractAuthenticationToken(~nGd\0Z\0\rauthenticatedL\0authoritiest\0Ljava/util/Collection;L\0detailst\0Ljava/lang/Object;xp\0sr\0&java.util.Collections$UnmodifiableList%1\\0L\0listt\0Ljava/util/List;xr\0,java.util.Collections$UnmodifiableCollectionB\0\^\\0L\0cq\0~\0xpsr\0java.util.ArrayListx\\a\0I\0sizexp\0\0\0w\0\0\0sr\0Borg.springframework.security.core.authority.SimpleGrantedAuthority\0\0\0\0\0\0\0L\0rolet\0Ljava/lang/String;xpt\0USERxq\0~\0psr\0:org.springframework.security.oauth2.provider.OAuth2Request\0\0\0\0\0\0\0\0Z\0approvedL\0authoritiesq\0~\0L\0\nextensionst\0Ljava/util/Map;L\0redirectUriq\0~\0L\0refresht\0;Lorg/springframework/security/oauth2/provider/TokenRequest;L\0resourceIdst\0Ljava/util/Set;L\0\rresponseTypesq\0~\0xr\08org.springframework.security.oauth2.provider.BaseRequest6(z>qi\0L\0clientIdq\0~\0L\0requestParametersq\0~\0L\0scopeq\0~\0xpt\0(spring-security-oauth2-read-write-clientsr\0%java.util.Collections$UnmodifiableMap\t\B\0L\0mq\0~\0xpsr\0java.util.HashMap\\`\\0F\0\nloadFactorI\0	thresholdxp?@\0\0\0\0\0w\0\0\0\0\0\0t\0\ngrant_typet\0passwordt\0usernamet\0ilaria.monti@email.comxsr\0%java.util.Collections$UnmodifiableSetU\0\0xq\0~\0	sr\0java.util.LinkedHashSet\l\Z\*\0\0xr\0java.util.HashSetD4\0\0xpw\0\0\0?@\0\0\0\0\0t\0readt\0writexsq\0~\0#w\0\0\0?@\0\0\0\0\0sq\0~\0\rt\0USERxsq\0~\0\Z?@\0\0\0\0\0\0w\0\0\0\0\0\0\0xppsq\0~\0#w\0\0\0?@\0\0\0\0\0t\0resource-server-rest-apixsq\0~\0#w\0\0\0?@\0\0\0\0\0\0xsr\0Oorg.springframework.security.authentication.UsernamePasswordAuthenticationToken\0\0\0\0\0\0\0L\0credentialsq\0~\0L\0	principalq\0~\0xq\0~\0sq\0~\0sq\0~\0\0\0\0w\0\0\0q\0~\0xq\0~\01sr\0java.util.LinkedHashMap4N\\l\0Z\0accessOrderxq\0~\0\Z?@\0\0\0\0\0w\0\0\0\0\0\0q\0~\0q\0~\0q\0~\0q\0~\0x\0psr\0)com.icebreaker.be.auth.UserDetailsDefault4\k*Q\0L\0usert\0&Lcom/icebreaker/be/service/model/User;xpsr\0$com.icebreaker.be.service.model.User?6\\\0Z\0accountExpiredZ\0\raccountLockedZ\0credentialsExpiredI\0creditsZ\0enabledI\0idL\0authoritiesq\0~\0L\0bioq\0~\0L\0birthdayt\0Ljava/time/LocalDate;L\0	createdAtt\0Ljava/time/LocalDateTime;L\0creditsUpdatedAtq\0~\09L\0emailq\0~\0L\0	firstNameq\0~\0L\0fullNameq\0~\0L\0gendert\0(Lcom/icebreaker/be/service/model/Gender;L\0imgUrlq\0~\0L\0lastNameq\0~\0L\0lastSeenq\0~\09L\0passwordHashq\0~\0xp\0\0\0\0\0\0\0\0\0sq\0~\0\0\0\0w\0\0\0sr\0)com.icebreaker.be.service.model.AuthorityMZF\\0I\0idL\0nameq\0~\0xp\0\0\0q\0~\0xt\0WTv guru. Introvert. Social media expert. Travel fan. Alcohol enthusiast. Twitter ninja.sr\0\rjava.time.Ser]\"H\0\0xpw\0\0\\nxsq\0~\0@w\n\0\0\\Z$\xsq\0~\0@w\n\0\0\\n:\xt\0ilaria.monti@email.comt\0Ilariat\0Ilaria Monti~r\0&com.icebreaker.be.service.model.Gender\0\0\0\0\0\0\0\0\0\0xr\0java.lang.Enum\0\0\0\0\0\0\0\0\0\0xpt\0FEMALEt\0+th_83105e98-8a29-4d99-848e-e443043b4ec5.jpgt\0Montisq\0~\0@w\n\0\0\\n\0\xt\0<$2a$08$EfoMXblxEFhBxSCOxI/bju0G4oVwGgtCig6INKKOJbchvNw5XhoTW'),('8accc0baa863a5c7b51abca9dc56c48a',_binary '\\0sr\0Lorg.springframework.security.oauth2.common.DefaultExpiringOAuth2RefreshToken/\Gc\\0L\0\nexpirationt\0Ljava/util/Date;xr\0Dorg.springframework.security.oauth2.common.DefaultOAuth2RefreshTokens\\ncT\^\0L\0valuet\0Ljava/lang/String;xpt\0$8bdc8195-d575-4fdd-91d3-c0d298815a86sr\0java.util.DatehjKYt\0\0xpw\0\0m;hbx',_binary '\\0sr\0Aorg.springframework.security.oauth2.provider.OAuth2Authentication@bR\0L\0\rstoredRequestt\0<Lorg/springframework/security/oauth2/provider/OAuth2Request;L\0userAuthenticationt\02Lorg/springframework/security/core/Authentication;xr\0Gorg.springframework.security.authentication.AbstractAuthenticationToken(~nGd\0Z\0\rauthenticatedL\0authoritiest\0Ljava/util/Collection;L\0detailst\0Ljava/lang/Object;xp\0sr\0&java.util.Collections$UnmodifiableList%1\\0L\0listt\0Ljava/util/List;xr\0,java.util.Collections$UnmodifiableCollectionB\0\^\\0L\0cq\0~\0xpsr\0java.util.ArrayListx\\a\0I\0sizexp\0\0\0w\0\0\0sr\0Borg.springframework.security.core.authority.SimpleGrantedAuthority\0\0\0\0\0\0\0L\0rolet\0Ljava/lang/String;xpt\0USERxq\0~\0psr\0:org.springframework.security.oauth2.provider.OAuth2Request\0\0\0\0\0\0\0\0Z\0approvedL\0authoritiesq\0~\0L\0\nextensionst\0Ljava/util/Map;L\0redirectUriq\0~\0L\0refresht\0;Lorg/springframework/security/oauth2/provider/TokenRequest;L\0resourceIdst\0Ljava/util/Set;L\0\rresponseTypesq\0~\0xr\08org.springframework.security.oauth2.provider.BaseRequest6(z>qi\0L\0clientIdq\0~\0L\0requestParametersq\0~\0L\0scopeq\0~\0xpt\0(spring-security-oauth2-read-write-clientsr\0%java.util.Collections$UnmodifiableMap\t\B\0L\0mq\0~\0xpsr\0java.util.HashMap\\`\\0F\0\nloadFactorI\0	thresholdxp?@\0\0\0\0\0w\0\0\0\0\0\0t\0\ngrant_typet\0passwordt\0usernamet\0email2@email.comxsr\0%java.util.Collections$UnmodifiableSetU\0\0xq\0~\0	sr\0java.util.LinkedHashSet\l\Z\*\0\0xr\0java.util.HashSetD4\0\0xpw\0\0\0?@\0\0\0\0\0t\0readt\0writexsq\0~\0#w\0\0\0?@\0\0\0\0\0sq\0~\0\rt\0USERxsq\0~\0\Z?@\0\0\0\0\0\0w\0\0\0\0\0\0\0xppsq\0~\0#w\0\0\0?@\0\0\0\0\0t\0resource-server-rest-apixsq\0~\0#w\0\0\0?@\0\0\0\0\0\0xsr\0Oorg.springframework.security.authentication.UsernamePasswordAuthenticationToken\0\0\0\0\0\0\0L\0credentialsq\0~\0L\0	principalq\0~\0xq\0~\0sq\0~\0sq\0~\0\0\0\0w\0\0\0q\0~\0xq\0~\01sr\0java.util.LinkedHashMap4N\\l\0Z\0accessOrderxq\0~\0\Z?@\0\0\0\0\0w\0\0\0\0\0\0q\0~\0q\0~\0q\0~\0q\0~\0x\0psr\0)com.icebreaker.be.auth.UserDetailsDefault4\k*Q\0L\0usert\0&Lcom/icebreaker/be/service/model/User;xpsr\0$com.icebreaker.be.service.model.User?6\\\0Z\0accountExpiredZ\0\raccountLockedZ\0credentialsExpiredI\0creditsZ\0enabledI\0idL\0authoritiesq\0~\0L\0bioq\0~\0L\0birthdayt\0Ljava/time/LocalDate;L\0	createdAtt\0Ljava/time/LocalDateTime;L\0creditsUpdatedAtq\0~\09L\0emailq\0~\0L\0	firstNameq\0~\0L\0fullNameq\0~\0L\0gendert\0(Lcom/icebreaker/be/service/model/Gender;L\0imgUrlq\0~\0L\0lastNameq\0~\0L\0lastSeenq\0~\09L\0passwordHashq\0~\0xp\0\0\0\0\0\0\0\0\0sq\0~\0\0\0\0w\0\0\0sr\0)com.icebreaker.be.service.model.AuthorityMZF\\0I\0idL\0nameq\0~\0xp\0\0\0q\0~\0xpsr\0\rjava.time.Ser]\"H\0\0xpw\0\0\xsq\0~\0?w\n\0\0\\Z$\xsq\0~\0?w\n\0\0\\n:\xt\0email2@email.comt\0FirstName 2t\0FirstName 2 LastName 2ppt\0\nLastName 2sq\0~\0?w\n\0\0\\Z$\xt\0<$2a$08$EfoMXblxEFhBxSCOxI/bju0G4oVwGgtCig6INKKOJbchvNw5XhoTW'),('7b4f6a8c8fcf4b11df85a23d563f8d40',_binary '\\0sr\0Lorg.springframework.security.oauth2.common.DefaultExpiringOAuth2RefreshToken/\Gc\\0L\0\nexpirationt\0Ljava/util/Date;xr\0Dorg.springframework.security.oauth2.common.DefaultOAuth2RefreshTokens\\ncT\^\0L\0valuet\0Ljava/lang/String;xpt\0$9ffbbd9f-5355-480f-b3ff-1288d45d8bacsr\0java.util.DatehjKYt\0\0xpw\0\0mLhx',_binary '\\0sr\0Aorg.springframework.security.oauth2.provider.OAuth2Authentication@bR\0L\0\rstoredRequestt\0<Lorg/springframework/security/oauth2/provider/OAuth2Request;L\0userAuthenticationt\02Lorg/springframework/security/core/Authentication;xr\0Gorg.springframework.security.authentication.AbstractAuthenticationToken(~nGd\0Z\0\rauthenticatedL\0authoritiest\0Ljava/util/Collection;L\0detailst\0Ljava/lang/Object;xp\0sr\0&java.util.Collections$UnmodifiableList%1\\0L\0listt\0Ljava/util/List;xr\0,java.util.Collections$UnmodifiableCollectionB\0\^\\0L\0cq\0~\0xpsr\0java.util.ArrayListx\\a\0I\0sizexp\0\0\0w\0\0\0sr\0Borg.springframework.security.core.authority.SimpleGrantedAuthority\0\0\0\0\0\0\0L\0rolet\0Ljava/lang/String;xpt\0USERxq\0~\0psr\0:org.springframework.security.oauth2.provider.OAuth2Request\0\0\0\0\0\0\0\0Z\0approvedL\0authoritiesq\0~\0L\0\nextensionst\0Ljava/util/Map;L\0redirectUriq\0~\0L\0refresht\0;Lorg/springframework/security/oauth2/provider/TokenRequest;L\0resourceIdst\0Ljava/util/Set;L\0\rresponseTypesq\0~\0xr\08org.springframework.security.oauth2.provider.BaseRequest6(z>qi\0L\0clientIdq\0~\0L\0requestParametersq\0~\0L\0scopeq\0~\0xpt\0(spring-security-oauth2-read-write-clientsr\0%java.util.Collections$UnmodifiableMap\t\B\0L\0mq\0~\0xpsr\0java.util.HashMap\\`\\0F\0\nloadFactorI\0	thresholdxp?@\0\0\0\0\0w\0\0\0\0\0\0t\0\ngrant_typet\0passwordt\0usernamet\0email2@email.comxsr\0%java.util.Collections$UnmodifiableSetU\0\0xq\0~\0	sr\0java.util.LinkedHashSet\l\Z\*\0\0xr\0java.util.HashSetD4\0\0xpw\0\0\0?@\0\0\0\0\0t\0readt\0writexsq\0~\0#w\0\0\0?@\0\0\0\0\0sq\0~\0\rt\0USERxsq\0~\0\Z?@\0\0\0\0\0\0w\0\0\0\0\0\0\0xppsq\0~\0#w\0\0\0?@\0\0\0\0\0t\0resource-server-rest-apixsq\0~\0#w\0\0\0?@\0\0\0\0\0\0xsr\0Oorg.springframework.security.authentication.UsernamePasswordAuthenticationToken\0\0\0\0\0\0\0L\0credentialsq\0~\0L\0	principalq\0~\0xq\0~\0sq\0~\0sq\0~\0\0\0\0w\0\0\0q\0~\0xq\0~\01sr\0java.util.LinkedHashMap4N\\l\0Z\0accessOrderxq\0~\0\Z?@\0\0\0\0\0w\0\0\0\0\0\0q\0~\0q\0~\0q\0~\0q\0~\0x\0psr\0)com.icebreaker.be.auth.UserDetailsDefault4\k*Q\0L\0usert\0&Lcom/icebreaker/be/service/model/User;xpsr\0$com.icebreaker.be.service.model.User#`3\\0Z\0accountExpiredZ\0\raccountLockedI\0\nadmobCountZ\0credentialsExpiredI\0creditsZ\0enabledI\0idL\0admobUpdatedAtt\0Ljava/time/LocalDateTime;L\0authoritiesq\0~\0L\0bioq\0~\0L\0birthdayt\0Ljava/time/LocalDate;L\0	createdAtq\0~\08L\0creditsUpdatedAtq\0~\08L\0emailq\0~\0L\0	firstNameq\0~\0L\0fullNameq\0~\0L\0gendert\0(Lcom/icebreaker/be/service/model/Gender;L\0imgUrlq\0~\0L\0lastNameq\0~\0L\0lastSeenq\0~\08L\0passwordHashq\0~\0xp\0\0\0\0\0\0\0\0\0\0\n\0\0\0sr\0\rjava.time.Ser]\"H\0\0xpw\n\0\0\	$xsq\0~\0\0\0\0w\0\0\0sr\0)com.icebreaker.be.service.model.AuthorityMZF\\0I\0idL\0nameq\0~\0xp\0\0\0q\0~\0xpsq\0~\0<w\0\0\xsq\0~\0<w\n\0\0\\Z$\xsq\0~\0<w\n\0\0\	(\xt\0email2@email.comt\0FirstName 2t\0FirstName 2 LastName 2ppt\0\nLastName 2sq\0~\0<w\n\0\0\	(\xt\0<$2a$08$EfoMXblxEFhBxSCOxI/bju0G4oVwGgtCig6INKKOJbchvNw5XhoTW'),('9dd757950d0e4aac45dfad8dcebc329e',_binary '\\0sr\0Lorg.springframework.security.oauth2.common.DefaultExpiringOAuth2RefreshToken/\Gc\\0L\0\nexpirationt\0Ljava/util/Date;xr\0Dorg.springframework.security.oauth2.common.DefaultOAuth2RefreshTokens\\ncT\^\0L\0valuet\0Ljava/lang/String;xpt\0$3a2ba66e-479b-4ed9-b8ad-a28ffcc7690bsr\0java.util.DatehjKYt\0\0xpw\0\0mLx',_binary '\\0sr\0Aorg.springframework.security.oauth2.provider.OAuth2Authentication@bR\0L\0\rstoredRequestt\0<Lorg/springframework/security/oauth2/provider/OAuth2Request;L\0userAuthenticationt\02Lorg/springframework/security/core/Authentication;xr\0Gorg.springframework.security.authentication.AbstractAuthenticationToken(~nGd\0Z\0\rauthenticatedL\0authoritiest\0Ljava/util/Collection;L\0detailst\0Ljava/lang/Object;xp\0sr\0&java.util.Collections$UnmodifiableList%1\\0L\0listt\0Ljava/util/List;xr\0,java.util.Collections$UnmodifiableCollectionB\0\^\\0L\0cq\0~\0xpsr\0java.util.ArrayListx\\a\0I\0sizexp\0\0\0w\0\0\0sr\0Borg.springframework.security.core.authority.SimpleGrantedAuthority\0\0\0\0\0\0\0L\0rolet\0Ljava/lang/String;xpt\0USERsq\0~\0\rt\0ADMINxq\0~\0psr\0:org.springframework.security.oauth2.provider.OAuth2Request\0\0\0\0\0\0\0\0Z\0approvedL\0authoritiesq\0~\0L\0\nextensionst\0Ljava/util/Map;L\0redirectUriq\0~\0L\0refresht\0;Lorg/springframework/security/oauth2/provider/TokenRequest;L\0resourceIdst\0Ljava/util/Set;L\0\rresponseTypesq\0~\0xr\08org.springframework.security.oauth2.provider.BaseRequest6(z>qi\0L\0clientIdq\0~\0L\0requestParametersq\0~\0L\0scopeq\0~\0xpt\0(spring-security-oauth2-read-write-clientsr\0%java.util.Collections$UnmodifiableMap\t\B\0L\0mq\0~\0xpsr\0java.util.HashMap\\`\\0F\0\nloadFactorI\0	thresholdxp?@\0\0\0\0\0w\0\0\0\0\0\0t\0\ngrant_typet\0passwordt\0usernamet\0email1@email.comt\0scopet\0\0xsr\0%java.util.Collections$UnmodifiableSetU\0\0xq\0~\0	sr\0java.util.LinkedHashSet\l\Z\*\0\0xr\0java.util.HashSetD4\0\0xpw\0\0\0?@\0\0\0\0\0t\0readt\0writexsq\0~\0\'w\0\0\0?@\0\0\0\0\0sq\0~\0\rt\0USERxsq\0~\0?@\0\0\0\0\0\0w\0\0\0\0\0\0\0xppsq\0~\0\'w\0\0\0?@\0\0\0\0\0t\0resource-server-rest-apixsq\0~\0\'w\0\0\0?@\0\0\0\0\0\0xsr\0Oorg.springframework.security.authentication.UsernamePasswordAuthenticationToken\0\0\0\0\0\0\0L\0credentialsq\0~\0L\0	principalq\0~\0xq\0~\0sq\0~\0sq\0~\0\0\0\0w\0\0\0q\0~\0q\0~\0xq\0~\05sr\0java.util.LinkedHashMap4N\\l\0Z\0accessOrderxq\0~\0?@\0\0\0\0\0w\0\0\0\0\0\0q\0~\0q\0~\0q\0~\0 q\0~\0!q\0~\0\"q\0~\0#x\0psr\0)com.icebreaker.be.auth.UserDetailsDefault4\k*Q\0L\0usert\0&Lcom/icebreaker/be/service/model/User;xpsr\0$com.icebreaker.be.service.model.User#`3\\0Z\0accountExpiredZ\0\raccountLockedI\0\nadmobCountZ\0credentialsExpiredI\0creditsZ\0enabledI\0idL\0admobUpdatedAtt\0Ljava/time/LocalDateTime;L\0authoritiesq\0~\0L\0bioq\0~\0L\0birthdayt\0Ljava/time/LocalDate;L\0	createdAtq\0~\0<L\0creditsUpdatedAtq\0~\0<L\0emailq\0~\0L\0	firstNameq\0~\0L\0fullNameq\0~\0L\0gendert\0(Lcom/icebreaker/be/service/model/Gender;L\0imgUrlq\0~\0L\0lastNameq\0~\0L\0lastSeenq\0~\0<L\0passwordHashq\0~\0xp\0\0\0\0\0\0\0\0\0\0\0\0\0sr\0\rjava.time.Ser]\"H\0\0xpw\n\0\0\	$xsq\0~\0\0\0\0w\0\0\0sr\0)com.icebreaker.be.service.model.AuthorityMZF\\0I\0idL\0nameq\0~\0xp\0\0\0q\0~\0sq\0~\0C\0\0\0q\0~\0xpsq\0~\0@w\0\0\xsq\0~\0@w\n\0\0\\Z$\xsq\0~\0@w\n\0\0\\n:\xt\0email1@email.comt\0FirstName 1t\0FirstName 1 LastName 1pt\0+th_8e2a8f76-8c5c-4b31-a90b-968a1b4ec403.jpgt\0\nLastName 1sq\0~\0@w\n\0\0\	\xt\0<$2a$08$EfoMXblxEFhBxSCOxI/bju0G4oVwGgtCig6INKKOJbchvNw5XhoTW'),('1c5061c862e979e0aeb00b46fdae5d37',_binary '\\0sr\0Lorg.springframework.security.oauth2.common.DefaultExpiringOAuth2RefreshToken/\Gc\\0L\0\nexpirationt\0Ljava/util/Date;xr\0Dorg.springframework.security.oauth2.common.DefaultOAuth2RefreshTokens\\ncT\^\0L\0valuet\0Ljava/lang/String;xpt\0$6bb3ad94-fb65-487c-8dfb-e1919cfcf1a1sr\0java.util.DatehjKYt\0\0xpw\0\0mU>x',_binary '\\0sr\0Aorg.springframework.security.oauth2.provider.OAuth2Authentication@bR\0L\0\rstoredRequestt\0<Lorg/springframework/security/oauth2/provider/OAuth2Request;L\0userAuthenticationt\02Lorg/springframework/security/core/Authentication;xr\0Gorg.springframework.security.authentication.AbstractAuthenticationToken(~nGd\0Z\0\rauthenticatedL\0authoritiest\0Ljava/util/Collection;L\0detailst\0Ljava/lang/Object;xp\0sr\0&java.util.Collections$UnmodifiableList%1\\0L\0listt\0Ljava/util/List;xr\0,java.util.Collections$UnmodifiableCollectionB\0\^\\0L\0cq\0~\0xpsr\0java.util.ArrayListx\\a\0I\0sizexp\0\0\0w\0\0\0sr\0Borg.springframework.security.core.authority.SimpleGrantedAuthority\0\0\0\0\0\0\0L\0rolet\0Ljava/lang/String;xpt\0USERxq\0~\0psr\0:org.springframework.security.oauth2.provider.OAuth2Request\0\0\0\0\0\0\0\0Z\0approvedL\0authoritiesq\0~\0L\0\nextensionst\0Ljava/util/Map;L\0redirectUriq\0~\0L\0refresht\0;Lorg/springframework/security/oauth2/provider/TokenRequest;L\0resourceIdst\0Ljava/util/Set;L\0\rresponseTypesq\0~\0xr\08org.springframework.security.oauth2.provider.BaseRequest6(z>qi\0L\0clientIdq\0~\0L\0requestParametersq\0~\0L\0scopeq\0~\0xpt\0(spring-security-oauth2-read-write-clientsr\0%java.util.Collections$UnmodifiableMap\t\B\0L\0mq\0~\0xpsr\0java.util.HashMap\\`\\0F\0\nloadFactorI\0	thresholdxp?@\0\0\0\0\0w\0\0\0\0\0\0t\0\ngrant_typet\0passwordt\0usernamet\0ilaria.monti@email.comxsr\0%java.util.Collections$UnmodifiableSetU\0\0xq\0~\0	sr\0java.util.LinkedHashSet\l\Z\*\0\0xr\0java.util.HashSetD4\0\0xpw\0\0\0?@\0\0\0\0\0t\0readt\0writexsq\0~\0#w\0\0\0?@\0\0\0\0\0sq\0~\0\rt\0USERxsq\0~\0\Z?@\0\0\0\0\0\0w\0\0\0\0\0\0\0xppsq\0~\0#w\0\0\0?@\0\0\0\0\0t\0resource-server-rest-apixsq\0~\0#w\0\0\0?@\0\0\0\0\0\0xsr\0Oorg.springframework.security.authentication.UsernamePasswordAuthenticationToken\0\0\0\0\0\0\0L\0credentialsq\0~\0L\0	principalq\0~\0xq\0~\0sq\0~\0sq\0~\0\0\0\0w\0\0\0q\0~\0xq\0~\01sr\0java.util.LinkedHashMap4N\\l\0Z\0accessOrderxq\0~\0\Z?@\0\0\0\0\0w\0\0\0\0\0\0q\0~\0q\0~\0q\0~\0q\0~\0x\0psr\0)com.icebreaker.be.auth.UserDetailsDefault4\k*Q\0L\0usert\0&Lcom/icebreaker/be/service/model/User;xpsr\0$com.icebreaker.be.service.model.User#`3\\0Z\0accountExpiredZ\0\raccountLockedI\0\nadmobCountZ\0credentialsExpiredI\0creditsZ\0enabledI\0idL\0admobUpdatedAtt\0Ljava/time/LocalDateTime;L\0authoritiesq\0~\0L\0bioq\0~\0L\0birthdayt\0Ljava/time/LocalDate;L\0	createdAtq\0~\08L\0creditsUpdatedAtq\0~\08L\0emailq\0~\0L\0	firstNameq\0~\0L\0fullNameq\0~\0L\0gendert\0(Lcom/icebreaker/be/service/model/Gender;L\0imgUrlq\0~\0L\0lastNameq\0~\0L\0lastSeenq\0~\08L\0passwordHashq\0~\0xp\0\0\0\0\0\0\0\0\0\0\0\0\0sr\0\rjava.time.Ser]\"H\0\0xpw\n\0\0\	$xsq\0~\0\0\0\0w\0\0\0sr\0)com.icebreaker.be.service.model.AuthorityMZF\\0I\0idL\0nameq\0~\0xp\0\0\0q\0~\0xt\0WTv guru. Introvert. Social media expert. Travel fan. Alcohol enthusiast. Twitter ninja.sq\0~\0<w\0\0\\nxsq\0~\0<w\n\0\0\\Z$\xsq\0~\0<w\n\0\0\	&xt\0ilaria.monti@email.comt\0Ilariat\0Ilaria Monti~r\0&com.icebreaker.be.service.model.Gender\0\0\0\0\0\0\0\0\0\0xr\0java.lang.Enum\0\0\0\0\0\0\0\0\0\0xpt\0FEMALEt\0+th_83105e98-8a29-4d99-848e-e443043b4ec5.jpgt\0Montisq\0~\0<w\n\0\0\	%\xt\0<$2a$08$EfoMXblxEFhBxSCOxI/bju0G4oVwGgtCig6INKKOJbchvNw5XhoTW'),('f9282812fb06ae93972be2c7290622f3',_binary '\\0sr\0Lorg.springframework.security.oauth2.common.DefaultExpiringOAuth2RefreshToken/\Gc\\0L\0\nexpirationt\0Ljava/util/Date;xr\0Dorg.springframework.security.oauth2.common.DefaultOAuth2RefreshTokens\\ncT\^\0L\0valuet\0Ljava/lang/String;xpt\0$78f7b9d8-586b-4a4a-80bf-7911bc4d37dasr\0java.util.DatehjKYt\0\0xpw\0\0m\x',_binary '\\0sr\0Aorg.springframework.security.oauth2.provider.OAuth2Authentication@bR\0L\0\rstoredRequestt\0<Lorg/springframework/security/oauth2/provider/OAuth2Request;L\0userAuthenticationt\02Lorg/springframework/security/core/Authentication;xr\0Gorg.springframework.security.authentication.AbstractAuthenticationToken(~nGd\0Z\0\rauthenticatedL\0authoritiest\0Ljava/util/Collection;L\0detailst\0Ljava/lang/Object;xp\0sr\0&java.util.Collections$UnmodifiableList%1\\0L\0listt\0Ljava/util/List;xr\0,java.util.Collections$UnmodifiableCollectionB\0\^\\0L\0cq\0~\0xpsr\0java.util.ArrayListx\\a\0I\0sizexp\0\0\0w\0\0\0sr\0Borg.springframework.security.core.authority.SimpleGrantedAuthority\0\0\0\0\0\0\0L\0rolet\0Ljava/lang/String;xpt\0USERsq\0~\0\rt\0ADMINxq\0~\0psr\0:org.springframework.security.oauth2.provider.OAuth2Request\0\0\0\0\0\0\0\0Z\0approvedL\0authoritiesq\0~\0L\0\nextensionst\0Ljava/util/Map;L\0redirectUriq\0~\0L\0refresht\0;Lorg/springframework/security/oauth2/provider/TokenRequest;L\0resourceIdst\0Ljava/util/Set;L\0\rresponseTypesq\0~\0xr\08org.springframework.security.oauth2.provider.BaseRequest6(z>qi\0L\0clientIdq\0~\0L\0requestParametersq\0~\0L\0scopeq\0~\0xpt\0(spring-security-oauth2-read-write-clientsr\0%java.util.Collections$UnmodifiableMap\t\B\0L\0mq\0~\0xpsr\0java.util.HashMap\\`\\0F\0\nloadFactorI\0	thresholdxp?@\0\0\0\0\0w\0\0\0\0\0\0t\0\ngrant_typet\0passwordt\0usernamet\0email1@email.comxsr\0%java.util.Collections$UnmodifiableSetU\0\0xq\0~\0	sr\0java.util.LinkedHashSet\l\Z\*\0\0xr\0java.util.HashSetD4\0\0xpw\0\0\0?@\0\0\0\0\0t\0readt\0writexsq\0~\0%w\0\0\0?@\0\0\0\0\0sq\0~\0\rt\0USERxsq\0~\0?@\0\0\0\0\0\0w\0\0\0\0\0\0\0xppsq\0~\0%w\0\0\0?@\0\0\0\0\0t\0resource-server-rest-apixsq\0~\0%w\0\0\0?@\0\0\0\0\0\0xsr\0Oorg.springframework.security.authentication.UsernamePasswordAuthenticationToken\0\0\0\0\0\0\0L\0credentialsq\0~\0L\0	principalq\0~\0xq\0~\0sq\0~\0sq\0~\0\0\0\0w\0\0\0q\0~\0q\0~\0xq\0~\03sr\0java.util.LinkedHashMap4N\\l\0Z\0accessOrderxq\0~\0?@\0\0\0\0\0w\0\0\0\0\0\0q\0~\0q\0~\0q\0~\0 q\0~\0!x\0psr\0)com.icebreaker.be.auth.UserDetailsDefault4\k*Q\0L\0usert\0&Lcom/icebreaker/be/service/model/User;xpsr\0$com.icebreaker.be.service.model.UserQ\=\0\0Z\0accountExpiredZ\0\raccountLockedI\0\nadmobCountZ\0credentialsExpiredI\0creditsZ\0enabledI\0idL\0admobUpdatedAtt\0Ljava/time/LocalDateTime;L\0authoritiesq\0~\0L\0bioq\0~\0L\0birthdayt\0Ljava/time/LocalDate;L\0	createdAtq\0~\0:L\0creditsUpdatedAtq\0~\0:L\0emailq\0~\0L\0	firstNameq\0~\0L\0fullNameq\0~\0L\0gendert\0(Lcom/icebreaker/be/service/model/Gender;L\0imgUrlq\0~\0L\0	invitedByt\0Ljava/lang/Integer;L\0lastNameq\0~\0L\0lastSeenq\0~\0:L\0passwordHashq\0~\0xp\0\0\0\0\0\0\0\0\0\0\n\0\0\0sr\0\rjava.time.Ser]\"H\0\0xpw\n\0\0\	$xsq\0~\0\0\0\0w\0\0\0sr\0)com.icebreaker.be.service.model.AuthorityMZF\\0I\0idL\0nameq\0~\0xp\0\0\0q\0~\0sq\0~\0B\0\0\0q\0~\0xpsq\0~\0?w\0\0\xsq\0~\0?w\n\0\0\\Z$\xsq\0~\0?w\n\0\0\	\n$\xt\0email1@email.comt\0FirstName 1t\0FirstName 1 LastName 1pt\0+th_8e2a8f76-8c5c-4b31-a90b-968a1b4ec403.jpgsr\0java.lang.Integer\8\0I\0valuexr\0java.lang.Number\\0\0xp\0\0\0t\0\nLastName 1sq\0~\0?w\n\0\0\	\n)\xt\0<$2a$08$EfoMXblxEFhBxSCOxI/bju0G4oVwGgtCig6INKKOJbchvNw5XhoTW'),('d120e851546e4dccf11d831462d6bfe1',_binary '\\0sr\0Lorg.springframework.security.oauth2.common.DefaultExpiringOAuth2RefreshToken/\Gc\\0L\0\nexpirationt\0Ljava/util/Date;xr\0Dorg.springframework.security.oauth2.common.DefaultOAuth2RefreshTokens\\ncT\^\0L\0valuet\0Ljava/lang/String;xpt\0$f675f978-2221-4bc6-9f2b-336d70b94c48sr\0java.util.DatehjKYt\0\0xpw\0\0m\]2bx',_binary '\\0sr\0Aorg.springframework.security.oauth2.provider.OAuth2Authentication@bR\0L\0\rstoredRequestt\0<Lorg/springframework/security/oauth2/provider/OAuth2Request;L\0userAuthenticationt\02Lorg/springframework/security/core/Authentication;xr\0Gorg.springframework.security.authentication.AbstractAuthenticationToken(~nGd\0Z\0\rauthenticatedL\0authoritiest\0Ljava/util/Collection;L\0detailst\0Ljava/lang/Object;xp\0sr\0&java.util.Collections$UnmodifiableList%1\\0L\0listt\0Ljava/util/List;xr\0,java.util.Collections$UnmodifiableCollectionB\0\^\\0L\0cq\0~\0xpsr\0java.util.ArrayListx\\a\0I\0sizexp\0\0\0w\0\0\0sr\0Borg.springframework.security.core.authority.SimpleGrantedAuthority\0\0\0\0\0\0\0L\0rolet\0Ljava/lang/String;xpt\0USERsq\0~\0\rt\0ADMINxq\0~\0psr\0:org.springframework.security.oauth2.provider.OAuth2Request\0\0\0\0\0\0\0\0Z\0approvedL\0authoritiesq\0~\0L\0\nextensionst\0Ljava/util/Map;L\0redirectUriq\0~\0L\0refresht\0;Lorg/springframework/security/oauth2/provider/TokenRequest;L\0resourceIdst\0Ljava/util/Set;L\0\rresponseTypesq\0~\0xr\08org.springframework.security.oauth2.provider.BaseRequest6(z>qi\0L\0clientIdq\0~\0L\0requestParametersq\0~\0L\0scopeq\0~\0xpt\0(spring-security-oauth2-read-write-clientsr\0%java.util.Collections$UnmodifiableMap\t\B\0L\0mq\0~\0xpsr\0java.util.HashMap\\`\\0F\0\nloadFactorI\0	thresholdxp?@\0\0\0\0\0w\0\0\0\0\0\0t\0\ngrant_typet\0passwordt\0usernamet\0email1@email.comt\0scopet\0\0xsr\0%java.util.Collections$UnmodifiableSetU\0\0xq\0~\0	sr\0java.util.LinkedHashSet\l\Z\*\0\0xr\0java.util.HashSetD4\0\0xpw\0\0\0?@\0\0\0\0\0t\0readt\0writexsq\0~\0\'w\0\0\0?@\0\0\0\0\0sq\0~\0\rt\0USERxsq\0~\0?@\0\0\0\0\0\0w\0\0\0\0\0\0\0xppsq\0~\0\'w\0\0\0?@\0\0\0\0\0t\0resource-server-rest-apixsq\0~\0\'w\0\0\0?@\0\0\0\0\0\0xsr\0Oorg.springframework.security.authentication.UsernamePasswordAuthenticationToken\0\0\0\0\0\0\0L\0credentialsq\0~\0L\0	principalq\0~\0xq\0~\0sq\0~\0sq\0~\0\0\0\0w\0\0\0q\0~\0q\0~\0xq\0~\05sr\0java.util.LinkedHashMap4N\\l\0Z\0accessOrderxq\0~\0?@\0\0\0\0\0w\0\0\0\0\0\0q\0~\0q\0~\0q\0~\0 q\0~\0!q\0~\0\"q\0~\0#x\0psr\0)com.icebreaker.be.auth.UserDetailsDefault4\k*Q\0L\0usert\0&Lcom/icebreaker/be/service/model/User;xpsr\0$com.icebreaker.be.service.model.UserUp+@b\\0Z\0accountExpiredZ\0\raccountLockedZ\0credentialsExpiredZ\0enabledI\0idL\0authoritiesq\0~\0L\0bioq\0~\0L\0birthdayt\0Ljava/time/LocalDate;L\0	createdAtt\0Ljava/time/LocalDateTime;L\0creditst\0(Lcom/icebreaker/be/service/model/Credit;L\0emailq\0~\0L\0	firstNameq\0~\0L\0fullNameq\0~\0L\0gendert\0(Lcom/icebreaker/be/service/model/Gender;L\0imgUrlq\0~\0L\0	invitedByt\0Ljava/lang/Integer;L\0lastNameq\0~\0L\0lastSeenq\0~\0=L\0passwordHashq\0~\0xp\0\0\0\0\0\0sq\0~\0\0\0\0w\0\0\0sr\0)com.icebreaker.be.service.model.AuthorityMZF\\0I\0idL\0nameq\0~\0xp\0\0\0q\0~\0sq\0~\0C\0\0\0q\0~\0xpsr\0\rjava.time.Ser]\"H\0\0xpw\0\0\xsq\0~\0Fw\n\0\0\\Z$\xpt\0email1@email.comt\0FirstName 1t\0FirstName 1 LastName 1pt\0+th_8e2a8f76-8c5c-4b31-a90b-968a1b4ec403.jpgsr\0java.lang.Integer\8\0I\0valuexr\0java.lang.Number\\0\0xp\0\0\0t\0\nLastName 1sq\0~\0Fw\n\0\0\	:\xt\0<$2a$08$EfoMXblxEFhBxSCOxI/bju0G4oVwGgtCig6INKKOJbchvNw5XhoTW'),('bd030f4013b32d577a92ad5b47caea23',_binary '\\0sr\0Lorg.springframework.security.oauth2.common.DefaultExpiringOAuth2RefreshToken/\Gc\\0L\0\nexpirationt\0Ljava/util/Date;xr\0Dorg.springframework.security.oauth2.common.DefaultOAuth2RefreshTokens\\ncT\^\0L\0valuet\0Ljava/lang/String;xpt\0$cddd3139-ec35-495b-8388-51a4b6a39f4esr\0java.util.DatehjKYt\0\0xpw\0\0m\\x',_binary '\\0sr\0Aorg.springframework.security.oauth2.provider.OAuth2Authentication@bR\0L\0\rstoredRequestt\0<Lorg/springframework/security/oauth2/provider/OAuth2Request;L\0userAuthenticationt\02Lorg/springframework/security/core/Authentication;xr\0Gorg.springframework.security.authentication.AbstractAuthenticationToken(~nGd\0Z\0\rauthenticatedL\0authoritiest\0Ljava/util/Collection;L\0detailst\0Ljava/lang/Object;xp\0sr\0&java.util.Collections$UnmodifiableList%1\\0L\0listt\0Ljava/util/List;xr\0,java.util.Collections$UnmodifiableCollectionB\0\^\\0L\0cq\0~\0xpsr\0java.util.ArrayListx\\a\0I\0sizexp\0\0\0w\0\0\0sr\0Borg.springframework.security.core.authority.SimpleGrantedAuthority\0\0\0\0\0\0\0L\0rolet\0Ljava/lang/String;xpt\0USERxq\0~\0psr\0:org.springframework.security.oauth2.provider.OAuth2Request\0\0\0\0\0\0\0\0Z\0approvedL\0authoritiesq\0~\0L\0\nextensionst\0Ljava/util/Map;L\0redirectUriq\0~\0L\0refresht\0;Lorg/springframework/security/oauth2/provider/TokenRequest;L\0resourceIdst\0Ljava/util/Set;L\0\rresponseTypesq\0~\0xr\08org.springframework.security.oauth2.provider.BaseRequest6(z>qi\0L\0clientIdq\0~\0L\0requestParametersq\0~\0L\0scopeq\0~\0xpt\0(spring-security-oauth2-read-write-clientsr\0%java.util.Collections$UnmodifiableMap\t\B\0L\0mq\0~\0xpsr\0java.util.HashMap\\`\\0F\0\nloadFactorI\0	thresholdxp?@\0\0\0\0\0w\0\0\0\0\0\0t\0\ngrant_typet\0passwordt\0usernamet\0ilaria.monti@email.comxsr\0%java.util.Collections$UnmodifiableSetU\0\0xq\0~\0	sr\0java.util.LinkedHashSet\l\Z\*\0\0xr\0java.util.HashSetD4\0\0xpw\0\0\0?@\0\0\0\0\0t\0readt\0writexsq\0~\0#w\0\0\0?@\0\0\0\0\0sq\0~\0\rt\0USERxsq\0~\0\Z?@\0\0\0\0\0\0w\0\0\0\0\0\0\0xppsq\0~\0#w\0\0\0?@\0\0\0\0\0t\0resource-server-rest-apixsq\0~\0#w\0\0\0?@\0\0\0\0\0\0xsr\0Oorg.springframework.security.authentication.UsernamePasswordAuthenticationToken\0\0\0\0\0\0\0L\0credentialsq\0~\0L\0	principalq\0~\0xq\0~\0sq\0~\0sq\0~\0\0\0\0w\0\0\0q\0~\0xq\0~\01sr\0java.util.LinkedHashMap4N\\l\0Z\0accessOrderxq\0~\0\Z?@\0\0\0\0\0w\0\0\0\0\0\0q\0~\0q\0~\0q\0~\0q\0~\0x\0psr\0)com.icebreaker.be.auth.UserDetailsDefault4\k*Q\0L\0usert\0&Lcom/icebreaker/be/service/model/User;xpsr\0$com.icebreaker.be.service.model.UserUp+@b\\0Z\0accountExpiredZ\0\raccountLockedZ\0credentialsExpiredZ\0enabledI\0idL\0authoritiesq\0~\0L\0bioq\0~\0L\0birthdayt\0Ljava/time/LocalDate;L\0	createdAtt\0Ljava/time/LocalDateTime;L\0creditst\0(Lcom/icebreaker/be/service/model/Credit;L\0emailq\0~\0L\0	firstNameq\0~\0L\0fullNameq\0~\0L\0gendert\0(Lcom/icebreaker/be/service/model/Gender;L\0imgUrlq\0~\0L\0	invitedByt\0Ljava/lang/Integer;L\0lastNameq\0~\0L\0lastSeenq\0~\09L\0passwordHashq\0~\0xp\0\0\0\0\0\0sq\0~\0\0\0\0w\0\0\0sr\0)com.icebreaker.be.service.model.AuthorityMZF\\0I\0idL\0nameq\0~\0xp\0\0\0q\0~\0xt\0WTv guru. Introvert. Social media expert. Travel fan. Alcohol enthusiast. Twitter ninja.sr\0\rjava.time.Ser]\"H\0\0xpw\0\0\\nxsq\0~\0Bw\n\0\0\\Z$\xpt\0ilaria.monti@email.comt\0Ilariat\0Ilaria Monti~r\0&com.icebreaker.be.service.model.Gender\0\0\0\0\0\0\0\0\0\0xr\0java.lang.Enum\0\0\0\0\0\0\0\0\0\0xpt\0FEMALEt\0+th_83105e98-8a29-4d99-848e-e443043b4ec5.jpgsr\0java.lang.Integer\8\0I\0valuexr\0java.lang.Number\\0\0xp\0\0\0t\0Montisq\0~\0Bw\n\0\0\	\xt\0<$2a$08$EfoMXblxEFhBxSCOxI/bju0G4oVwGgtCig6INKKOJbchvNw5XhoTW'),('7a50c3c404257e15d56d88e8eab99526',_binary '\\0sr\0Lorg.springframework.security.oauth2.common.DefaultExpiringOAuth2RefreshToken/\Gc\\0L\0\nexpirationt\0Ljava/util/Date;xr\0Dorg.springframework.security.oauth2.common.DefaultOAuth2RefreshTokens\\ncT\^\0L\0valuet\0Ljava/lang/String;xpt\0$7bf41fbb-a72e-45a3-bcc8-c5f12760c7f0sr\0java.util.DatehjKYt\0\0xpw\0\0m\eox',_binary '\\0sr\0Aorg.springframework.security.oauth2.provider.OAuth2Authentication@bR\0L\0\rstoredRequestt\0<Lorg/springframework/security/oauth2/provider/OAuth2Request;L\0userAuthenticationt\02Lorg/springframework/security/core/Authentication;xr\0Gorg.springframework.security.authentication.AbstractAuthenticationToken(~nGd\0Z\0\rauthenticatedL\0authoritiest\0Ljava/util/Collection;L\0detailst\0Ljava/lang/Object;xp\0sr\0&java.util.Collections$UnmodifiableList%1\\0L\0listt\0Ljava/util/List;xr\0,java.util.Collections$UnmodifiableCollectionB\0\^\\0L\0cq\0~\0xpsr\0java.util.ArrayListx\\a\0I\0sizexp\0\0\0w\0\0\0sr\0Borg.springframework.security.core.authority.SimpleGrantedAuthority\0\0\0\0\0\0\0L\0rolet\0Ljava/lang/String;xpt\0USERsq\0~\0\rt\0ADMINxq\0~\0psr\0:org.springframework.security.oauth2.provider.OAuth2Request\0\0\0\0\0\0\0\0Z\0approvedL\0authoritiesq\0~\0L\0\nextensionst\0Ljava/util/Map;L\0redirectUriq\0~\0L\0refresht\0;Lorg/springframework/security/oauth2/provider/TokenRequest;L\0resourceIdst\0Ljava/util/Set;L\0\rresponseTypesq\0~\0xr\08org.springframework.security.oauth2.provider.BaseRequest6(z>qi\0L\0clientIdq\0~\0L\0requestParametersq\0~\0L\0scopeq\0~\0xpt\0(spring-security-oauth2-read-write-clientsr\0%java.util.Collections$UnmodifiableMap\t\B\0L\0mq\0~\0xpsr\0java.util.HashMap\\`\\0F\0\nloadFactorI\0	thresholdxp?@\0\0\0\0\0w\0\0\0\0\0\0t\0\ngrant_typet\0passwordt\0usernamet\0email1@email.comt\0scopet\0\0xsr\0%java.util.Collections$UnmodifiableSetU\0\0xq\0~\0	sr\0java.util.LinkedHashSet\l\Z\*\0\0xr\0java.util.HashSetD4\0\0xpw\0\0\0?@\0\0\0\0\0t\0readt\0writexsq\0~\0\'w\0\0\0?@\0\0\0\0\0sq\0~\0\rt\0USERxsq\0~\0?@\0\0\0\0\0\0w\0\0\0\0\0\0\0xppsq\0~\0\'w\0\0\0?@\0\0\0\0\0t\0resource-server-rest-apixsq\0~\0\'w\0\0\0?@\0\0\0\0\0\0xsr\0Oorg.springframework.security.authentication.UsernamePasswordAuthenticationToken\0\0\0\0\0\0\0L\0credentialsq\0~\0L\0	principalq\0~\0xq\0~\0sq\0~\0sq\0~\0\0\0\0w\0\0\0q\0~\0q\0~\0xq\0~\05sr\0java.util.LinkedHashMap4N\\l\0Z\0accessOrderxq\0~\0?@\0\0\0\0\0w\0\0\0\0\0\0q\0~\0q\0~\0q\0~\0 q\0~\0!q\0~\0\"q\0~\0#x\0psr\0)com.icebreaker.be.auth.UserDetailsDefault4\k*Q\0L\0usert\0&Lcom/icebreaker/be/service/model/User;xpsr\0$com.icebreaker.be.service.model.UserUp+@b\\0Z\0accountExpiredZ\0\raccountLockedZ\0credentialsExpiredZ\0enabledI\0idL\0authoritiesq\0~\0L\0bioq\0~\0L\0birthdayt\0Ljava/time/LocalDate;L\0	createdAtt\0Ljava/time/LocalDateTime;L\0creditst\0(Lcom/icebreaker/be/service/model/Credit;L\0emailq\0~\0L\0	firstNameq\0~\0L\0fullNameq\0~\0L\0gendert\0(Lcom/icebreaker/be/service/model/Gender;L\0imgUrlq\0~\0L\0	invitedByt\0Ljava/lang/Integer;L\0lastNameq\0~\0L\0lastSeenq\0~\0=L\0passwordHashq\0~\0xp\0\0\0\0\0\0sq\0~\0\0\0\0w\0\0\0sr\0)com.icebreaker.be.service.model.AuthorityMZF\\0I\0idL\0nameq\0~\0xp\0\0\0q\0~\0sq\0~\0C\0\0\0q\0~\0xpsr\0\rjava.time.Ser]\"H\0\0xpw\0\0\xsq\0~\0Fw\n\0\0\\Z$\xpt\0email1@email.comt\0FirstName 1t\0FirstName 1 LastName 1pt\0+th_8e2a8f76-8c5c-4b31-a90b-968a1b4ec403.jpgsr\0java.lang.Integer\8\0I\0valuexr\0java.lang.Number\\0\0xp\0\0\0t\0\nLastName 1sq\0~\0Fw\n\0\0\	!\xt\0<$2a$08$EfoMXblxEFhBxSCOxI/bju0G4oVwGgtCig6INKKOJbchvNw5XhoTW');
/*!40000 ALTER TABLE `oauth_refresh_token` ENABLE KEYS */;
UNLOCK TABLES;
/*!40103 SET TIME_ZONE=@OLD_TIME_ZONE */;

/*!40101 SET SQL_MODE=@OLD_SQL_MODE */;
/*!40014 SET FOREIGN_KEY_CHECKS=@OLD_FOREIGN_KEY_CHECKS */;
/*!40014 SET UNIQUE_CHECKS=@OLD_UNIQUE_CHECKS */;
/*!40101 SET CHARACTER_SET_CLIENT=@OLD_CHARACTER_SET_CLIENT */;
/*!40101 SET CHARACTER_SET_RESULTS=@OLD_CHARACTER_SET_RESULTS */;
/*!40101 SET COLLATION_CONNECTION=@OLD_COLLATION_CONNECTION */;
/*!40111 SET SQL_NOTES=@OLD_SQL_NOTES */;

-- Dump completed on 2019-09-15 15:49:12
